ticket_id,created_at,resolved_at,channel,category,subcategory,priority,status,sentiment,product,customer_plan,region,language,assigned_agent,message,resolution_note,resolution_time_hrs,csat_score,first_response_time_hrs,reopened,escalated,num_interactions,customer_tenure_days,first_response_at,wait_time_hrs,resolution_only_hrs,total_cycle_time_hrs,sla_target_hrs,sla_met,created_hour,created_dow,time_bucket,fcr_proxy,delay_hrs,is_inconsistent_time
TKT-00001,2025-06-01 07:35:00,,email,Feature Request,Export options,Low,In Progress,Neutral,TaskBoard,Enterprise,South Asia,English,Agent_001 (Priya S),Is there any plan to expose an API for the reporting module?,Issue fixed by agent,,,2.4,False,False,10,542,2025-06-01 09:59:00,2.4,,,72,,7,Sunday,Mañana (06-12),False,,False
TKT-00002,2024-02-16 14:49:00,2024-02-17 08:07:00,whatsapp,Refund / Return,Full refund,High,Escalated,Negative,DataDash,Enterprise,South Asia,Arabic,Agent_006 (Raj P),I was overcharged and would like a partial refund for the difference.,Escalated to engineering,17.3,,12.9,False,True,8,778,2024-02-17 03:43:00,12.9,4.4,17.3,24,1.0,14,Friday,Tarde (12-18),False,0.0,False
TKT-00003,2024-11-18 13:41:00,,helpdesk_portal,Technical Issue,Feature not working,Critical,In Progress,Negative,DataDash,Free,Southeast Asia,Spanish,Agent_004 (Omar F),My data isn't syncing across devices. Last successful sync was 10 days ago.,Issue fixed by agent,,,8.8,False,False,3,1044,2024-11-18 22:29:00,8.8,,,8,,13,Monday,Tarde (12-18),False,,False
TKT-00004,2024-01-12 10:43:00,,chat,Account Access,Account deletion,High,In Progress,Very Negative,CloudSync Pro,Professional,Southeast Asia,Hindi,Agent_005 (Sophie M),I'm having trouble with 2FA — the codes aren't working on my new phone.,Issue fixed by agent,,,20.9,False,False,11,1040,2024-01-13 07:37:00,20.9,,,24,,10,Friday,Mañana (06-12),False,,False
TKT-00005,2024-11-10 14:03:00,2024-11-13 12:45:00,chat,Feature Request,Dark mode,Low,Resolved,Very Negative,TaskBoard,Free,South Asia,English,Agent_009 (Yuki T),It would be really helpful if SecureVault supported direct integration with HubSpot.,Pending customer,70.7,1.9,18.2,False,False,12,639,2024-11-11 08:15:00,18.2,52.5,70.7,72,1.0,14,Sunday,Tarde (12-18),False,0.0,False
TKT-00006,2024-03-01 14:04:00,2024-03-05 01:16:00,email,Technical Issue,Performance slow,Medium,Closed,Negative,DataDash,Free,North America,Hindi,Agent_006 (Raj P),The app keeps crashing when I try to export a report. I'm on macOS Sonoma.,Issue fixed by agent,83.2,2.7,8.6,False,False,12,111,2024-03-01 22:40:00,8.6,74.60000000000001,83.2,48,0.0,14,Friday,Tarde (12-18),False,35.2,False
TKT-00007,2024-09-12 09:28:00,2024-09-12 22:10:00,email,Feature Request,Dark mode,Critical,Resolved,Positive,DataDash,Starter,Middle East,English,Agent_004 (Omar F),It would be really helpful if TaskBoard supported direct integration with Slack.,Issue fixed by agent,12.7,4.0,9.4,False,False,8,585,2024-09-12 18:52:00,9.4,3.299999999999999,12.7,8,0.0,9,Thursday,Mañana (06-12),False,4.699999999999999,False
TKT-00008,2024-02-28 08:37:00,2024-02-28 17:19:00,twitter_dm,Account Access,Account deletion,Critical,Resolved,Very Negative,InvoiceFlow,Starter,North America,Hindi,Agent_005 (Sophie M),My account appears to be locked. I haven't violated any terms.,No action needed,,1.4,,False,False,5,419,,,,,8,,8,Wednesday,Mañana (06-12),False,,True
TKT-00009,2024-04-12 09:34:00,,phone,Feature Request,Export options,Medium,In Progress,Neutral,InvoiceFlow,Enterprise,Europe,English,Agent_006 (Raj P),A dark mode option would be greatly appreciated for late-night work sessions.,Refund processed,,,16.1,False,False,11,213,2024-04-13 01:40:00,16.1,,,48,,9,Friday,Mañana (06-12),False,,False
TKT-00010,2025-05-15 15:57:00,,web_form,General Inquiry,Pricing info,Low,Open,Neutral,InvoiceFlow,Professional,North America,English,Agent_006 (Raj P),Could you explain the difference between the Professional and Enterprise plans?,Issue fixed by agent,,,2.8,False,False,12,306,2025-05-15 18:45:00,2.8,,,72,,15,Thursday,Tarde (12-18),False,,False
TKT-00011,2024-09-12 10:22:00,,helpdesk_portal,Account Access,Account deletion,High,In Progress,Negative,CloudSync Pro,Enterprise,Europe,Arabic,Agent_009 (Yuki T),I need to update the email address associated with my account.,Issue fixed by agent,,,3.9,False,False,7,80,2024-09-12 14:16:00,3.9,,,24,,10,Thursday,Mañana (06-12),False,,False
TKT-00012,2024-10-12 18:41:00,2024-10-17 08:05:00,email,Refund / Return,Policy inquiry,Low,Resolved,Very Negative,DataDash,Starter,Southeast Asia,English,Agent_003 (Lena K),I want to return an item from order #51114 — it doesn't meet my needs.,Pending customer,109.4,1.4,13.9,False,False,12,894,2024-10-13 08:35:00,13.9,95.5,109.4,72,0.0,18,Saturday,Noche (18-24),False,37.400000000000006,False
TKT-00013,2024-05-07 16:32:00,2024-05-07 23:14:00,email,Billing,Invoice request,Critical,Resolved,Negative,TaskBoard,Starter,South Asia,French,Agent_003 (Lena K),My payment of $211.99 failed but the amount was still deducted from my account.,Self-service guided,6.7,2.5,0.1,False,False,7,1188,2024-05-07 16:38:00,0.1,6.6000000000000005,6.7,8,1.0,16,Tuesday,Tarde (12-18),False,0.0,False
TKT-00014,2024-12-09 09:52:00,2024-12-13 00:22:00,web_form,Feature Request,Export options,Medium,Resolved,Negative,DataDash,Enterprise,Southeast Asia,French,Agent_003 (Lena K),A dark mode option would be greatly appreciated for late-night work sessions.,Escalated to engineering,86.5,2.5,5.9,False,False,1,219,2024-12-09 15:46:00,5.9,80.6,86.5,48,0.0,9,Monday,Mañana (06-12),True,38.5,False
TKT-00015,2024-11-20 21:39:00,2024-11-27 07:03:00,email,Delivery / Shipping,Missing package,Low,Resolved,Very Negative,DataDash,Enterprise,South Asia,English,Agent_005 (Sophie M),The tracking for order #73517 hasn't updated in 5 days.,Refund processed,153.4,1.4,17.2,False,False,6,655,2024-11-21 14:51:00,17.2,136.20000000000002,153.4,72,0.0,21,Wednesday,Noche (18-24),False,81.4,False
TKT-00016,2025-02-02 07:54:00,2025-02-09 02:42:00,chat,General Inquiry,Partnership,Low,Resolved,Neutral,CloudSync Pro,Starter,North America,English,Agent_001 (Priya S),I'm interested in a partnership opportunity with your company.,Pending customer,162.8,3.3,16.3,False,False,3,958,2025-02-03 00:12:00,16.3,146.5,162.8,72,0.0,7,Sunday,Mañana (06-12),False,90.80000000000001,False
TKT-00017,2024-12-01 13:29:00,2024-12-01 20:23:00,chat,General Inquiry,Documentation,Critical,Closed,Negative,InvoiceFlow,Free,South Asia,Arabic,Agent_002 (James T),Where can I find documentation on setting up the API?,Issue fixed by agent,,2.8,,False,False,8,1372,,,,,8,,13,Sunday,Tarde (12-18),False,,True
TKT-00018,2024-01-27 16:36:00,,web_form,Billing,Invoice request,Critical,In Progress,Negative,DataDash,Enterprise,South Asia,Spanish,Agent_002 (James T),Could you send me a detailed invoice for the period Apr–Jun 2024? I need it for tax purposes.,Self-service guided,,,12.8,False,False,2,1037,2024-01-28 05:24:00,12.8,,,8,,16,Saturday,Tarde (12-18),False,,False
TKT-00019,2024-10-03 22:29:00,2024-10-08 01:11:00,chat,Feature Request,Dark mode,Low,Resolved,Negative,DataDash,Enterprise,Europe,English,Agent_002 (James T),A dark mode option would be greatly appreciated for late-night work sessions.,Refund processed,98.7,2.2,5.2,False,False,6,573,2024-10-04 03:41:00,5.2,93.5,98.7,72,0.0,22,Thursday,Noche (18-24),False,26.700000000000003,False
TKT-00020,2025-05-17 21:50:00,,chat,General Inquiry,Pricing info,High,Open,Neutral,SecureVault,Professional,North America,German,Agent_007 (Elena V),Could you explain the difference between the Professional and Enterprise plans?,Escalated to engineering,,,16.9,False,False,5,473,2025-05-18 14:44:00,16.9,,,24,,21,Saturday,Noche (18-24),False,,False
TKT-00021,2024-10-16 10:53:00,2024-10-19 02:53:00,chat,Billing,Incorrect amount,Low,Resolved,Neutral,TaskBoard,Starter,North America,German,Unassigned,My payment of $96.49 failed but the amount was still deducted from my account.,Refund processed,64.0,3.9,,False,False,8,981,,,,64.0,72,1.0,10,Wednesday,Mañana (06-12),False,0.0,False
TKT-00022,2024-11-07 09:15:00,2024-11-09 14:21:00,email,Account Access,Email change,Low,Escalated,Positive,DataDash,Starter,Middle East,French,Agent_001 (Priya S),My account appears to be locked. I haven't violated any terms.,Issue fixed by agent,53.1,,15.0,False,True,2,322,2024-11-08 00:15:00,15.0,38.1,53.1,72,1.0,9,Thursday,Mañana (06-12),False,0.0,False
TKT-00023,2024-08-27 15:50:00,2024-08-30 18:50:00,chat,Technical Issue,Data sync issue,Medium,Resolved,Neutral,InvoiceFlow,Free,Europe,English,Agent_008 (Daniel N),I'm unable to export a report since the latest update. Getting error code ERR-161.,Issue fixed by agent,75.0,3.1,16.6,False,False,5,1025,2024-08-28 08:26:00,16.6,58.4,75.0,48,0.0,15,Tuesday,Tarde (12-18),False,27.0,False
TKT-00024,2024-01-22 15:36:00,2024-01-23 12:30:00,email,Account Access,Account locked,Medium,Closed,Negative,TaskBoard,Free,South Asia,French,Agent_008 (Daniel N),I need to update the email address associated with my account.,Refund processed,20.9,2.9,8.0,False,False,5,1357,2024-01-22 23:36:00,8.0,12.899999999999999,20.9,48,1.0,15,Monday,Tarde (12-18),False,0.0,False
TKT-00025,2025-04-18 20:03:00,2025-04-19 10:03:00,chat,General Inquiry,Compatibility,High,Resolved,Negative,DataDash,Enterprise,Europe,English,Unassigned,I'm interested in a partnership opportunity with your company.,Escalated to engineering,14.0,2.3,,True,False,7,191,,,,14.0,24,1.0,20,Friday,Noche (18-24),False,0.0,False
TKT-00026,2025-04-28 14:29:00,2025-04-29 16:05:00,chat,Technical Issue,Feature not working,High,Escalated,Neutral,InvoiceFlow,Enterprise,North America,German,Agent_004 (Omar F),I'm unable to invite a team member since the latest update. Getting error code ERR-448.,Refund processed,25.6,,20.1,False,True,11,1003,2025-04-29 10:35:00,20.1,5.5,25.6,24,0.0,14,Monday,Tarde (12-18),False,1.6000000000000014,False
TKT-00027,2025-02-24 08:20:00,2025-02-27 07:56:00,helpdesk_portal,Refund / Return,Refund status,Medium,Resolved,Negative,TaskBoard,Enterprise,Europe,Japanese,Agent_002 (James T),What's the status of refund request #REF-8486? It's been 3 days.,Self-service guided,71.6,2.7,9.9,False,False,3,154,2025-02-24 18:14:00,9.9,61.699999999999996,71.6,48,0.0,8,Monday,Mañana (06-12),False,23.599999999999994,False
TKT-00028,2025-05-14 08:39:00,2025-05-14 12:27:00,helpdesk_portal,Account Access,2FA issue,Critical,Resolved,Neutral,InvoiceFlow,Enterprise,Middle East,English,Agent_003 (Lena K),My account appears to be locked. I haven't violated any terms.,Escalated to engineering,,3.4,,False,False,7,1160,,,,,8,,8,Wednesday,Mañana (06-12),False,,True
TKT-00029,2024-01-10 21:57:00,2024-01-14 03:21:00,whatsapp,Feature Request,Dark mode,Low,Resolved,Neutral,DataDash,Professional,Southeast Asia,English,Agent_006 (Raj P),"Can you add an option to export reports in Excel format, not just CSV?",Self-service guided,77.4,3.4,8.7,False,False,12,605,2024-01-11 06:39:00,8.7,68.7,77.4,72,0.0,21,Wednesday,Noche (18-24),False,5.400000000000006,False
TKT-00030,2024-08-23 18:14:00,,phone,Billing,Incorrect amount,High,Open,Negative,TaskBoard,Enterprise,Southeast Asia,German,Agent_008 (Daniel N),My payment of $352.99 failed but the amount was still deducted from my account.,Pending customer,,,18.0,False,False,3,1105,2024-08-24 12:14:00,18.0,,,24,,18,Friday,Noche (18-24),False,,False
TKT-00031,2025-04-24 09:09:00,2025-04-27 09:27:00,twitter_dm,Refund / Return,Partial refund,Medium,Resolved,Negative,CloudSync Pro,Enterprise,Africa,English,Agent_009 (Yuki T),What's the status of refund request #REF-5295? It's been 3 days.,No action needed,72.3,2.8,22.6,False,False,4,966,2025-04-25 07:45:00,22.6,49.699999999999996,72.3,48,0.0,9,Thursday,Mañana (06-12),False,24.299999999999997,False
TKT-00032,2024-02-08 16:31:00,2024-02-09 04:13:00,phone,Billing,Incorrect amount,High,Closed,Negative,CloudSync Pro,Enterprise,North America,English,Agent_004 (Omar F),I noticed an incorrect charge of $203.49 on my last bill. Can you look into invoice INV-9850?,Issue fixed by agent,11.7,2.7,5.3,False,False,4,743,2024-02-08 21:49:00,5.3,6.3999999999999995,11.7,24,1.0,16,Thursday,Tarde (12-18),False,0.0,False
TKT-00033,2024-01-22 08:50:00,2024-01-24 02:50:00,email,Billing,Incorrect amount,Medium,Escalated,Negative,DataDash,Starter,Europe,Spanish,Agent_004 (Omar F),I noticed an incorrect charge of $40.99 on my last bill. Can you look into invoice INV-4538?,Escalated to engineering,42.0,,19.2,False,True,1,270,2024-01-23 04:02:00,19.2,22.8,42.0,48,1.0,8,Monday,Mañana (06-12),True,0.0,False
TKT-00034,2025-06-09 10:28:00,2025-06-10 10:34:00,whatsapp,Billing,Subscription upgrade,High,Resolved,Neutral,CloudSync Pro,Professional,North America,German,Agent_005 (Sophie M),"Hi, I was charged $377.99 twice on Jun 17, 2025. My invoice is INV-5941. Please refund the duplicate.",No action needed,24.1,3.9,7.8,False,False,3,564,2025-06-09 18:16:00,7.8,16.3,24.1,24,0.0,10,Monday,Mañana (06-12),False,0.10000000000000142,False
TKT-00035,2024-08-08 20:28:00,2024-08-12 06:22:00,chat,Feature Request,API access,Medium,Resolved,Negative,InvoiceFlow,Professional,Europe,Spanish,Agent_001 (Priya S),A dark mode option would be greatly appreciated for late-night work sessions.,Escalated to engineering,81.9,2.1,2.1,False,False,12,764,2024-08-08 22:34:00,2.1,79.80000000000001,81.9,48,0.0,20,Thursday,Noche (18-24),False,33.900000000000006,False
TKT-00036,2024-10-21 16:22:00,2024-10-22 17:52:00,web_form,Refund / Return,Policy inquiry,Medium,Resolved,Negative,DataDash,Starter,North America,German,Agent_008 (Daniel N),I was overcharged and would like a partial refund for the difference.,Escalated to engineering,25.5,2.6,15.8,False,False,1,370,2024-10-22 08:10:00,15.8,9.7,25.5,48,1.0,16,Monday,Tarde (12-18),True,0.0,False
TKT-00037,2025-06-27 13:24:00,2025-06-28 10:48:00,email,Technical Issue,Performance slow,High,Resolved,Very Negative,CloudSync Pro,Professional,North America,German,Unassigned,I'm unable to export a report since the latest update. Getting error code ERR-872.,Issue fixed by agent,21.4,1.5,,False,False,5,442,,,,21.4,24,1.0,13,Friday,Tarde (12-18),False,0.0,False
TKT-00038,2024-11-04 13:49:00,2024-11-06 21:37:00,email,Delivery / Shipping,Damaged item,Low,Resolved,Negative,InvoiceFlow,Professional,Europe,English,Agent_006 (Raj P),The item I received is damaged. I need a replacement or refund for order #83233.,Issue fixed by agent,55.8,2.4,17.8,False,False,8,160,2024-11-05 07:37:00,17.8,38.0,55.8,72,1.0,13,Monday,Tarde (12-18),False,0.0,False
TKT-00039,2025-01-05 09:27:00,2025-01-08 16:15:00,chat,Refund / Return,Partial refund,Medium,Resolved,Negative,DataDash,Free,North America,Spanish,Agent_006 (Raj P),What's the status of refund request #REF-2868? It's been 7 days.,Pending customer,78.8,2.9,8.5,False,False,11,303,2025-01-05 17:57:00,8.5,70.3,78.8,48,0.0,9,Sunday,Mañana (06-12),False,30.799999999999997,False
TKT-00040,2025-04-04 17:55:00,2025-04-12 01:43:00,web_form,Technical Issue,Performance slow,Low,Resolved,Neutral,TaskBoard,Free,South Asia,English,Agent_007 (Elena V),I'm unable to invite a team member since the latest update. Getting error code ERR-460.,No action needed,175.8,3.1,20.0,True,False,2,1260,2025-04-05 13:55:00,20.0,155.8,175.8,72,0.0,17,Friday,Tarde (12-18),False,103.80000000000001,False
TKT-00041,2024-03-04 21:06:00,2024-03-08 01:30:00,whatsapp,Feature Request,UI improvement,Medium,Escalated,Negative,TaskBoard,Enterprise,North America,English,Agent_006 (Raj P),It would be really helpful if DataDash supported direct integration with Zapier.,Refund processed,76.4,,9.4,False,True,11,1225,2024-03-05 06:30:00,9.4,67.0,76.4,48,0.0,21,Monday,Noche (18-24),False,28.400000000000006,False
TKT-00042,2024-03-24 11:58:00,2024-03-26 07:10:00,helpdesk_portal,Billing,Invoice request,Medium,Resolved,Neutral,InvoiceFlow,Starter,Europe,Japanese,Agent_006 (Raj P),I noticed an incorrect charge of $309.99 on my last bill. Can you look into invoice INV-6072?,Issue fixed by agent,43.2,3.0,7.5,False,False,6,996,2024-03-24 19:28:00,7.5,35.7,43.2,48,1.0,11,Sunday,Mañana (06-12),False,0.0,False
TKT-00043,2024-05-14 19:09:00,2024-05-15 00:03:00,web_form,Billing,Subscription upgrade,Critical,Resolved,Neutral,TaskBoard,Professional,South Asia,Hindi,Agent_006 (Raj P),I noticed an incorrect charge of $374.49 on my last bill. Can you look into invoice INV-7731?,Pending customer,,4.0,,False,False,4,754,,,,,8,,19,Tuesday,Noche (18-24),False,,True
TKT-00044,2024-02-23 22:55:00,2024-02-25 19:37:00,email,Feature Request,New integration,Medium,Closed,Negative,TaskBoard,Starter,South Asia,English,Agent_006 (Raj P),It would be really helpful if InvoiceFlow supported direct integration with Jira.,Pending customer,44.7,2.4,9.0,False,False,2,768,2024-02-24 07:55:00,9.0,35.7,44.7,48,1.0,22,Friday,Noche (18-24),False,0.0,False
TKT-00045,2025-04-25 21:39:00,2025-04-26 16:03:00,phone,Technical Issue,App crash,Medium,Resolved,Positive,DataDash,Free,North America,English,Agent_008 (Daniel N),The app keeps crashing when I try to upload a file. I'm on Windows 11.,No action needed,,4.1,,False,False,9,34,,,,,48,,21,Friday,Noche (18-24),False,,True
TKT-00046,2025-06-22 07:24:00,2025-06-25 16:18:00,email,Feature Request,New integration,Medium,Resolved,Negative,CloudSync Pro,Professional,Europe,French,Agent_005 (Sophie M),Is there any plan to expose an API for the reporting module?,Self-service guided,80.9,2.4,8.2,False,False,11,952,2025-06-22 15:36:00,8.2,72.7,80.9,48,0.0,7,Sunday,Mañana (06-12),False,32.900000000000006,False
TKT-00047,2024-11-13 19:52:00,,email,Complaint,Repeat issue,Medium,In Progress,Neutral,InvoiceFlow,Free,Africa,Spanish,Agent_009 (Yuki T),Your refund policy is very unfair. I'm considering leaving the platform.,Self-service guided,,,8.2,False,False,12,1019,2024-11-14 04:04:00,8.2,,,48,,19,Wednesday,Noche (18-24),False,,False
TKT-00048,2024-10-29 16:28:00,,email,Technical Issue,Data sync issue,High,Open,Neutral,DataDash,Enterprise,Europe,English,Agent_001 (Priya S),My data isn't syncing across devices. Last successful sync was 8 days ago.,Self-service guided,,,12.4,False,False,3,64,2024-10-30 04:52:00,12.4,,,24,,16,Tuesday,Tarde (12-18),False,,False
TKT-00049,2025-01-14 18:28:00,,chat,Billing,Duplicate charge,Medium,Open,Very Negative,CloudSync Pro,Starter,Southeast Asia,Hindi,Agent_006 (Raj P),I noticed an incorrect charge of $276.49 on my last bill. Can you look into invoice INV-6150?,Escalated to engineering,,,6.4,False,False,8,440,2025-01-15 00:52:00,6.4,,,48,,18,Tuesday,Noche (18-24),False,,False
TKT-00050,2024-11-23 18:45:00,2024-11-25 16:09:00,phone,Complaint,Repeat issue,Low,Resolved,Very Negative,CloudSync Pro,Starter,Middle East,English,Agent_001 (Priya S),The agent I spoke to was dismissive and unhelpful. I'd like to escalate.,Escalated to engineering,45.4,1.6,8.9,False,False,9,266,2024-11-24 03:39:00,8.9,36.5,45.4,72,1.0,18,Saturday,Noche (18-24),False,0.0,False
TKT-00051,2025-04-05 21:43:00,2025-04-10 12:13:00,helpdesk_portal,Feature Request,Export options,Low,Escalated,Neutral,InvoiceFlow,Professional,South Asia,English,Unassigned,"Can you add an option to export reports in Excel format, not just CSV?",Escalated to engineering,110.5,,,False,True,5,403,,,,110.5,72,0.0,21,Saturday,Noche (18-24),False,38.5,False
TKT-00052,2024-12-11 08:52:00,2024-12-14 17:04:00,phone,Feature Request,New integration,Medium,Resolved,Neutral,InvoiceFlow,Free,South Asia,English,Agent_006 (Raj P),It would be really helpful if InvoiceFlow supported direct integration with HubSpot.,Escalated to engineering,80.2,3.3,1.8,True,False,8,852,2024-12-11 10:40:00,1.8,78.4,80.2,48,0.0,8,Wednesday,Mañana (06-12),False,32.2,False
TKT-00053,2024-11-22 14:29:00,2024-11-24 20:05:00,twitter_dm,Account Access,Email change,Low,Resolved,Negative,InvoiceFlow,Enterprise,Southeast Asia,English,Agent_004 (Omar F),My account appears to be locked. I haven't violated any terms.,Refund processed,53.6,2.5,12.4,False,False,5,1019,2024-11-23 02:53:00,12.4,41.2,53.6,72,1.0,14,Friday,Tarde (12-18),False,0.0,False
TKT-00054,2024-01-09 10:27:00,2024-01-09 15:03:00,chat,Billing,Payment failure,Critical,Escalated,Negative,CloudSync Pro,Free,Europe,Arabic,Agent_006 (Raj P),My payment of $396.49 failed but the amount was still deducted from my account.,Self-service guided,,,,False,True,10,1394,,,,,8,,10,Tuesday,Mañana (06-12),False,,True
TKT-00055,2024-02-09 11:45:00,2024-02-12 23:45:00,email,Feature Request,API access,Low,Resolved,Positive,SecureVault,Starter,South Asia,Hindi,Agent_004 (Omar F),Is there any plan to expose an API for the reporting module?,Issue fixed by agent,84.0,4.7,7.3,False,False,6,679,2024-02-09 19:03:00,7.3,76.7,84.0,72,0.0,11,Friday,Mañana (06-12),False,12.0,False
TKT-00056,2024-08-21 08:37:00,2024-08-21 17:25:00,chat,Feature Request,Dark mode,Critical,Closed,Negative,TaskBoard,Free,Southeast Asia,Japanese,Agent_008 (Daniel N),Is there any plan to expose an API for the reporting module?,No action needed,,2.5,,False,False,12,128,,,,,8,,8,Wednesday,Mañana (06-12),False,,True
TKT-00057,2024-09-27 22:12:00,2024-10-01 13:06:00,chat,Delivery / Shipping,Damaged item,Medium,Escalated,Negative,DataDash,Enterprise,Europe,Hindi,Agent_005 (Sophie M),The item I received is damaged. I need a replacement or refund for order #25974.,Escalated to engineering,86.9,,21.5,False,True,6,300,2024-09-28 19:42:00,21.5,65.4,86.9,48,0.0,22,Friday,Noche (18-24),False,38.900000000000006,False
TKT-00058,2024-05-20 10:39:00,2024-05-26 09:21:00,email,Technical Issue,Login error,Low,Resolved,Negative,DataDash,Starter,North America,Hindi,Agent_009 (Yuki T),I'm unable to upload a file since the latest update. Getting error code ERR-438.,Escalated to engineering,142.7,3.0,23.5,False,False,11,975,2024-05-21 10:09:00,23.5,119.19999999999999,142.7,72,0.0,10,Monday,Mañana (06-12),False,70.69999999999999,False
TKT-00059,2024-06-28 20:56:00,2024-07-05 09:32:00,whatsapp,Account Access,Password reset,Low,Resolved,Very Negative,InvoiceFlow,Free,Africa,Hindi,Agent_007 (Elena V),I need to update the email address associated with my account.,Policy exception granted,156.6,1.9,3.3,False,False,5,395,2024-06-29 00:14:00,3.3,153.29999999999998,156.6,72,0.0,20,Friday,Noche (18-24),False,84.6,False
TKT-00060,2025-02-19 20:32:00,2025-02-21 14:08:00,chat,Refund / Return,Refund status,Medium,Resolved,Negative,InvoiceFlow,Starter,North America,French,Agent_002 (James T),I'd like to request a full refund for my recent purchase. Order #53204.,Refund processed,41.6,2.3,8.7,False,False,11,243,2025-02-20 05:14:00,8.7,32.900000000000006,41.6,48,1.0,20,Wednesday,Noche (18-24),False,0.0,False
TKT-00061,2024-05-16 22:09:00,2024-05-21 03:39:00,whatsapp,Account Access,Account deletion,Low,Closed,Negative,SecureVault,Professional,Southeast Asia,Japanese,Agent_004 (Omar F),I'm having trouble with 2FA — the codes aren't working on my new phone.,Issue fixed by agent,101.5,2.8,21.7,False,False,9,307,2024-05-17 19:51:00,21.7,79.8,101.5,72,0.0,22,Thursday,Noche (18-24),False,29.5,False
TKT-00062,2024-02-29 21:43:00,2024-03-02 07:31:00,chat,Billing,Duplicate charge,High,Resolved,Negative,InvoiceFlow,Enterprise,Europe,English,Agent_002 (James T),Could you send me a detailed invoice for the period Jan–Mar 2024? I need it for tax purposes.,Self-service guided,33.8,2.3,4.4,False,False,11,1323,2024-03-01 02:07:00,4.4,29.4,33.8,24,0.0,21,Thursday,Noche (18-24),False,9.799999999999997,False
TKT-00063,2024-05-01 12:34:00,2024-05-03 10:52:00,twitter_dm,Complaint,Rude agent,Medium,Resolved,Very Negative,SecureVault,Free,Europe,Arabic,Agent_002 (James T),I've contacted support 4 times about the same issue and it's still unresolved.,Pending customer,46.3,1.2,21.0,False,False,1,1353,2024-05-02 09:34:00,21.0,25.299999999999997,46.3,48,1.0,12,Wednesday,Tarde (12-18),True,0.0,False
TKT-00064,2025-02-15 21:14:00,,whatsapp,Technical Issue,Data sync issue,High,Open,Very Negative,CloudSync Pro,Free,North America,German,Agent_001 (Priya S),I'm unable to export a report since the latest update. Getting error code ERR-691.,No action needed,,,10.0,False,False,9,1212,2025-02-16 07:14:00,10.0,,,24,,21,Saturday,Noche (18-24),False,,False
TKT-00065,2024-06-01 16:24:00,2024-06-02 06:18:00,web_form,Refund / Return,Policy inquiry,High,Resolved,Negative,DataDash,Enterprise,Latin America,Spanish,Agent_003 (Lena K),What's the status of refund request #REF-4978? It's been 10 days.,Self-service guided,,2.2,,False,False,6,190,,,,,24,,16,Saturday,Tarde (12-18),False,,True
TKT-00066,2024-08-01 17:19:00,2024-08-03 07:55:00,helpdesk_portal,Account Access,Password reset,High,Resolved,Positive,InvoiceFlow,Free,North America,Hindi,Agent_007 (Elena V),My account appears to be locked. I haven't violated any terms.,Issue fixed by agent,38.6,4.3,8.7,False,False,8,202,2024-08-02 02:01:00,8.7,29.900000000000002,38.6,24,0.0,17,Thursday,Tarde (12-18),False,14.600000000000001,False
TKT-00067,2025-03-03 16:09:00,2025-03-04 06:27:00,helpdesk_portal,Refund / Return,Partial refund,High,Resolved,Very Negative,CloudSync Pro,Free,Europe,German,Agent_001 (Priya S),What's the status of refund request #REF-9954? It's been 4 days.,Refund processed,,1.2,,False,False,1,1074,,,,,24,,16,Monday,Tarde (12-18),True,,True
TKT-00068,2025-01-17 08:39:00,2025-01-18 13:03:00,email,Billing,Subscription upgrade,High,Resolved,Very Negative,TaskBoard,Enterprise,Europe,German,Agent_001 (Priya S),Could you send me a detailed invoice for the period Oct–Dec 2024? I need it for tax purposes.,Refund processed,28.4,1.8,21.8,False,False,2,1074,2025-01-18 06:27:00,21.8,6.599999999999998,28.4,24,0.0,8,Friday,Mañana (06-12),False,4.399999999999999,False
TKT-00069,2024-03-23 08:05:00,2024-03-27 06:29:00,chat,Billing,Invoice request,Low,Closed,Negative,CloudSync Pro,Starter,Europe,Hindi,Unassigned,Could you send me a detailed invoice for the period Jan–Mar 2024? I need it for tax purposes.,Issue fixed by agent,94.4,2.2,,False,False,12,1161,,,,94.4,72,0.0,8,Saturday,Mañana (06-12),False,22.400000000000006,False
TKT-00070,2025-02-11 09:19:00,2025-02-13 20:43:00,phone,Account Access,Account locked,Low,Closed,Positive,SecureVault,Free,South Asia,English,Unassigned,I need to update the email address associated with my account.,Refund processed,59.4,5.0,,False,False,11,560,,,,59.4,72,1.0,9,Tuesday,Mañana (06-12),False,0.0,False
TKT-00071,2024-03-16 09:17:00,2024-03-17 14:23:00,chat,Delivery / Shipping,Wrong item,Medium,Resolved,Neutral,DataDash,Professional,North America,Spanish,Agent_003 (Lena K),The tracking for order #27367 hasn't updated in 14 days.,Issue fixed by agent,29.1,3.4,13.4,False,False,2,54,2024-03-16 22:41:00,13.4,15.700000000000001,29.1,48,1.0,9,Saturday,Mañana (06-12),False,0.0,False
TKT-00072,2024-09-05 12:43:00,2024-09-07 10:07:00,web_form,Billing,Incorrect amount,Medium,Closed,Negative,TaskBoard,Starter,North America,German,Agent_005 (Sophie M),My payment of $159.49 failed but the amount was still deducted from my account.,,45.4,2.9,17.3,False,False,10,401,2024-09-06 06:01:00,17.3,28.099999999999998,45.4,48,1.0,12,Thursday,Tarde (12-18),False,0.0,False
TKT-00073,2024-05-19 16:20:00,2024-05-24 19:14:00,chat,Account Access,Account locked,Low,Resolved,Positive,TaskBoard,Enterprise,Europe,English,Agent_008 (Daniel N),I need to update the email address associated with my account.,Escalated to engineering,122.9,4.6,13.1,False,False,9,56,2024-05-20 05:26:00,13.1,109.80000000000001,122.9,72,0.0,16,Sunday,Tarde (12-18),False,50.900000000000006,False
TKT-00074,2024-09-04 15:42:00,2024-09-05 20:48:00,helpdesk_portal,Complaint,Policy dissatisfaction,Medium,Resolved,Negative,CloudSync Pro,Enterprise,Southeast Asia,English,Agent_005 (Sophie M),Your refund policy is very unfair. I'm considering leaving the platform.,Escalated to engineering,29.1,2.8,15.8,False,False,11,1255,2024-09-05 07:30:00,15.8,13.3,29.1,48,1.0,15,Wednesday,Tarde (12-18),False,0.0,False
TKT-00075,2024-08-14 21:23:00,2024-08-15 05:05:00,email,Billing,Subscription upgrade,Critical,Resolved,Negative,TaskBoard,Starter,Latin America,English,Agent_005 (Sophie M),I noticed an incorrect charge of $181.00 on my last bill. Can you look into invoice INV-2712?,Refund processed,,2.8,,False,False,2,898,,,,,8,,21,Wednesday,Noche (18-24),False,,True
TKT-00076,2025-06-12 12:35:00,,email,Delivery / Shipping,Wrong item,Medium,Open,Positive,InvoiceFlow,Starter,North America,Spanish,Agent_009 (Yuki T),The item I received is damaged. I need a replacement or refund for order #13826.,No action needed,,,14.3,False,False,12,440,2025-06-13 02:53:00,14.3,,,48,,12,Thursday,Tarde (12-18),False,,False
TKT-00077,2025-06-24 17:38:00,,chat,Billing,Invoice request,High,Open,Very Negative,CloudSync Pro,Starter,Middle East,English,Agent_003 (Lena K),Could you send me a detailed invoice for the period Oct–Dec 2024? I need it for tax purposes.,Pending customer,,,7.4,False,False,12,290,2025-06-25 01:02:00,7.4,,,24,,17,Tuesday,Tarde (12-18),False,,False
TKT-00078,2024-05-23 12:20:00,2024-05-26 18:56:00,whatsapp,Account Access,Account deletion,Medium,Resolved,Neutral,CloudSync Pro,Professional,South Asia,Japanese,Agent_005 (Sophie M),I can't log in to my account. The password reset email is not arriving.,Refund processed,78.6,3.7,10.7,False,False,10,64,2024-05-23 23:02:00,10.7,67.89999999999999,78.6,48,0.0,12,Thursday,Tarde (12-18),False,30.599999999999994,False
TKT-00079,2024-10-01 18:34:00,,web_form,Refund / Return,Full refund,Low,In Progress,Positive,CloudSync Pro,Professional,Southeast Asia,English,Agent_005 (Sophie M),What's the status of refund request #REF-2923? It's been 6 days.,Refund processed,,,5.1,False,False,12,719,2024-10-01 23:40:00,5.1,,,72,,18,Tuesday,Noche (18-24),False,,False
TKT-00080,2024-10-26 16:36:00,2024-10-28 05:48:00,whatsapp,Refund / Return,Policy inquiry,Medium,Resolved,Negative,TaskBoard,Enterprise,Middle East,Hindi,Agent_006 (Raj P),I'd like to request a full refund for my recent purchase. Order #98635.,Issue fixed by agent,37.2,2.1,15.2,False,False,7,926,2024-10-27 07:48:00,15.2,22.000000000000004,37.2,48,1.0,16,Saturday,Tarde (12-18),False,0.0,False
TKT-00081,2024-04-05 21:40:00,2024-04-07 02:58:00,chat,Billing,Payment failure,High,Resolved,Very Negative,TaskBoard,Enterprise,Southeast Asia,English,Agent_006 (Raj P),"Hi, I was charged $412.99 twice on Feb 11, 2025. My invoice is INV-4568. Please refund the duplicate.",Pending customer,29.3,1.8,21.5,False,False,1,204,2024-04-06 19:10:00,21.5,7.800000000000001,29.3,24,0.0,21,Friday,Noche (18-24),True,5.300000000000001,False
TKT-00082,2024-11-05 12:55:00,2024-11-07 02:43:00,chat,Feature Request,UI improvement,High,Closed,Positive,CloudSync Pro,Enterprise,Europe,Japanese,Agent_009 (Yuki T),It would be really helpful if DataDash supported direct integration with HubSpot.,Pending customer,37.8,4.0,11.5,False,False,4,1064,2024-11-06 00:25:00,11.5,26.299999999999997,37.8,24,0.0,12,Tuesday,Tarde (12-18),False,13.799999999999997,False
TKT-00083,2024-11-16 18:56:00,2024-11-20 02:02:00,email,Feature Request,API access,Low,Closed,Negative,SecureVault,Free,Europe,English,Agent_007 (Elena V),"Can you add an option to export reports in Excel format, not just CSV?",Issue fixed by agent,79.1,2.1,2.5,False,False,10,787,2024-11-16 21:26:00,2.5,76.6,79.1,72,0.0,18,Saturday,Noche (18-24),False,7.099999999999994,False
TKT-00084,2024-11-04 13:33:00,,web_form,Technical Issue,Data sync issue,Medium,In Progress,Very Negative,InvoiceFlow,Professional,North America,English,Agent_009 (Yuki T),I'm unable to connect an integration since the latest update. Getting error code ERR-215.,Issue fixed by agent,,,23.7,False,False,3,793,2024-11-05 13:15:00,23.7,,,48,,13,Monday,Tarde (12-18),False,,False
TKT-00085,2024-03-02 19:32:00,2024-03-04 10:08:00,email,Refund / Return,Policy inquiry,Medium,Resolved,Negative,TaskBoard,Professional,Latin America,English,Agent_003 (Lena K),What's the status of refund request #REF-9788? It's been 3 days.,Issue fixed by agent,38.6,2.4,15.3,False,False,11,1318,2024-03-03 10:50:00,15.3,23.3,38.6,48,1.0,19,Saturday,Noche (18-24),False,0.0,False
TKT-00086,2024-06-28 10:00:00,2024-07-01 07:00:00,chat,Billing,Duplicate charge,Medium,Closed,Negative,CloudSync Pro,Starter,North America,Hindi,Agent_003 (Lena K),I noticed an incorrect charge of $259.49 on my last bill. Can you look into invoice INV-9474?,No action needed,69.0,2.3,1.6,False,False,10,1286,2024-06-28 11:36:00,1.6,67.4,69.0,48,0.0,10,Friday,Mañana (06-12),False,21.0,False
TKT-00087,2025-06-05 07:02:00,2025-06-08 14:50:00,email,Billing,Duplicate charge,Medium,Resolved,Negative,InvoiceFlow,Starter,Europe,Hindi,Agent_007 (Elena V),I noticed an incorrect charge of $28.49 on my last bill. Can you look into invoice INV-7274?,Issue fixed by agent,79.8,2.9,7.7,False,False,10,764,2025-06-05 14:44:00,7.7,72.1,79.8,48,0.0,7,Thursday,Mañana (06-12),False,31.799999999999997,False
TKT-00088,2024-03-29 21:00:00,,helpdesk_portal,Billing,Payment failure,Medium,In Progress,Positive,DataDash,Starter,North America,Arabic,Agent_008 (Daniel N),I noticed an incorrect charge of $154.99 on my last bill. Can you look into invoice INV-4974?,Self-service guided,,,22.4,True,False,9,710,2024-03-30 19:24:00,22.4,,,48,,21,Friday,Noche (18-24),False,,False
TKT-00089,2024-03-02 11:45:00,2024-03-04 01:51:00,chat,Feature Request,New integration,Medium,Resolved,Positive,TaskBoard,Professional,Europe,English,Unassigned,"Can you add an option to export reports in Excel format, not just CSV?",Self-service guided,38.1,4.7,,False,False,5,535,,,,38.1,48,1.0,11,Saturday,Mañana (06-12),False,0.0,False
TKT-00090,2024-04-18 12:28:00,2024-04-18 21:04:00,phone,Refund / Return,Refund status,Critical,Closed,Negative,DataDash,Starter,Europe,English,Agent_008 (Daniel N),I'd like to request a full refund for my recent purchase. Order #99922.,Issue fixed by agent,,2.2,,False,False,12,509,,,,,8,,12,Thursday,Tarde (12-18),False,,True
TKT-00091,2024-04-14 11:07:00,2024-04-15 06:01:00,helpdesk_portal,Complaint,Rude agent,Medium,Resolved,Positive,TaskBoard,Enterprise,North America,Hindi,Agent_005 (Sophie M),I've contacted support 2 times about the same issue and it's still unresolved.,Issue fixed by agent,18.9,4.0,11.1,False,False,10,888,2024-04-14 22:13:00,11.1,7.799999999999999,18.9,48,1.0,11,Sunday,Mañana (06-12),False,0.0,False
TKT-00092,2024-09-08 16:31:00,2024-09-10 16:13:00,email,Refund / Return,Policy inquiry,Medium,Resolved,Positive,CloudSync Pro,Starter,North America,Arabic,Agent_001 (Priya S),What's the status of refund request #REF-9907? It's been 14 days.,Refund processed,47.7,5.0,18.8,False,False,9,993,2024-09-09 11:19:00,18.8,28.900000000000002,47.7,48,1.0,16,Sunday,Tarde (12-18),False,0.0,False
TKT-00093,2025-01-01 14:10:00,2025-01-02 15:22:00,helpdesk_portal,Technical Issue,Login error,Medium,Resolved,Neutral,CloudSync Pro,Free,South Asia,English,Agent_008 (Daniel N),Performance has been extremely slow on my end. Pages take 20+ seconds to load.,Self-service guided,25.2,3.9,13.6,False,False,4,1009,2025-01-02 03:46:00,13.6,11.6,25.2,48,1.0,14,Wednesday,Tarde (12-18),False,0.0,False
TKT-00094,2024-06-30 17:03:00,,chat,Account Access,Password reset,Low,Open,Positive,InvoiceFlow,Starter,North America,Hindi,Agent_008 (Daniel N),My account appears to be locked. I haven't violated any terms.,Self-service guided,,,7.8,False,False,12,895,2024-07-01 00:51:00,7.8,,,72,,17,Sunday,Tarde (12-18),False,,False
TKT-00095,2024-11-10 16:08:00,,helpdesk_portal,Refund / Return,Partial refund,Critical,In Progress,Negative,SecureVault,Enterprise,Southeast Asia,English,Agent_006 (Raj P),I'd like to request a full refund for my recent purchase. Order #28434.,Issue fixed by agent,,,5.8,False,False,3,1303,2024-11-10 21:56:00,5.8,,,8,,16,Sunday,Tarde (12-18),False,,False
TKT-00096,2024-01-02 08:24:00,2024-01-06 11:30:00,email,General Inquiry,Documentation,Low,Resolved,Negative,SecureVault,Starter,Europe,English,Agent_003 (Lena K),Does DataDash integrate with Salesforce?,Issue fixed by agent,99.1,2.8,0.9,True,False,5,215,2024-01-02 09:18:00,0.9,98.19999999999999,99.1,72,0.0,8,Tuesday,Mañana (06-12),False,27.099999999999994,False
TKT-00097,2024-06-17 20:10:00,2024-06-19 15:52:00,whatsapp,Billing,Payment failure,Low,Closed,Negative,InvoiceFlow,Free,Africa,Hindi,Agent_005 (Sophie M),I noticed an incorrect charge of $102.49 on my last bill. Can you look into invoice INV-5612?,Issue fixed by agent,43.7,2.4,10.3,False,False,11,1281,2024-06-18 06:28:00,10.3,33.400000000000006,43.7,72,1.0,20,Monday,Noche (18-24),False,0.0,False
TKT-00098,2024-04-03 19:11:00,,chat,Feature Request,UI improvement,Low,In Progress,Positive,CloudSync Pro,Enterprise,North America,English,Agent_005 (Sophie M),Is there any plan to expose an API for the reporting module?,Escalated to engineering,,,2.1,False,False,9,848,2024-04-03 21:17:00,2.1,,,72,,19,Wednesday,Noche (18-24),False,,False
TKT-00099,2024-03-21 19:57:00,2024-03-25 03:27:00,helpdesk_portal,Complaint,Long wait time,Medium,Closed,Negative,TaskBoard,Professional,Europe,English,Agent_009 (Yuki T),I've contacted support 4 times about the same issue and it's still unresolved.,Self-service guided,79.5,2.3,17.5,False,False,2,795,2024-03-22 13:27:00,17.5,62.0,79.5,48,0.0,19,Thursday,Noche (18-24),False,31.5,False
TKT-00100,2024-04-12 10:36:00,2024-04-15 12:42:00,whatsapp,Account Access,2FA issue,Medium,Resolved,Very Negative,SecureVault,Professional,North America,Spanish,Agent_001 (Priya S),I'm having trouble with 2FA — the codes aren't working on my new phone.,Issue fixed by agent,74.1,1.4,21.1,False,False,1,974,2024-04-13 07:42:00,21.1,52.99999999999999,74.1,48,0.0,10,Friday,Mañana (06-12),True,26.099999999999994,False
TKT-00101,2025-03-29 17:17:00,2025-03-31 00:35:00,web_form,General Inquiry,Partnership,High,Closed,Positive,DataDash,Professional,Europe,English,Agent_008 (Daniel N),Could you explain the difference between the Professional and Enterprise plans?,Issue fixed by agent,31.3,4.1,20.4,False,False,1,356,2025-03-30 13:41:00,20.4,10.900000000000002,31.3,24,0.0,17,Saturday,Tarde (12-18),True,7.300000000000001,False
TKT-00102,2024-05-06 07:15:00,,email,Billing,Payment failure,High,In Progress,Very Negative,DataDash,Professional,Africa,Spanish,Agent_005 (Sophie M),Could you send me a detailed invoice for the period Jul–Sep 2024? I need it for tax purposes.,Escalated to engineering,,,4.0,False,False,4,454,2024-05-06 11:15:00,4.0,,,24,,7,Monday,Mañana (06-12),False,,False
TKT-00103,2024-01-09 14:16:00,2024-01-12 04:04:00,email,Feature Request,UI improvement,Medium,Resolved,Neutral,CloudSync Pro,Professional,Southeast Asia,Arabic,Agent_006 (Raj P),A dark mode option would be greatly appreciated for late-night work sessions.,Refund processed,61.8,3.5,15.9,False,False,6,1150,2024-01-10 06:10:00,15.9,45.9,61.8,48,0.0,14,Tuesday,Tarde (12-18),False,13.799999999999997,False
TKT-00104,2024-11-01 13:09:00,,helpdesk_portal,Feature Request,Dark mode,Medium,Open,Neutral,CloudSync Pro,Professional,Latin America,English,Agent_007 (Elena V),"Can you add an option to export reports in Excel format, not just CSV?",Pending customer,,,8.3,False,False,11,1095,2024-11-01 21:27:00,8.3,,,48,,13,Friday,Tarde (12-18),False,,False
TKT-00105,2024-07-06 17:41:00,2024-07-07 18:05:00,whatsapp,Feature Request,UI improvement,Medium,Resolved,Very Negative,DataDash,Professional,North America,English,Agent_005 (Sophie M),"Can you add an option to export reports in Excel format, not just CSV?",No action needed,24.4,1.9,12.1,False,False,7,1086,2024-07-07 05:47:00,12.1,12.299999999999999,24.4,48,1.0,17,Saturday,Tarde (12-18),False,0.0,False
TKT-00106,2024-03-23 22:21:00,,phone,Technical Issue,Login error,Low,In Progress,Very Negative,CloudSync Pro,Professional,Europe,English,Agent_003 (Lena K),Performance has been extremely slow on my end. Pages take 20+ seconds to load.,Escalated to engineering,,,15.2,False,False,8,786,2024-03-24 13:33:00,15.2,,,72,,22,Saturday,Noche (18-24),False,,False
TKT-00107,2024-12-18 16:08:00,2024-12-19 17:32:00,email,Billing,Subscription upgrade,Medium,Escalated,Negative,SecureVault,Professional,Southeast Asia,English,Agent_007 (Elena V),My payment of $90.00 failed but the amount was still deducted from my account.,Issue fixed by agent,25.4,,4.0,False,True,7,40,2024-12-18 20:08:00,4.0,21.4,25.4,48,1.0,16,Wednesday,Tarde (12-18),False,0.0,False
TKT-00108,2024-02-19 08:42:00,2024-02-19 20:12:00,web_form,Technical Issue,App crash,High,Closed,Neutral,InvoiceFlow,Starter,North America,English,Agent_009 (Yuki T),The app keeps crashing when I try to upload a file. I'm on Windows 11.,Issue fixed by agent,11.5,3.4,2.5,False,False,10,1241,2024-02-19 11:12:00,2.5,9.0,11.5,24,1.0,8,Monday,Mañana (06-12),False,0.0,False
TKT-00109,2024-07-25 18:45:00,2024-07-27 18:15:00,chat,Delivery / Shipping,Wrong item,Medium,Resolved,Very Negative,InvoiceFlow,Professional,Europe,Hindi,Agent_008 (Daniel N),"My order #85255 was supposed to arrive on Jul 31, 2024 but it's still not here.",Pending customer,47.5,1.9,18.7,True,False,12,208,2024-07-26 13:27:00,18.7,28.8,47.5,48,1.0,18,Thursday,Noche (18-24),False,0.0,False
TKT-00110,2025-03-12 10:06:00,2025-03-15 17:24:00,helpdesk_portal,General Inquiry,Pricing info,Medium,Escalated,Negative,CloudSync Pro,Enterprise,North America,Arabic,Agent_004 (Omar F),Could you explain the difference between the Professional and Enterprise plans?,Escalated to engineering,79.3,,9.7,False,True,5,790,2025-03-12 19:48:00,9.7,69.6,79.3,48,0.0,10,Wednesday,Mañana (06-12),False,31.299999999999997,False
TKT-00111,2025-05-09 21:11:00,2025-05-12 11:11:00,twitter_dm,Feature Request,UI improvement,Medium,Closed,Negative,CloudSync Pro,Professional,North America,Spanish,Agent_001 (Priya S),It would be really helpful if InvoiceFlow supported direct integration with Google Sheets.,Policy exception granted,62.0,2.7,16.3,False,False,10,1158,2025-05-10 13:29:00,16.3,45.7,62.0,48,0.0,21,Friday,Noche (18-24),False,14.0,False
TKT-00112,2024-06-01 08:00:00,2024-06-01 18:42:00,web_form,Technical Issue,Login error,Critical,Resolved,Very Negative,InvoiceFlow,Starter,South Asia,English,Agent_006 (Raj P),My data isn't syncing across devices. Last successful sync was 6 days ago.,Escalated to engineering,10.7,1.8,2.0,False,False,10,918,2024-06-01 10:00:00,2.0,8.7,10.7,8,0.0,8,Saturday,Mañana (06-12),False,2.6999999999999993,False
TKT-00113,2024-11-07 13:41:00,2024-11-10 07:59:00,email,Billing,Payment failure,Medium,Escalated,Neutral,TaskBoard,Starter,North America,Hindi,Agent_008 (Daniel N),My payment of $427.00 failed but the amount was still deducted from my account.,No action needed,66.3,,8.3,False,True,5,1122,2024-11-07 21:59:00,8.3,58.0,66.3,48,0.0,13,Thursday,Tarde (12-18),False,18.299999999999997,False
TKT-00114,2025-02-06 13:29:00,,email,Account Access,Account locked,High,In Progress,Positive,CloudSync Pro,Professional,Southeast Asia,Hindi,Agent_002 (James T),I'm having trouble with 2FA — the codes aren't working on my new phone.,Policy exception granted,,,22.2,False,False,3,1417,2025-02-07 11:41:00,22.2,,,24,,13,Thursday,Tarde (12-18),False,,False
TKT-00115,2024-10-07 19:21:00,2024-10-09 10:27:00,chat,Feature Request,API access,High,Resolved,Neutral,InvoiceFlow,Professional,Africa,Japanese,Agent_009 (Yuki T),"Can you add an option to export reports in Excel format, not just CSV?",No action needed,39.1,3.5,16.7,False,False,2,722,2024-10-08 12:03:00,16.7,22.400000000000002,39.1,24,0.0,19,Monday,Noche (18-24),False,15.100000000000001,False
TKT-00116,2025-01-25 11:03:00,2025-01-28 05:21:00,helpdesk_portal,Account Access,Account locked,Medium,Resolved,Very Negative,InvoiceFlow,Professional,Africa,English,Agent_001 (Priya S),I'm having trouble with 2FA — the codes aren't working on my new phone.,Issue fixed by agent,66.3,1.6,16.2,False,False,4,1326,2025-01-26 03:15:00,16.2,50.099999999999994,66.3,48,0.0,11,Saturday,Mañana (06-12),False,18.299999999999997,False
TKT-00117,2024-02-25 07:47:00,2024-02-28 07:59:00,chat,Account Access,Account deletion,Low,Closed,Very Negative,CloudSync Pro,Enterprise,South Asia,Japanese,Unassigned,I need to update the email address associated with my account.,Self-service guided,72.2,1.4,,False,False,9,542,,,,72.2,72,0.0,7,Sunday,Mañana (06-12),False,0.20000000000000284,False
TKT-00118,2024-11-04 22:50:00,2024-11-07 10:02:00,chat,Billing,Payment failure,Medium,Resolved,Neutral,InvoiceFlow,Free,North America,English,Agent_009 (Yuki T),"Hi, I was charged $406.99 twice on Nov 21, 2024. My invoice is INV-9608. Please refund the duplicate.",Refund processed,59.2,3.1,5.4,False,False,6,679,2024-11-05 04:14:00,5.4,53.800000000000004,59.2,48,0.0,22,Monday,Noche (18-24),False,11.200000000000003,False
TKT-00119,2024-09-06 08:43:00,2024-09-13 04:13:00,email,Technical Issue,Feature not working,Low,Resolved,Very Negative,SecureVault,Enterprise,Middle East,French,Agent_004 (Omar F),The app keeps crashing when I try to connect an integration. I'm on macOS Sonoma.,Pending customer,163.5,1.2,23.0,False,False,1,1284,2024-09-07 07:43:00,23.0,140.5,163.5,72,0.0,8,Friday,Mañana (06-12),True,91.5,False
TKT-00120,2024-03-14 11:01:00,2024-03-16 14:07:00,web_form,Billing,Payment failure,Medium,Closed,Very Negative,DataDash,Professional,North America,Japanese,Agent_008 (Daniel N),"Hi, I was charged $49.00 twice on Feb 25, 2024. My invoice is INV-3916. Please refund the duplicate.",Escalated to engineering,51.1,1.3,9.4,False,False,1,1314,2024-03-14 20:25:00,9.4,41.7,51.1,48,0.0,11,Thursday,Mañana (06-12),True,3.1000000000000014,False
TKT-00121,2025-03-24 19:25:00,,chat,Delivery / Shipping,Late delivery,Low,Open,Negative,TaskBoard,Professional,Europe,French,Agent_006 (Raj P),The tracking for order #82551 hasn't updated in 12 days.,Issue fixed by agent,,,1.1,False,False,7,1101,2025-03-24 20:31:00,1.1,,,72,,19,Monday,Noche (18-24),False,,False
TKT-00122,2024-09-15 13:07:00,2024-09-18 03:13:00,helpdesk_portal,Account Access,Account deletion,Low,Closed,Neutral,TaskBoard,Enterprise,North America,English,Agent_002 (James T),I can't log in to my account. The password reset email is not arriving.,Refund processed,62.1,3.7,5.7,False,False,2,397,2024-09-15 18:49:00,5.7,56.4,62.1,72,1.0,13,Sunday,Tarde (12-18),False,0.0,False
TKT-00123,2024-08-14 20:17:00,2024-08-18 02:47:00,chat,Technical Issue,Login error,Medium,Resolved,Negative,InvoiceFlow,Starter,South Asia,English,Agent_001 (Priya S),Performance has been extremely slow on my end. Pages take 20+ seconds to load.,Issue fixed by agent,78.5,2.9,4.8,False,False,11,157,2024-08-15 01:05:00,4.8,73.7,78.5,48,0.0,20,Wednesday,Noche (18-24),False,30.5,False
TKT-00124,2025-04-28 11:23:00,2025-04-29 07:59:00,email,Delivery / Shipping,Missing package,High,Resolved,Very Negative,TaskBoard,Professional,South Asia,English,Agent_003 (Lena K),The item I received is damaged. I need a replacement or refund for order #99674.,Pending customer,20.6,1.4,4.4,False,False,11,300,2025-04-28 15:47:00,4.4,16.200000000000003,20.6,24,1.0,11,Monday,Mañana (06-12),False,0.0,False
TKT-00125,2025-04-25 21:56:00,,email,Delivery / Shipping,Late delivery,Medium,In Progress,Negative,DataDash,Starter,North America,English,Agent_009 (Yuki T),"My order #87028 was supposed to arrive on Apr 15, 2024 but it's still not here.",Self-service guided,,,9.1,False,False,9,832,2025-04-26 07:02:00,9.1,,,48,,21,Friday,Noche (18-24),False,,False
TKT-00126,2024-07-10 12:23:00,2024-07-11 15:41:00,email,Technical Issue,App crash,High,Resolved,Negative,InvoiceFlow,Free,South Asia,English,Agent_006 (Raj P),I'm unable to connect an integration since the latest update. Getting error code ERR-704.,Issue fixed by agent,27.3,2.6,4.0,False,False,1,1173,2024-07-10 16:23:00,4.0,23.3,27.3,24,0.0,12,Wednesday,Tarde (12-18),True,3.3000000000000007,False
TKT-00127,2024-08-09 21:38:00,2024-08-17 08:38:00,helpdesk_portal,Billing,Invoice request,Low,Resolved,Very Negative,DataDash,Professional,Latin America,German,Agent_008 (Daniel N),I noticed an incorrect charge of $117.49 on my last bill. Can you look into invoice INV-3979?,Policy exception granted,179.0,1.1,0.5,False,False,9,1402,2024-08-09 22:08:00,0.5,178.5,179.0,72,0.0,21,Friday,Noche (18-24),False,107.0,False
TKT-00128,2024-01-02 20:33:00,2024-01-06 21:09:00,whatsapp,Technical Issue,App crash,Low,Resolved,Positive,InvoiceFlow,Professional,North America,English,Agent_005 (Sophie M),My data isn't syncing across devices. Last successful sync was 9 days ago.,Issue fixed by agent,96.6,4.3,0.2,False,False,1,1184,2024-01-02 20:45:00,0.2,96.39999999999999,96.6,72,0.0,20,Tuesday,Noche (18-24),True,24.599999999999994,False
TKT-00129,2025-01-09 15:43:00,,chat,Account Access,Email change,Medium,In Progress,Negative,TaskBoard,Free,Europe,Hindi,Agent_003 (Lena K),My account appears to be locked. I haven't violated any terms.,Refund processed,,,10.8,False,False,3,206,2025-01-10 02:31:00,10.8,,,48,,15,Thursday,Tarde (12-18),False,,False
TKT-00130,2025-03-21 09:04:00,2025-03-22 21:58:00,twitter_dm,Billing,Payment failure,Medium,Resolved,Neutral,InvoiceFlow,Free,Southeast Asia,English,Agent_001 (Priya S),"Hi, I was charged $316.00 twice on Jan 28, 2025. My invoice is INV-7564. Please refund the duplicate.",Issue fixed by agent,36.9,3.2,18.8,False,False,12,475,2025-03-22 03:52:00,18.8,18.099999999999998,36.9,48,1.0,9,Friday,Mañana (06-12),False,0.0,False
TKT-00131,2024-01-16 09:58:00,2024-01-17 10:28:00,chat,Feature Request,UI improvement,Medium,Resolved,Negative,SecureVault,Starter,North America,French,Agent_004 (Omar F),A dark mode option would be greatly appreciated for late-night work sessions.,Issue fixed by agent,24.5,2.3,2.9,False,False,5,1102,2024-01-16 12:52:00,2.9,21.6,24.5,48,1.0,9,Tuesday,Mañana (06-12),False,0.0,False
TKT-00132,2024-01-29 22:07:00,2024-01-31 10:43:00,twitter_dm,Refund / Return,Refund status,Medium,Escalated,Negative,InvoiceFlow,Professional,Southeast Asia,English,Agent_005 (Sophie M),I was overcharged and would like a partial refund for the difference.,Refund processed,36.6,,1.9,False,True,8,643,2024-01-30 00:01:00,1.9,34.7,36.6,48,1.0,22,Monday,Noche (18-24),False,0.0,False
TKT-00133,2024-07-26 14:53:00,2024-07-27 18:41:00,email,Technical Issue,Login error,High,Escalated,Neutral,InvoiceFlow,Professional,Africa,German,Agent_009 (Yuki T),The app keeps crashing when I try to connect an integration. I'm on Windows 11.,Issue fixed by agent,27.8,,23.6,False,True,5,815,2024-07-27 14:29:00,23.6,4.199999999999999,27.8,24,0.0,14,Friday,Tarde (12-18),False,3.8000000000000007,False
TKT-00134,2025-06-14 21:20:00,2025-06-17 16:56:00,chat,Technical Issue,App crash,Medium,Closed,Positive,DataDash,Professional,South Asia,French,Agent_002 (James T),I'm unable to invite a team member since the latest update. Getting error code ERR-661.,,67.6,4.2,10.2,False,False,6,748,2025-06-15 07:32:00,10.2,57.39999999999999,67.6,48,0.0,21,Saturday,Noche (18-24),False,19.599999999999994,False
TKT-00135,2024-05-29 11:30:00,,email,Refund / Return,Full refund,Low,In Progress,Neutral,InvoiceFlow,Free,North America,English,Agent_004 (Omar F),I was overcharged and would like a partial refund for the difference.,Self-service guided,,,1.5,False,False,8,1290,2024-05-29 13:00:00,1.5,,,72,,11,Wednesday,Mañana (06-12),False,,False
TKT-00136,2024-06-27 16:22:00,2024-06-28 10:46:00,chat,Billing,Subscription upgrade,High,Resolved,Neutral,InvoiceFlow,Starter,Middle East,English,Agent_007 (Elena V),Could you send me a detailed invoice for the period Oct–Dec 2024? I need it for tax purposes.,Refund processed,18.4,3.1,8.3,False,False,11,597,2024-06-28 00:40:00,8.3,10.099999999999998,18.4,24,1.0,16,Thursday,Tarde (12-18),False,0.0,False
TKT-00137,2024-05-08 14:42:00,2024-05-10 02:48:00,whatsapp,Delivery / Shipping,Late delivery,Medium,Closed,Negative,TaskBoard,Professional,Africa,English,Agent_002 (James T),I received the wrong item in my package. Order #20911.,Pending customer,36.1,2.6,2.1,False,False,7,634,2024-05-08 16:48:00,2.1,34.0,36.1,48,1.0,14,Wednesday,Tarde (12-18),False,0.0,False
TKT-00138,2024-10-05 21:08:00,,chat,Technical Issue,Data sync issue,High,In Progress,Negative,InvoiceFlow,Free,North America,Arabic,Agent_008 (Daniel N),I'm unable to invite a team member since the latest update. Getting error code ERR-652.,Self-service guided,,,6.3,False,False,1,1072,2024-10-06 03:26:00,6.3,,,24,,21,Saturday,Noche (18-24),True,,False
TKT-00139,2024-08-24 07:35:00,2024-08-25 03:35:00,chat,Refund / Return,Refund status,High,Resolved,Neutral,CloudSync Pro,Enterprise,Africa,English,Agent_004 (Omar F),What's the status of refund request #REF-5454? It's been 8 days.,Issue fixed by agent,20.0,3.6,12.8,False,False,4,141,2024-08-24 20:23:00,12.8,7.199999999999999,20.0,24,1.0,7,Saturday,Mañana (06-12),False,0.0,False
TKT-00140,2024-04-14 16:17:00,2024-04-16 22:17:00,email,Billing,Invoice request,Low,Resolved,Negative,CloudSync Pro,Starter,South Asia,English,Agent_005 (Sophie M),"Hi, I was charged $124.00 twice on Jun 03, 2024. My invoice is INV-1241. Please refund the duplicate.",Issue fixed by agent,54.0,2.1,18.0,False,False,5,804,2024-04-15 10:17:00,18.0,36.0,54.0,72,1.0,16,Sunday,Tarde (12-18),False,0.0,False
TKT-00141,2024-02-04 13:29:00,2024-02-07 12:23:00,web_form,Billing,Duplicate charge,Medium,Closed,Neutral,TaskBoard,Free,Middle East,English,Agent_008 (Daniel N),I noticed an incorrect charge of $247.49 on my last bill. Can you look into invoice INV-6293?,Self-service guided,70.9,4.0,5.7,False,False,1,343,2024-02-04 19:11:00,5.7,65.2,70.9,48,0.0,13,Sunday,Tarde (12-18),True,22.900000000000006,False
TKT-00142,2025-05-26 09:43:00,,web_form,Refund / Return,Policy inquiry,Medium,In Progress,Negative,SecureVault,Professional,South Asia,English,Agent_008 (Daniel N),I want to return an item from order #83184 — it doesn't meet my needs.,Issue fixed by agent,,,17.6,True,False,7,734,2025-05-27 03:19:00,17.6,,,48,,9,Monday,Mañana (06-12),False,,False
TKT-00143,2024-06-13 09:33:00,2024-06-15 19:51:00,whatsapp,Delivery / Shipping,Damaged item,Low,Resolved,Positive,InvoiceFlow,Professional,South Asia,Hindi,Agent_003 (Lena K),The item I received is damaged. I need a replacement or refund for order #52034.,Self-service guided,58.3,4.2,16.4,False,False,3,1256,2024-06-14 01:57:00,16.4,41.9,58.3,72,1.0,9,Thursday,Mañana (06-12),False,0.0,False
TKT-00144,2024-02-02 19:42:00,,email,Technical Issue,Feature not working,Medium,Open,Neutral,InvoiceFlow,Enterprise,North America,English,Agent_001 (Priya S),Performance has been extremely slow on my end. Pages take 20+ seconds to load.,Issue fixed by agent,,,19.1,True,False,10,545,2024-02-03 14:48:00,19.1,,,48,,19,Friday,Noche (18-24),False,,False
TKT-00145,2024-07-02 20:47:00,,email,Account Access,Password reset,High,Open,Very Negative,CloudSync Pro,Free,South Asia,English,Agent_002 (James T),I'm having trouble with 2FA — the codes aren't working on my new phone.,Escalated to engineering,,,21.7,False,False,6,762,2024-07-03 18:29:00,21.7,,,24,,20,Tuesday,Noche (18-24),False,,False
TKT-00146,2025-02-10 07:46:00,2025-02-11 04:16:00,whatsapp,Technical Issue,Performance slow,Medium,Resolved,Very Negative,CloudSync Pro,Starter,South Asia,German,Agent_004 (Omar F),The app keeps crashing when I try to export a report. I'm on iOS 17.,Self-service guided,20.5,1.1,11.1,False,False,5,752,2025-02-10 18:52:00,11.1,9.4,20.5,48,1.0,7,Monday,Mañana (06-12),False,0.0,False
TKT-00147,2024-04-07 16:02:00,2024-04-13 13:14:00,email,General Inquiry,Partnership,Low,Resolved,Neutral,InvoiceFlow,Starter,South Asia,English,Agent_005 (Sophie M),I'm interested in a partnership opportunity with your company.,Refund processed,141.2,3.3,1.1,False,False,3,670,2024-04-07 17:08:00,1.1,140.1,141.2,72,0.0,16,Sunday,Tarde (12-18),False,69.19999999999999,False
TKT-00148,2024-05-15 17:05:00,2024-05-20 01:35:00,whatsapp,Account Access,Password reset,Low,Closed,Positive,DataDash,Professional,Europe,English,Agent_003 (Lena K),I need to update the email address associated with my account.,Self-service guided,104.5,4.2,6.5,False,False,11,1180,2024-05-15 23:35:00,6.5,98.0,104.5,72,0.0,17,Wednesday,Tarde (12-18),False,32.5,False
TKT-00149,2025-03-28 11:28:00,2025-03-29 08:40:00,chat,Billing,Incorrect amount,Medium,Resolved,Negative,DataDash,Free,South Asia,Japanese,Agent_006 (Raj P),I noticed an incorrect charge of $355.49 on my last bill. Can you look into invoice INV-2405?,,21.2,2.5,0.6,False,False,9,434,2025-03-28 12:04:00,0.6,20.599999999999998,21.2,48,1.0,11,Friday,Mañana (06-12),False,0.0,False
TKT-00150,2024-06-23 08:18:00,2024-06-24 16:48:00,email,Billing,Subscription upgrade,Medium,Resolved,Neutral,TaskBoard,Professional,North America,Hindi,Agent_006 (Raj P),My payment of $32.49 failed but the amount was still deducted from my account.,Issue fixed by agent,32.5,4.0,12.3,False,False,6,993,2024-06-23 20:36:00,12.3,20.2,32.5,48,1.0,8,Sunday,Mañana (06-12),False,0.0,False
TKT-00151,2024-06-09 07:22:00,2024-06-12 02:40:00,email,Refund / Return,Return request,Medium,Resolved,Neutral,DataDash,Free,Africa,Hindi,Agent_003 (Lena K),I want to return an item from order #54798 — it doesn't meet my needs.,Self-service guided,67.3,3.1,9.2,False,False,10,1282,2024-06-09 16:34:00,9.2,58.099999999999994,67.3,48,0.0,7,Sunday,Mañana (06-12),False,19.299999999999997,False
TKT-00152,2024-07-26 11:19:00,2024-07-29 06:55:00,email,Feature Request,Dark mode,Medium,Resolved,Negative,DataDash,Starter,South Asia,French,Agent_006 (Raj P),"Can you add an option to export reports in Excel format, not just CSV?",Escalated to engineering,67.6,2.4,22.4,False,False,12,561,2024-07-27 09:43:00,22.4,45.199999999999996,67.6,48,0.0,11,Friday,Mañana (06-12),False,19.599999999999994,False
TKT-00153,2024-03-22 22:08:00,,whatsapp,Billing,Subscription upgrade,Low,Open,Neutral,SecureVault,Professional,South Asia,Hindi,Agent_002 (James T),Could you send me a detailed invoice for the period Oct–Dec 2024? I need it for tax purposes.,Issue fixed by agent,,,22.2,False,False,4,1375,2024-03-23 20:20:00,22.2,,,72,,22,Friday,Noche (18-24),False,,False
TKT-00154,2024-02-12 19:46:00,2024-02-13 13:46:00,chat,Complaint,Repeat issue,High,Closed,Positive,SecureVault,Professional,Middle East,English,Agent_003 (Lena K),I've been waiting 2 days for a response. This is unacceptable.,Self-service guided,18.0,4.3,9.6,False,False,5,945,2024-02-13 05:22:00,9.6,8.4,18.0,24,1.0,19,Monday,Noche (18-24),False,0.0,False
TKT-00155,2024-05-18 19:26:00,2024-05-22 06:02:00,email,Billing,Duplicate charge,Low,Resolved,Very Negative,SecureVault,Professional,Europe,English,Agent_002 (James T),I noticed an incorrect charge of $237.99 on my last bill. Can you look into invoice INV-8449?,Refund processed,82.6,1.6,2.1,False,False,12,1048,2024-05-18 21:32:00,2.1,80.5,82.6,72,0.0,19,Saturday,Noche (18-24),False,10.599999999999994,False
TKT-00156,2024-02-22 20:19:00,,helpdesk_portal,Feature Request,UI improvement,Low,Open,Negative,CloudSync Pro,Enterprise,Europe,English,Agent_002 (James T),Is there any plan to expose an API for the reporting module?,No action needed,,,13.1,True,False,8,488,2024-02-23 09:25:00,13.1,,,72,,20,Thursday,Noche (18-24),False,,False
TKT-00157,2024-07-08 11:03:00,2024-07-11 04:03:00,email,Billing,Duplicate charge,Medium,Resolved,Negative,InvoiceFlow,Enterprise,North America,French,Agent_008 (Daniel N),I noticed an incorrect charge of $442.00 on my last bill. Can you look into invoice INV-6424?,Issue fixed by agent,65.0,2.7,8.7,True,False,5,662,2024-07-08 19:45:00,8.7,56.3,65.0,48,0.0,11,Monday,Mañana (06-12),False,17.0,False
TKT-00158,2024-08-02 08:06:00,2024-08-04 19:12:00,web_form,Technical Issue,Data sync issue,Medium,Resolved,Positive,InvoiceFlow,Free,Europe,English,Agent_005 (Sophie M),The app keeps crashing when I try to invite a team member. I'm on Windows 11.,Refund processed,59.1,4.8,21.2,False,False,5,397,2024-08-03 05:18:00,21.2,37.900000000000006,59.1,48,0.0,8,Friday,Mañana (06-12),False,11.100000000000001,False
TKT-00159,2024-01-12 13:44:00,,chat,Billing,Payment failure,Low,Open,Negative,TaskBoard,Enterprise,Southeast Asia,English,Agent_005 (Sophie M),My payment of $409.00 failed but the amount was still deducted from my account.,Escalated to engineering,,,4.7,False,False,11,982,2024-01-12 18:26:00,4.7,,,72,,13,Friday,Tarde (12-18),False,,False
TKT-00160,2025-06-17 16:36:00,2025-06-18 23:48:00,chat,General Inquiry,Compatibility,High,Resolved,Negative,InvoiceFlow,Professional,Africa,Spanish,Agent_004 (Omar F),Could you explain the difference between the Professional and Enterprise plans?,No action needed,31.2,2.6,9.4,False,False,5,1445,2025-06-18 02:00:00,9.4,21.799999999999997,31.2,24,0.0,16,Tuesday,Tarde (12-18),False,7.199999999999999,False
TKT-00161,2024-02-08 13:58:00,,chat,Refund / Return,Full refund,High,Open,Neutral,SecureVault,Enterprise,Europe,Hindi,Agent_002 (James T),What's the status of refund request #REF-3347? It's been 13 days.,Self-service guided,,,19.7,False,False,11,272,2024-02-09 09:40:00,19.7,,,24,,13,Thursday,Tarde (12-18),False,,False
TKT-00162,2024-04-15 16:01:00,2024-04-20 15:13:00,helpdesk_portal,Billing,Payment failure,Low,Closed,Negative,CloudSync Pro,Free,Europe,Arabic,Agent_003 (Lena K),I noticed an incorrect charge of $169.00 on my last bill. Can you look into invoice INV-5695?,Pending customer,119.2,2.0,15.0,False,False,4,1112,2024-04-16 07:01:00,15.0,104.2,119.2,72,0.0,16,Monday,Tarde (12-18),False,47.2,False
TKT-00163,2025-04-27 08:06:00,2025-04-29 05:42:00,whatsapp,Technical Issue,App crash,Medium,Resolved,Neutral,CloudSync Pro,Free,North America,English,Agent_004 (Omar F),My data isn't syncing across devices. Last successful sync was 14 days ago.,Issue fixed by agent,45.6,3.8,22.1,False,False,8,636,2025-04-28 06:12:00,22.1,23.5,45.6,48,1.0,8,Sunday,Mañana (06-12),False,0.0,False
TKT-00164,2024-11-28 21:31:00,,phone,Feature Request,New integration,High,In Progress,Negative,CloudSync Pro,Professional,Middle East,English,Agent_007 (Elena V),It would be really helpful if SecureVault supported direct integration with Zapier.,Escalated to engineering,,,9.8,False,False,2,668,2024-11-29 07:19:00,9.8,,,24,,21,Thursday,Noche (18-24),False,,False
TKT-00165,2025-03-17 20:36:00,2025-03-24 02:00:00,email,Account Access,Account deletion,Low,Resolved,Neutral,InvoiceFlow,Starter,North America,English,Agent_001 (Priya S),My account appears to be locked. I haven't violated any terms.,Issue fixed by agent,149.4,3.6,16.5,False,False,7,671,2025-03-18 13:06:00,16.5,132.9,149.4,72,0.0,20,Monday,Noche (18-24),False,77.4,False
TKT-00166,2025-02-03 21:12:00,2025-02-05 06:00:00,email,Account Access,2FA issue,Medium,Closed,Positive,SecureVault,Professional,Africa,English,Agent_002 (James T),I'm having trouble with 2FA — the codes aren't working on my new phone.,Refund processed,32.8,4.9,23.2,True,False,9,736,2025-02-04 20:24:00,23.2,9.599999999999998,32.8,48,1.0,21,Monday,Noche (18-24),False,0.0,False
TKT-00167,2024-05-22 13:35:00,2024-05-26 08:59:00,chat,Billing,Payment failure,Low,Resolved,Positive,InvoiceFlow,Professional,South Asia,English,Agent_002 (James T),Could you send me a detailed invoice for the period Jan–Mar 2024? I need it for tax purposes.,Issue fixed by agent,91.4,4.6,10.0,False,False,12,1238,2024-05-22 23:35:00,10.0,81.4,91.4,72,0.0,13,Wednesday,Tarde (12-18),False,19.400000000000006,False
TKT-00168,2025-05-28 15:26:00,2025-06-01 04:08:00,chat,General Inquiry,Partnership,Medium,Resolved,Negative,TaskBoard,Starter,Europe,English,Agent_005 (Sophie M),Where can I find documentation on setting up the API?,No action needed,84.7,2.5,14.7,False,False,11,1360,2025-05-29 06:08:00,14.7,70.0,84.7,48,0.0,15,Wednesday,Tarde (12-18),False,36.7,False
TKT-00169,2024-12-05 20:22:00,2024-12-13 02:40:00,web_form,Complaint,Unresolved issue,Low,Closed,Negative,DataDash,Starter,North America,English,Agent_005 (Sophie M),The agent I spoke to was dismissive and unhelpful. I'd like to escalate.,Self-service guided,174.3,2.1,12.2,False,False,5,517,2024-12-06 08:34:00,12.2,162.10000000000002,174.3,72,0.0,20,Thursday,Noche (18-24),False,102.30000000000001,False
TKT-00170,2024-08-29 22:11:00,,email,Billing,Subscription upgrade,Low,Open,Very Negative,CloudSync Pro,Professional,North America,English,Agent_008 (Daniel N),"Hi, I was charged $180.00 twice on May 28, 2024. My invoice is INV-3525. Please refund the duplicate.",Issue fixed by agent,,,15.5,False,False,2,108,2024-08-30 13:41:00,15.5,,,72,,22,Thursday,Noche (18-24),False,,False
TKT-00171,2024-01-13 16:59:00,2024-01-16 20:23:00,web_form,Billing,Invoice request,Medium,Closed,Neutral,TaskBoard,Starter,South Asia,English,Agent_002 (James T),My payment of $497.99 failed but the amount was still deducted from my account.,Pending customer,75.4,3.8,18.0,False,False,10,400,2024-01-14 10:59:00,18.0,57.400000000000006,75.4,48,0.0,16,Saturday,Tarde (12-18),False,27.400000000000006,False
TKT-00172,2024-10-17 15:12:00,2024-10-18 11:42:00,chat,Account Access,Account deletion,Medium,Resolved,Very Negative,CloudSync Pro,Free,North America,Hindi,Agent_007 (Elena V),I can't log in to my account. The password reset email is not arriving.,Self-service guided,20.5,1.3,15.9,True,False,8,567,2024-10-18 07:06:00,15.9,4.6,20.5,48,1.0,15,Thursday,Tarde (12-18),False,0.0,False
TKT-00173,2024-09-28 12:28:00,2024-09-29 11:28:00,email,Delivery / Shipping,Wrong item,Medium,Closed,Negative,CloudSync Pro,Starter,Southeast Asia,English,Unassigned,The tracking for order #43947 hasn't updated in 12 days.,Issue fixed by agent,23.0,2.1,,False,False,5,914,,,,23.0,48,1.0,12,Saturday,Tarde (12-18),False,0.0,False
TKT-00174,2025-05-17 22:27:00,,chat,Billing,Invoice request,Medium,Open,Negative,CloudSync Pro,Free,Europe,English,Agent_001 (Priya S),"Hi, I was charged $281.00 twice on Jan 04, 2024. My invoice is INV-7298. Please refund the duplicate.",Escalated to engineering,,,12.9,False,False,2,942,2025-05-18 11:21:00,12.9,,,48,,22,Saturday,Noche (18-24),False,,False
TKT-00175,2025-03-24 13:08:00,2025-03-26 06:14:00,chat,Delivery / Shipping,Late delivery,Low,Resolved,Neutral,SecureVault,Starter,South Asia,English,Agent_007 (Elena V),I received the wrong item in my package. Order #54265.,Refund processed,41.1,3.1,19.4,False,False,8,1389,2025-03-25 08:32:00,19.4,21.700000000000003,41.1,72,1.0,13,Monday,Tarde (12-18),False,0.0,False
TKT-00176,2024-05-13 07:11:00,,email,Refund / Return,Full refund,Medium,In Progress,Negative,CloudSync Pro,Professional,Southeast Asia,Arabic,Agent_006 (Raj P),I want to return an item from order #18271 — it doesn't meet my needs.,Issue fixed by agent,,,8.2,False,False,12,1390,2024-05-13 15:23:00,8.2,,,48,,7,Monday,Mañana (06-12),False,,False
TKT-00177,2025-03-01 12:44:00,2025-03-05 06:02:00,email,Technical Issue,Login error,Low,Resolved,Negative,DataDash,Starter,Latin America,English,Agent_001 (Priya S),My data isn't syncing across devices. Last successful sync was 9 days ago.,Issue fixed by agent,89.3,2.7,14.3,False,False,12,975,2025-03-02 03:02:00,14.3,75.0,89.3,72,0.0,12,Saturday,Tarde (12-18),False,17.299999999999997,False
TKT-00178,2024-11-04 18:26:00,2024-11-06 07:08:00,email,Delivery / Shipping,Wrong item,Low,Resolved,Negative,DataDash,Professional,Africa,English,Agent_005 (Sophie M),I received the wrong item in my package. Order #29558.,Policy exception granted,36.7,2.2,16.1,True,False,11,746,2024-11-05 10:32:00,16.1,20.6,36.7,72,1.0,18,Monday,Noche (18-24),False,0.0,False
TKT-00179,2024-04-28 09:57:00,2024-04-29 20:51:00,phone,Technical Issue,Feature not working,Medium,Closed,Neutral,TaskBoard,Professional,North America,English,Agent_008 (Daniel N),Performance has been extremely slow on my end. Pages take 20+ seconds to load.,Refund processed,34.9,3.5,11.7,False,False,3,443,2024-04-28 21:39:00,11.7,23.2,34.9,48,1.0,9,Sunday,Mañana (06-12),False,0.0,False
TKT-00180,2024-05-19 10:54:00,,email,General Inquiry,Documentation,Medium,In Progress,Negative,InvoiceFlow,Enterprise,South Asia,English,Agent_007 (Elena V),I'm interested in a partnership opportunity with your company.,Issue fixed by agent,,,20.7,False,False,8,948,2024-05-20 07:36:00,20.7,,,48,,10,Sunday,Mañana (06-12),False,,False
TKT-00181,2024-02-15 08:30:00,,whatsapp,Technical Issue,Data sync issue,High,In Progress,Negative,DataDash,Enterprise,South Asia,English,Agent_006 (Raj P),The app keeps crashing when I try to connect an integration. I'm on macOS Sonoma.,Issue fixed by agent,,,8.7,False,False,2,33,2024-02-15 17:12:00,8.7,,,24,,8,Thursday,Mañana (06-12),False,,False
TKT-00182,2025-01-14 21:45:00,2025-01-17 13:21:00,web_form,Account Access,Password reset,Medium,Closed,Negative,TaskBoard,Starter,North America,Arabic,Agent_004 (Omar F),I need to update the email address associated with my account.,No action needed,63.6,2.6,8.1,False,False,9,1382,2025-01-15 05:51:00,8.1,55.5,63.6,48,0.0,21,Tuesday,Noche (18-24),False,15.600000000000001,False
TKT-00183,2024-12-08 14:34:00,2024-12-10 18:58:00,web_form,Technical Issue,Feature not working,Low,Resolved,Negative,CloudSync Pro,Professional,Europe,Hindi,Agent_008 (Daniel N),I'm unable to invite a team member since the latest update. Getting error code ERR-383.,Issue fixed by agent,52.4,2.5,19.9,False,False,9,1390,2024-12-09 10:28:00,19.9,32.5,52.4,72,1.0,14,Sunday,Tarde (12-18),False,0.0,False
TKT-00184,2025-02-04 12:18:00,2025-02-06 03:00:00,phone,Refund / Return,Full refund,High,Resolved,Negative,InvoiceFlow,Enterprise,Southeast Asia,English,Agent_009 (Yuki T),I'd like to request a full refund for my recent purchase. Order #64596.,Issue fixed by agent,38.7,2.5,10.1,False,False,1,598,2025-02-04 22:24:00,10.1,28.6,38.7,24,0.0,12,Tuesday,Tarde (12-18),True,14.700000000000003,False
TKT-00185,2025-06-26 21:29:00,2025-06-30 05:17:00,web_form,Billing,Incorrect amount,Low,Closed,Very Negative,DataDash,Professional,Europe,Spanish,Agent_005 (Sophie M),My payment of $92.49 failed but the amount was still deducted from my account.,Escalated to engineering,79.8,1.2,4.3,False,False,11,315,2025-06-27 01:47:00,4.3,75.5,79.8,72,0.0,21,Thursday,Noche (18-24),False,7.799999999999997,False
TKT-00186,2025-04-04 12:34:00,2025-04-07 19:58:00,web_form,Billing,Duplicate charge,Low,Resolved,Very Negative,DataDash,Starter,Europe,French,Unassigned,Could you send me a detailed invoice for the period Jul–Sep 2024? I need it for tax purposes.,Issue fixed by agent,79.4,1.9,,False,False,10,1366,,,,79.4,72,0.0,12,Friday,Tarde (12-18),False,7.400000000000006,False
TKT-00187,2024-08-13 21:22:00,2024-08-14 22:04:00,email,Billing,Duplicate charge,Medium,Resolved,Very Negative,InvoiceFlow,Enterprise,Southeast Asia,Hindi,Agent_003 (Lena K),I noticed an incorrect charge of $303.99 on my last bill. Can you look into invoice INV-5553?,Self-service guided,24.7,1.3,14.6,False,False,11,740,2024-08-14 11:58:00,14.6,10.1,24.7,48,1.0,21,Tuesday,Noche (18-24),False,0.0,False
TKT-00188,2025-03-01 21:18:00,2025-03-02 10:30:00,chat,Technical Issue,Feature not working,High,Resolved,Negative,CloudSync Pro,Starter,Europe,Hindi,Agent_002 (James T),My data isn't syncing across devices. Last successful sync was 10 days ago.,Pending customer,,2.0,,False,False,3,1139,,,,,24,,21,Saturday,Noche (18-24),False,,True
TKT-00189,2025-04-19 14:01:00,,helpdesk_portal,Account Access,Password reset,Medium,In Progress,Very Negative,TaskBoard,Professional,Europe,English,Agent_006 (Raj P),My account appears to be locked. I haven't violated any terms.,Refund processed,,,23.9,True,False,12,741,2025-04-20 13:55:00,23.9,,,48,,14,Saturday,Tarde (12-18),False,,False
TKT-00190,2024-02-29 11:20:00,2024-03-02 14:32:00,whatsapp,Feature Request,Export options,Medium,Resolved,Very Negative,DataDash,Free,Southeast Asia,Hindi,Agent_008 (Daniel N),A dark mode option would be greatly appreciated for late-night work sessions.,Issue fixed by agent,51.2,1.8,14.4,False,False,6,648,2024-03-01 01:44:00,14.4,36.800000000000004,51.2,48,0.0,11,Thursday,Mañana (06-12),False,3.200000000000003,False
TKT-00191,2025-05-11 20:21:00,2025-05-15 08:39:00,helpdesk_portal,Refund / Return,Partial refund,Medium,Resolved,Neutral,InvoiceFlow,Professional,North America,English,Agent_005 (Sophie M),I'd like to request a full refund for my recent purchase. Order #12277.,Self-service guided,84.3,3.3,8.8,False,False,10,1072,2025-05-12 05:09:00,8.8,75.5,84.3,48,0.0,20,Sunday,Noche (18-24),False,36.3,False
TKT-00192,2024-03-21 20:44:00,,email,Delivery / Shipping,Late delivery,Medium,Open,Negative,TaskBoard,Enterprise,North America,English,Agent_002 (James T),"My order #17768 was supposed to arrive on Mar 17, 2025 but it's still not here.",Issue fixed by agent,,,21.8,True,False,5,1368,2024-03-22 18:32:00,21.8,,,48,,20,Thursday,Noche (18-24),False,,False
TKT-00193,2024-12-22 18:10:00,2024-12-29 09:16:00,email,Billing,Subscription upgrade,Low,Resolved,Neutral,InvoiceFlow,Professional,North America,English,Agent_007 (Elena V),I noticed an incorrect charge of $263.99 on my last bill. Can you look into invoice INV-2623?,Issue fixed by agent,159.1,3.4,14.2,False,False,2,371,2024-12-23 08:22:00,14.2,144.9,159.1,72,0.0,18,Sunday,Noche (18-24),False,87.1,False
TKT-00194,2024-10-22 08:05:00,2024-10-22 14:59:00,chat,Refund / Return,Full refund,Critical,Resolved,Negative,DataDash,Starter,Southeast Asia,English,Agent_005 (Sophie M),What's the status of refund request #REF-7020? It's been 8 days.,Self-service guided,,2.0,,False,False,7,898,,,,,8,,8,Tuesday,Mañana (06-12),False,,True
TKT-00195,2024-07-24 19:07:00,2024-07-26 05:55:00,phone,Account Access,Email change,Medium,Resolved,Neutral,InvoiceFlow,Professional,Latin America,English,Agent_004 (Omar F),I need to update the email address associated with my account.,Issue fixed by agent,34.8,3.3,12.0,False,False,3,61,2024-07-25 07:07:00,12.0,22.799999999999997,34.8,48,1.0,19,Wednesday,Noche (18-24),False,0.0,False
TKT-00196,2025-06-16 22:50:00,2025-06-21 05:56:00,email,Billing,Payment failure,Low,Resolved,Positive,SecureVault,Professional,Europe,French,Agent_001 (Priya S),Could you send me a detailed invoice for the period Jul–Sep 2024? I need it for tax purposes.,Issue fixed by agent,103.1,4.5,0.9,False,False,5,1447,2025-06-16 23:44:00,0.9,102.19999999999999,103.1,72,0.0,22,Monday,Noche (18-24),False,31.099999999999994,False
TKT-00197,2024-06-09 08:25:00,2024-06-10 21:25:00,whatsapp,Billing,Subscription upgrade,Medium,Resolved,Neutral,TaskBoard,Professional,South Asia,Hindi,Agent_005 (Sophie M),Could you send me a detailed invoice for the period Jul–Sep 2024? I need it for tax purposes.,Refund processed,37.0,3.4,10.3,False,False,7,720,2024-06-09 18:43:00,10.3,26.7,37.0,48,1.0,8,Sunday,Mañana (06-12),False,0.0,False
TKT-00198,2025-03-08 20:17:00,2025-03-10 11:11:00,email,Billing,Invoice request,Low,Resolved,Neutral,CloudSync Pro,Enterprise,Southeast Asia,English,Agent_005 (Sophie M),"Hi, I was charged $167.49 twice on Feb 03, 2025. My invoice is INV-6282. Please refund the duplicate.",Issue fixed by agent,38.9,3.2,7.3,False,False,4,1018,2025-03-09 03:35:00,7.3,31.599999999999998,38.9,72,1.0,20,Saturday,Noche (18-24),False,0.0,False
TKT-00199,2024-04-07 17:17:00,2024-04-07 21:05:00,whatsapp,Feature Request,Dark mode,Critical,Closed,Positive,CloudSync Pro,Starter,North America,Spanish,Agent_006 (Raj P),Is there any plan to expose an API for the reporting module?,Policy exception granted,,4.6,,False,False,3,39,,,,,8,,17,Sunday,Tarde (12-18),False,,True
TKT-00200,2025-03-20 08:33:00,2025-03-21 16:57:00,email,Feature Request,API access,Medium,Resolved,Neutral,InvoiceFlow,Enterprise,Middle East,French,Agent_008 (Daniel N),"Can you add an option to export reports in Excel format, not just CSV?",Pending customer,32.4,3.7,5.7,False,False,3,394,2025-03-20 14:15:00,5.7,26.7,32.4,48,1.0,8,Thursday,Mañana (06-12),False,0.0,False
TKT-00201,2024-10-11 12:41:00,2024-10-12 23:59:00,email,Billing,Invoice request,High,Resolved,Neutral,SecureVault,Enterprise,Europe,English,Agent_001 (Priya S),"Hi, I was charged $33.00 twice on Nov 17, 2024. My invoice is INV-5882. Please refund the duplicate.",No action needed,35.3,3.6,12.1,False,False,11,1189,2024-10-12 00:47:00,12.1,23.199999999999996,35.3,24,0.0,12,Friday,Tarde (12-18),False,11.299999999999997,False
TKT-00202,2024-08-29 20:13:00,2024-08-30 00:55:00,chat,General Inquiry,Plan comparison,Critical,Closed,Neutral,CloudSync Pro,Enterprise,North America,Hindi,Agent_004 (Omar F),Does SecureVault integrate with Salesforce?,No action needed,,4.0,,False,False,6,974,,,,,8,,20,Thursday,Noche (18-24),False,,True
TKT-00203,2025-01-28 16:40:00,2025-01-30 07:22:00,phone,Delivery / Shipping,Damaged item,High,Escalated,Positive,InvoiceFlow,Professional,Middle East,French,Agent_008 (Daniel N),"My order #37575 was supposed to arrive on Mar 29, 2025 but it's still not here.",Issue fixed by agent,38.7,,15.2,False,True,11,833,2025-01-29 07:52:00,15.2,23.500000000000004,38.7,24,0.0,16,Tuesday,Tarde (12-18),False,14.700000000000003,False
TKT-00204,2024-06-13 15:32:00,2024-06-15 13:08:00,chat,Delivery / Shipping,Tracking issue,Low,Closed,Positive,DataDash,Enterprise,Southeast Asia,English,Agent_009 (Yuki T),The item I received is damaged. I need a replacement or refund for order #51120.,Issue fixed by agent,45.6,4.2,12.4,False,False,11,267,2024-06-14 03:56:00,12.4,33.2,45.6,72,1.0,15,Thursday,Tarde (12-18),False,0.0,False
TKT-00205,2025-02-28 18:11:00,2025-03-02 16:29:00,web_form,Refund / Return,Refund status,Medium,Resolved,Very Negative,DataDash,Starter,Southeast Asia,Spanish,Agent_008 (Daniel N),I was overcharged and would like a partial refund for the difference.,Issue fixed by agent,46.3,1.1,23.0,False,False,10,241,2025-03-01 17:11:00,23.0,23.299999999999997,46.3,48,1.0,18,Friday,Noche (18-24),False,0.0,False
TKT-00206,2025-05-21 19:08:00,2025-05-23 20:14:00,email,Billing,Incorrect amount,Medium,Closed,Very Negative,TaskBoard,Starter,Europe,Japanese,Agent_008 (Daniel N),I noticed an incorrect charge of $426.49 on my last bill. Can you look into invoice INV-7853?,Issue fixed by agent,49.1,1.4,16.5,False,False,1,961,2025-05-22 11:38:00,16.5,32.6,49.1,48,0.0,19,Wednesday,Noche (18-24),True,1.1000000000000014,False
TKT-00207,2024-08-28 22:58:00,2024-08-30 18:28:00,email,Billing,Subscription upgrade,Medium,Resolved,Negative,InvoiceFlow,Professional,Southeast Asia,English,Agent_001 (Priya S),"Hi, I was charged $7.49 twice on May 31, 2025. My invoice is INV-7241. Please refund the duplicate.",Self-service guided,43.5,2.5,22.3,False,False,3,184,2024-08-29 21:16:00,22.3,21.2,43.5,48,1.0,22,Wednesday,Noche (18-24),False,0.0,False
TKT-00208,2024-09-26 15:33:00,,helpdesk_portal,Technical Issue,Performance slow,Medium,Open,Neutral,CloudSync Pro,Enterprise,North America,German,Agent_009 (Yuki T),My data isn't syncing across devices. Last successful sync was 4 days ago.,Issue fixed by agent,,,6.3,False,False,7,238,2024-09-26 21:51:00,6.3,,,48,,15,Thursday,Tarde (12-18),False,,False
TKT-00209,2024-10-17 12:53:00,2024-10-17 17:53:00,helpdesk_portal,Complaint,Repeat issue,Critical,Resolved,Positive,InvoiceFlow,Professional,Europe,Arabic,Agent_002 (James T),The agent I spoke to was dismissive and unhelpful. I'd like to escalate.,Issue fixed by agent,,4.7,,False,False,10,218,,,,,8,,12,Thursday,Tarde (12-18),False,,True
TKT-00210,2025-04-08 17:46:00,2025-04-16 05:46:00,whatsapp,Refund / Return,Policy inquiry,Low,Closed,Positive,InvoiceFlow,Enterprise,Europe,English,Unassigned,I was overcharged and would like a partial refund for the difference.,Escalated to engineering,180.0,4.0,,False,False,7,825,,,,180.0,72,0.0,17,Tuesday,Tarde (12-18),False,108.0,False
TKT-00211,2025-01-11 13:31:00,,chat,Technical Issue,Feature not working,High,In Progress,Negative,DataDash,Enterprise,Europe,French,Agent_002 (James T),My data isn't syncing across devices. Last successful sync was 12 days ago.,Escalated to engineering,,,23.4,False,False,11,1406,2025-01-12 12:55:00,23.4,,,24,,13,Saturday,Tarde (12-18),False,,False
TKT-00212,2024-11-03 14:33:00,2024-11-03 22:39:00,helpdesk_portal,Delivery / Shipping,Missing package,Critical,Resolved,Negative,CloudSync Pro,Free,Europe,English,Unassigned,"My order #56590 was supposed to arrive on Feb 16, 2024 but it's still not here.",Escalated to engineering,8.1,2.8,,True,False,12,1355,,,,8.1,8,0.0,14,Sunday,Tarde (12-18),False,0.09999999999999964,False
TKT-00213,2024-12-15 12:13:00,,web_form,Account Access,Account locked,High,Open,Very Negative,DataDash,Starter,Southeast Asia,German,Agent_004 (Omar F),I can't log in to my account. The password reset email is not arriving.,No action needed,,,16.6,False,False,12,1233,2024-12-16 04:49:00,16.6,,,24,,12,Sunday,Tarde (12-18),False,,False
TKT-00214,2024-01-17 13:54:00,2024-01-18 09:48:00,helpdesk_portal,Delivery / Shipping,Tracking issue,Medium,Resolved,Very Negative,InvoiceFlow,Professional,Latin America,English,Agent_002 (James T),I received the wrong item in my package. Order #65296.,Issue fixed by agent,19.9,1.2,3.7,False,False,8,966,2024-01-17 17:36:00,3.7,16.2,19.9,48,1.0,13,Wednesday,Tarde (12-18),False,0.0,False
TKT-00215,2025-05-22 16:02:00,2025-05-24 21:08:00,email,Billing,Invoice request,Medium,Resolved,Neutral,TaskBoard,Starter,Europe,Spanish,Agent_004 (Omar F),Could you send me a detailed invoice for the period Jan–Mar 2024? I need it for tax purposes.,Self-service guided,53.1,3.6,15.5,False,False,7,43,2025-05-23 07:32:00,15.5,37.6,53.1,48,0.0,16,Thursday,Tarde (12-18),False,5.100000000000001,False
TKT-00216,2024-10-27 19:26:00,2024-10-29 06:08:00,phone,Billing,Payment failure,High,Resolved,Negative,DataDash,Professional,South Asia,Arabic,Agent_007 (Elena V),Could you send me a detailed invoice for the period Jan–Mar 2024? I need it for tax purposes.,Self-service guided,34.7,2.9,11.9,False,False,9,97,2024-10-28 07:20:00,11.9,22.800000000000004,34.7,24,0.0,19,Sunday,Noche (18-24),False,10.700000000000003,False
TKT-00217,2024-08-17 22:16:00,2024-08-21 15:46:00,helpdesk_portal,Complaint,Unresolved issue,Medium,Resolved,Neutral,CloudSync Pro,Professional,Middle East,English,Agent_001 (Priya S),I've been waiting 9 days for a response. This is unacceptable.,Issue fixed by agent,89.5,3.5,4.1,False,False,4,741,2024-08-18 02:22:00,4.1,85.4,89.5,48,0.0,22,Saturday,Noche (18-24),False,41.5,False
TKT-00218,2025-03-01 07:15:00,2025-03-07 19:27:00,chat,Billing,Invoice request,Low,Resolved,Negative,TaskBoard,Professional,North America,English,Agent_008 (Daniel N),My payment of $151.99 failed but the amount was still deducted from my account.,Self-service guided,156.2,2.1,10.3,False,False,8,1058,2025-03-01 17:33:00,10.3,145.89999999999998,156.2,72,0.0,7,Saturday,Mañana (06-12),False,84.19999999999999,False
TKT-00219,2024-03-03 19:48:00,,email,Refund / Return,Full refund,Medium,In Progress,Positive,CloudSync Pro,Enterprise,Middle East,English,Unassigned,I was overcharged and would like a partial refund for the difference.,Issue fixed by agent,,,,False,False,9,1251,,,,,48,,19,Sunday,Noche (18-24),False,,False
TKT-00220,2024-07-21 16:05:00,,web_form,General Inquiry,Pricing info,High,In Progress,Negative,InvoiceFlow,Professional,Southeast Asia,Arabic,Agent_008 (Daniel N),Where can I find documentation on setting up the API?,Self-service guided,,,0.8,False,False,10,530,2024-07-21 16:53:00,0.8,,,24,,16,Sunday,Tarde (12-18),False,,False
TKT-00221,2024-05-07 21:19:00,2024-05-08 23:37:00,whatsapp,Technical Issue,App crash,High,Escalated,Negative,CloudSync Pro,Starter,North America,English,Agent_001 (Priya S),My data isn't syncing across devices. Last successful sync was 8 days ago.,Escalated to engineering,26.3,,19.8,False,True,2,301,2024-05-08 17:07:00,19.8,6.5,26.3,24,0.0,21,Tuesday,Noche (18-24),False,2.3000000000000007,False
TKT-00222,2025-02-08 15:37:00,,chat,Delivery / Shipping,Tracking issue,High,Open,Positive,SecureVault,Starter,Europe,Hindi,Agent_006 (Raj P),The tracking for order #77264 hasn't updated in 13 days.,Refund processed,,,16.7,False,False,1,322,2025-02-09 08:19:00,16.7,,,24,,15,Saturday,Tarde (12-18),True,,False
TKT-00223,2024-11-06 16:31:00,2024-11-07 12:31:00,email,General Inquiry,Plan comparison,Medium,Resolved,Very Negative,DataDash,Professional,North America,English,Agent_004 (Omar F),Does CloudSync Pro integrate with Salesforce?,,20.0,1.1,1.2,False,False,5,1159,2024-11-06 17:43:00,1.2,18.8,20.0,48,1.0,16,Wednesday,Tarde (12-18),False,0.0,False
TKT-00224,2024-11-29 09:51:00,2024-12-02 00:51:00,whatsapp,Account Access,Account deletion,Medium,Closed,Negative,TaskBoard,Free,North America,German,Agent_006 (Raj P),I need to update the email address associated with my account.,Issue fixed by agent,63.0,2.6,2.1,False,False,9,1182,2024-11-29 11:57:00,2.1,60.9,63.0,48,0.0,9,Friday,Mañana (06-12),False,15.0,False
TKT-00225,2025-03-30 09:51:00,2025-03-30 19:15:00,whatsapp,Delivery / Shipping,Damaged item,Critical,Closed,Negative,DataDash,Professional,North America,Japanese,Agent_003 (Lena K),The tracking for order #60070 hasn't updated in 2 days.,Issue fixed by agent,9.4,2.1,2.5,False,False,3,375,2025-03-30 12:21:00,2.5,6.9,9.4,8,0.0,9,Sunday,Mañana (06-12),False,1.4000000000000004,False
TKT-00226,2025-02-26 17:16:00,2025-03-02 11:22:00,email,Technical Issue,App crash,Low,Resolved,Neutral,CloudSync Pro,Starter,South Asia,English,Agent_004 (Omar F),The app keeps crashing when I try to upload a file. I'm on Windows 11.,Self-service guided,90.1,3.0,15.2,False,False,1,552,2025-02-27 08:28:00,15.2,74.89999999999999,90.1,72,0.0,17,Wednesday,Tarde (12-18),True,18.099999999999994,False
TKT-00227,2024-05-25 18:34:00,2024-05-29 11:28:00,chat,Account Access,Account locked,Medium,Closed,Neutral,InvoiceFlow,Professional,North America,Spanish,Agent_005 (Sophie M),I need to update the email address associated with my account.,No action needed,88.9,3.8,9.2,False,False,11,436,2024-05-26 03:46:00,9.2,79.7,88.9,48,0.0,18,Saturday,Noche (18-24),False,40.900000000000006,False
TKT-00228,2025-03-18 13:39:00,2025-03-20 19:57:00,email,Feature Request,UI improvement,Medium,Closed,Positive,InvoiceFlow,Starter,Europe,English,Agent_005 (Sophie M),A dark mode option would be greatly appreciated for late-night work sessions.,Issue fixed by agent,54.3,4.6,0.2,True,False,3,847,2025-03-18 13:51:00,0.2,54.099999999999994,54.3,48,0.0,13,Tuesday,Tarde (12-18),False,6.299999999999997,False
TKT-00229,2024-05-06 18:52:00,2024-05-08 15:58:00,whatsapp,Account Access,Account deletion,Medium,Resolved,Negative,CloudSync Pro,Professional,Middle East,Arabic,Agent_008 (Daniel N),I'm having trouble with 2FA — the codes aren't working on my new phone.,Self-service guided,45.1,2.1,14.8,False,False,12,453,2024-05-07 09:40:00,14.8,30.3,45.1,48,1.0,18,Monday,Noche (18-24),False,0.0,False
TKT-00230,2025-05-27 22:10:00,2025-05-30 07:52:00,email,Technical Issue,Data sync issue,Medium,Resolved,Negative,SecureVault,Starter,Southeast Asia,Spanish,Agent_004 (Omar F),I'm unable to invite a team member since the latest update. Getting error code ERR-635.,Pending customer,57.7,2.7,21.2,True,False,7,1313,2025-05-28 19:22:00,21.2,36.5,57.7,48,0.0,22,Tuesday,Noche (18-24),False,9.700000000000003,False
TKT-00231,2024-08-17 08:17:00,2024-08-20 20:23:00,whatsapp,Feature Request,Dark mode,Medium,Resolved,Very Negative,TaskBoard,Free,Europe,English,Agent_005 (Sophie M),Is there any plan to expose an API for the reporting module?,Issue fixed by agent,84.1,1.3,1.6,False,False,1,983,2024-08-17 09:53:00,1.6,82.5,84.1,48,0.0,8,Saturday,Mañana (06-12),True,36.099999999999994,False
TKT-00232,2024-08-30 09:49:00,2024-09-04 12:13:00,phone,Account Access,Email change,Low,Closed,Very Negative,TaskBoard,Starter,North America,Spanish,Agent_008 (Daniel N),I can't log in to my account. The password reset email is not arriving.,Refund processed,122.4,1.3,15.1,True,False,11,115,2024-08-31 00:55:00,15.1,107.30000000000001,122.4,72,0.0,9,Friday,Mañana (06-12),False,50.400000000000006,False
TKT-00233,2024-04-13 17:41:00,,web_form,Account Access,Password reset,Low,Open,Negative,TaskBoard,Professional,North America,English,Agent_004 (Omar F),I need to update the email address associated with my account.,No action needed,,,8.6,False,False,10,911,2024-04-14 02:17:00,8.6,,,72,,17,Saturday,Tarde (12-18),False,,False
TKT-00234,2025-04-25 16:38:00,,chat,Billing,Payment failure,Low,In Progress,Positive,InvoiceFlow,Professional,South Asia,Hindi,Agent_005 (Sophie M),My payment of $193.00 failed but the amount was still deducted from my account.,Issue fixed by agent,,,8.3,False,False,12,1417,2025-04-26 00:56:00,8.3,,,72,,16,Friday,Tarde (12-18),False,,False
TKT-00235,2024-08-12 07:40:00,2024-08-13 17:46:00,email,Complaint,Rude agent,Medium,Resolved,Neutral,SecureVault,Starter,South Asia,English,Agent_008 (Daniel N),Your refund policy is very unfair. I'm considering leaving the platform.,Issue fixed by agent,34.1,3.0,2.9,False,False,4,1293,2024-08-12 10:34:00,2.9,31.200000000000003,34.1,48,1.0,7,Monday,Mañana (06-12),False,0.0,False
TKT-00236,2024-01-23 12:53:00,,web_form,Feature Request,UI improvement,High,Open,Positive,CloudSync Pro,Enterprise,North America,English,Agent_005 (Sophie M),It would be really helpful if InvoiceFlow supported direct integration with Slack.,Issue fixed by agent,,,21.1,True,False,3,268,2024-01-24 09:59:00,21.1,,,24,,12,Tuesday,Tarde (12-18),False,,False
TKT-00237,2024-06-01 17:15:00,2024-06-03 12:57:00,email,Refund / Return,Return request,Low,Resolved,Negative,InvoiceFlow,Starter,Latin America,Hindi,Agent_002 (James T),I was overcharged and would like a partial refund for the difference.,Refund processed,43.7,2.2,17.1,False,False,8,1014,2024-06-02 10:21:00,17.1,26.6,43.7,72,1.0,17,Saturday,Tarde (12-18),False,0.0,False
TKT-00238,2025-01-21 12:59:00,2025-01-24 19:41:00,chat,Account Access,2FA issue,Medium,Closed,Negative,InvoiceFlow,Enterprise,North America,English,Agent_002 (James T),I can't log in to my account. The password reset email is not arriving.,Self-service guided,78.7,2.4,8.9,False,False,5,784,2025-01-21 21:53:00,8.9,69.8,78.7,48,0.0,12,Tuesday,Tarde (12-18),False,30.700000000000003,False
TKT-00239,2024-05-01 09:23:00,,whatsapp,Billing,Duplicate charge,Medium,Open,Neutral,SecureVault,Professional,Europe,English,Agent_003 (Lena K),I noticed an incorrect charge of $175.00 on my last bill. Can you look into invoice INV-5096?,Issue fixed by agent,,,6.8,False,False,7,831,2024-05-01 16:11:00,6.8,,,48,,9,Wednesday,Mañana (06-12),False,,False
TKT-00240,2025-04-24 21:21:00,2025-04-26 06:39:00,email,Refund / Return,Return request,High,Resolved,Positive,SecureVault,Enterprise,Latin America,German,Agent_002 (James T),I was overcharged and would like a partial refund for the difference.,Issue fixed by agent,33.3,4.8,20.0,False,False,7,872,2025-04-25 17:21:00,20.0,13.299999999999997,33.3,24,0.0,21,Thursday,Noche (18-24),False,9.299999999999997,False
TKT-00241,2025-02-04 19:13:00,2025-02-08 09:31:00,phone,Feature Request,New integration,Medium,Resolved,Very Negative,DataDash,Professional,North America,English,Agent_009 (Yuki T),Is there any plan to expose an API for the reporting module?,Self-service guided,86.3,1.2,1.8,False,False,5,422,2025-02-04 21:01:00,1.8,84.5,86.3,48,0.0,19,Tuesday,Noche (18-24),False,38.3,False
TKT-00242,2025-05-04 09:24:00,,chat,Technical Issue,Login error,Medium,Open,Positive,DataDash,Enterprise,North America,English,Agent_001 (Priya S),I'm unable to export a report since the latest update. Getting error code ERR-701.,Refund processed,,,23.8,False,False,7,1239,2025-05-05 09:12:00,23.8,,,48,,9,Sunday,Mañana (06-12),False,,False
TKT-00243,2024-10-31 19:39:00,2024-11-04 00:57:00,chat,Refund / Return,Partial refund,Medium,Closed,Very Negative,DataDash,Professional,South Asia,Arabic,Agent_004 (Omar F),What's the status of refund request #REF-5485? It's been 13 days.,Escalated to engineering,77.3,1.7,1.7,False,False,4,1011,2024-10-31 21:21:00,1.7,75.6,77.3,48,0.0,19,Thursday,Noche (18-24),False,29.299999999999997,False
TKT-00244,2024-01-28 09:40:00,2024-01-29 15:52:00,chat,Technical Issue,Feature not working,High,Resolved,Neutral,TaskBoard,Professional,South Asia,English,Agent_002 (James T),My data isn't syncing across devices. Last successful sync was 3 days ago.,Issue fixed by agent,30.2,3.5,2.1,False,False,12,897,2024-01-28 11:46:00,2.1,28.099999999999998,30.2,24,0.0,9,Sunday,Mañana (06-12),False,6.199999999999999,False
TKT-00245,2024-10-06 11:28:00,,whatsapp,Billing,Payment failure,High,In Progress,Very Negative,CloudSync Pro,Starter,North America,English,Agent_001 (Priya S),I noticed an incorrect charge of $115.99 on my last bill. Can you look into invoice INV-9721?,No action needed,,,1.4,True,False,7,414,2024-10-06 12:52:00,1.4,,,24,,11,Sunday,Mañana (06-12),False,,False
TKT-00246,2024-06-20 12:02:00,,email,General Inquiry,Documentation,Medium,Open,Neutral,DataDash,Starter,Latin America,French,Agent_002 (James T),Could you explain the difference between the Professional and Enterprise plans?,Pending customer,,,0.5,False,False,1,798,2024-06-20 12:32:00,0.5,,,48,,12,Thursday,Tarde (12-18),True,,False
TKT-00247,2024-06-24 15:06:00,2024-06-29 17:30:00,chat,Billing,Invoice request,Low,Resolved,Negative,InvoiceFlow,Enterprise,North America,German,Agent_005 (Sophie M),I noticed an incorrect charge of $175.00 on my last bill. Can you look into invoice INV-8899?,,122.4,2.2,14.8,False,False,5,485,2024-06-25 05:54:00,14.8,107.60000000000001,122.4,72,0.0,15,Monday,Tarde (12-18),False,50.400000000000006,False
TKT-00248,2025-03-30 17:08:00,,email,Delivery / Shipping,Damaged item,High,Open,Negative,DataDash,Free,Europe,English,Agent_009 (Yuki T),The item I received is damaged. I need a replacement or refund for order #41752.,Refund processed,,,21.8,False,False,4,1408,2025-03-31 14:56:00,21.8,,,24,,17,Sunday,Tarde (12-18),False,,False
TKT-00249,2024-07-28 11:05:00,2024-07-31 00:05:00,chat,Delivery / Shipping,Missing package,Low,Resolved,Very Negative,CloudSync Pro,Free,South Asia,Japanese,Agent_001 (Priya S),I received the wrong item in my package. Order #33125.,,61.0,1.3,10.8,False,False,5,986,2024-07-28 21:53:00,10.8,50.2,61.0,72,1.0,11,Sunday,Mañana (06-12),False,0.0,False
TKT-00250,2025-01-25 20:54:00,,web_form,Billing,Duplicate charge,Critical,In Progress,Negative,DataDash,Professional,South Asia,Spanish,Agent_008 (Daniel N),My payment of $309.99 failed but the amount was still deducted from my account.,Issue fixed by agent,,,8.1,False,False,4,317,2025-01-26 05:00:00,8.1,,,8,,20,Saturday,Noche (18-24),False,,False
TKT-00251,2024-03-13 20:56:00,2024-03-15 14:32:00,chat,General Inquiry,Pricing info,Low,Closed,Very Negative,DataDash,Starter,Europe,German,Agent_004 (Omar F),I'm interested in a partnership opportunity with your company.,Self-service guided,41.6,1.7,5.9,True,False,6,1293,2024-03-14 02:50:00,5.9,35.7,41.6,72,1.0,20,Wednesday,Noche (18-24),False,0.0,False
TKT-00252,2024-04-29 09:41:00,,email,Delivery / Shipping,Tracking issue,Low,In Progress,Negative,InvoiceFlow,Free,Africa,Hindi,Agent_006 (Raj P),The tracking for order #75620 hasn't updated in 8 days.,Issue fixed by agent,,,14.1,False,False,12,183,2024-04-29 23:47:00,14.1,,,72,,9,Monday,Mañana (06-12),False,,False
TKT-00253,2024-04-09 09:49:00,2024-04-12 05:55:00,web_form,Billing,Subscription upgrade,Medium,Closed,Very Negative,CloudSync Pro,Professional,North America,English,Agent_002 (James T),Could you send me a detailed invoice for the period Apr–Jun 2024? I need it for tax purposes.,Refund processed,68.1,1.5,19.6,False,False,1,375,2024-04-10 05:25:00,19.6,48.49999999999999,68.1,48,0.0,9,Tuesday,Mañana (06-12),True,20.099999999999994,False
TKT-00254,2024-03-06 17:01:00,2024-03-11 17:19:00,whatsapp,Refund / Return,Refund status,Low,Closed,Very Negative,DataDash,Free,Africa,English,Agent_001 (Priya S),What's the status of refund request #REF-9520? It's been 5 days.,Issue fixed by agent,120.3,1.9,11.4,False,False,7,690,2024-03-07 04:25:00,11.4,108.89999999999999,120.3,72,0.0,17,Wednesday,Tarde (12-18),False,48.3,False
TKT-00255,2025-04-12 19:46:00,2025-04-14 06:28:00,email,Technical Issue,Login error,High,Closed,Very Negative,SecureVault,Starter,South Asia,English,Agent_003 (Lena K),The app keeps crashing when I try to connect an integration. I'm on macOS Sonoma.,Issue fixed by agent,34.7,1.6,21.0,False,False,12,667,2025-04-13 16:46:00,21.0,13.700000000000003,34.7,24,0.0,19,Saturday,Noche (18-24),False,10.700000000000003,False
TKT-00256,2024-04-12 19:18:00,2024-04-17 22:42:00,phone,Feature Request,Export options,Low,Closed,Negative,TaskBoard,Enterprise,Europe,English,Agent_006 (Raj P),It would be really helpful if DataDash supported direct integration with Zapier.,Escalated to engineering,123.4,2.8,15.9,False,False,7,60,2024-04-13 11:12:00,15.9,107.5,123.4,72,0.0,19,Friday,Noche (18-24),False,51.400000000000006,False
TKT-00257,2025-05-18 09:50:00,2025-05-18 21:08:00,phone,Billing,Incorrect amount,Critical,Closed,Very Negative,CloudSync Pro,Starter,North America,English,Agent_002 (James T),"Hi, I was charged $334.49 twice on Jan 21, 2025. My invoice is INV-7252. Please refund the duplicate.",Refund processed,,1.7,,False,False,2,1174,,,,,8,,9,Sunday,Mañana (06-12),False,,True
TKT-00258,2024-05-09 14:06:00,2024-05-10 10:42:00,helpdesk_portal,Technical Issue,Data sync issue,High,Resolved,Very Negative,CloudSync Pro,Professional,North America,Japanese,Agent_003 (Lena K),My data isn't syncing across devices. Last successful sync was 6 days ago.,Self-service guided,20.6,1.5,16.6,False,False,12,1176,2024-05-10 06:42:00,16.6,4.0,20.6,24,1.0,14,Thursday,Tarde (12-18),False,0.0,False
TKT-00259,2024-02-23 12:54:00,2024-02-24 12:30:00,helpdesk_portal,Account Access,Email change,High,Resolved,Negative,DataDash,Starter,Latin America,English,Agent_007 (Elena V),I'm having trouble with 2FA — the codes aren't working on my new phone.,No action needed,23.6,2.3,22.2,False,False,9,807,2024-02-24 11:06:00,22.2,1.4000000000000021,23.6,24,1.0,12,Friday,Tarde (12-18),False,0.0,False
TKT-00260,2024-05-28 13:13:00,2024-05-31 17:07:00,web_form,Billing,Incorrect amount,Medium,Closed,Very Negative,CloudSync Pro,Starter,Africa,Hindi,Agent_004 (Omar F),"Hi, I was charged $190.99 twice on Apr 14, 2024. My invoice is INV-3418. Please refund the duplicate.",Refund processed,75.9,2.0,15.6,False,False,3,1285,2024-05-29 04:49:00,15.6,60.300000000000004,75.9,48,0.0,13,Tuesday,Tarde (12-18),False,27.900000000000006,False
TKT-00261,2024-04-01 21:55:00,2024-04-08 07:43:00,web_form,Delivery / Shipping,Tracking issue,Low,Resolved,Neutral,DataDash,Free,South Asia,Spanish,Unassigned,The item I received is damaged. I need a replacement or refund for order #39482.,Escalated to engineering,153.8,3.3,,False,False,10,371,,,,153.8,72,0.0,21,Monday,Noche (18-24),False,81.80000000000001,False
TKT-00262,2025-02-07 22:04:00,2025-02-08 07:16:00,helpdesk_portal,Technical Issue,Data sync issue,Critical,Resolved,Negative,CloudSync Pro,Professional,Europe,Hindi,Agent_004 (Omar F),The app keeps crashing when I try to upload a file. I'm on macOS Sonoma.,Escalated to engineering,9.2,2.1,6.2,False,False,2,256,2025-02-08 04:16:00,6.2,2.999999999999999,9.2,8,0.0,22,Friday,Noche (18-24),False,1.1999999999999993,False
TKT-00263,2025-03-31 11:36:00,2025-04-02 16:54:00,phone,Account Access,2FA issue,Medium,Resolved,Negative,SecureVault,Starter,North America,English,Agent_008 (Daniel N),I'm having trouble with 2FA — the codes aren't working on my new phone.,Escalated to engineering,53.3,2.6,6.7,False,False,7,153,2025-03-31 18:18:00,6.7,46.599999999999994,53.3,48,0.0,11,Monday,Mañana (06-12),False,5.299999999999997,False
TKT-00264,2024-10-02 13:45:00,,phone,Account Access,2FA issue,Low,In Progress,Negative,DataDash,Professional,Africa,English,Agent_002 (James T),My account appears to be locked. I haven't violated any terms.,Refund processed,,,1.7,False,False,6,684,2024-10-02 15:27:00,1.7,,,72,,13,Wednesday,Tarde (12-18),False,,False
TKT-00265,2024-11-09 22:06:00,2024-11-14 14:18:00,phone,Delivery / Shipping,Missing package,Low,Resolved,Very Negative,CloudSync Pro,Starter,Latin America,Spanish,Agent_002 (James T),The item I received is damaged. I need a replacement or refund for order #87937.,Refund processed,112.2,1.6,6.3,False,False,12,319,2024-11-10 04:24:00,6.3,105.9,112.2,72,0.0,22,Saturday,Noche (18-24),False,40.2,False
TKT-00266,2025-03-25 18:51:00,,web_form,Feature Request,API access,Low,In Progress,Negative,SecureVault,Starter,South Asia,French,Agent_004 (Omar F),A dark mode option would be greatly appreciated for late-night work sessions.,Self-service guided,,,17.5,False,False,3,1179,2025-03-26 12:21:00,17.5,,,72,,18,Tuesday,Noche (18-24),False,,False
TKT-00267,2025-06-29 10:25:00,2025-06-29 18:49:00,whatsapp,Billing,Incorrect amount,High,Resolved,Negative,SecureVault,Starter,Latin America,German,Agent_005 (Sophie M),"Hi, I was charged $370.49 twice on Dec 19, 2024. My invoice is INV-5001. Please refund the duplicate.",Refund processed,,2.8,,False,False,7,1015,,,,,24,,10,Sunday,Mañana (06-12),False,,True
TKT-00268,2025-02-07 13:59:00,2025-02-09 05:53:00,email,Technical Issue,Data sync issue,Medium,Closed,Neutral,CloudSync Pro,Professional,South Asia,English,Agent_003 (Lena K),The app keeps crashing when I try to upload a file. I'm on macOS Sonoma.,Issue fixed by agent,39.9,3.4,0.3,False,False,4,174,2025-02-07 14:17:00,0.3,39.6,39.9,48,1.0,13,Friday,Tarde (12-18),False,0.0,False
TKT-00269,2024-10-02 10:28:00,2024-10-03 15:28:00,chat,Account Access,Email change,High,Closed,Negative,CloudSync Pro,Starter,Southeast Asia,English,Agent_004 (Omar F),My account appears to be locked. I haven't violated any terms.,Pending customer,29.0,2.9,3.9,False,False,8,1363,2024-10-02 14:22:00,3.9,25.1,29.0,24,0.0,10,Wednesday,Mañana (06-12),False,5.0,False
TKT-00270,2025-02-02 11:07:00,2025-02-09 17:01:00,helpdesk_portal,Complaint,Long wait time,Low,Resolved,Negative,InvoiceFlow,Professional,North America,English,Agent_007 (Elena V),I've contacted support 4 times about the same issue and it's still unresolved.,No action needed,173.9,2.5,18.3,False,False,3,1048,2025-02-03 05:25:00,18.3,155.6,173.9,72,0.0,11,Sunday,Mañana (06-12),False,101.9,False
TKT-00271,2024-07-04 13:54:00,,chat,Billing,Subscription upgrade,Low,In Progress,Neutral,InvoiceFlow,Starter,South Asia,Spanish,Agent_001 (Priya S),I noticed an incorrect charge of $122.00 on my last bill. Can you look into invoice INV-7574?,No action needed,,,9.2,False,False,12,1298,2024-07-04 23:06:00,9.2,,,72,,13,Thursday,Tarde (12-18),False,,False
TKT-00272,2024-02-18 12:02:00,,chat,Complaint,Long wait time,Low,Open,Negative,DataDash,Free,North America,Japanese,Agent_007 (Elena V),I've been waiting 3 days for a response. This is unacceptable.,Issue fixed by agent,,,8.1,False,False,11,28,2024-02-18 20:08:00,8.1,,,72,,12,Sunday,Tarde (12-18),False,,False
TKT-00273,2024-03-30 10:08:00,2024-03-31 14:14:00,whatsapp,Feature Request,Dark mode,High,Resolved,Neutral,TaskBoard,Professional,Southeast Asia,English,Agent_003 (Lena K),It would be really helpful if InvoiceFlow supported direct integration with HubSpot.,Refund processed,28.1,3.0,4.7,False,False,5,1148,2024-03-30 14:50:00,4.7,23.400000000000002,28.1,24,0.0,10,Saturday,Mañana (06-12),False,4.100000000000001,False
TKT-00274,2024-05-12 16:02:00,2024-05-14 06:38:00,phone,Complaint,Long wait time,High,Resolved,Negative,SecureVault,Starter,North America,English,Agent_001 (Priya S),I've contacted support 4 times about the same issue and it's still unresolved.,Refund processed,38.6,2.2,0.2,False,False,10,1427,2024-05-12 16:14:00,0.2,38.4,38.6,24,0.0,16,Sunday,Tarde (12-18),False,14.600000000000001,False
TKT-00275,2025-06-30 14:18:00,2025-06-30 17:48:00,chat,Billing,Incorrect amount,Critical,Resolved,Negative,TaskBoard,Enterprise,North America,English,Agent_001 (Priya S),My payment of $479.00 failed but the amount was still deducted from my account.,Issue fixed by agent,,2.9,,False,False,3,837,,,,,8,,14,Monday,Tarde (12-18),False,,True
TKT-00276,2024-04-18 19:41:00,2024-04-21 20:47:00,email,General Inquiry,Partnership,Low,Resolved,Very Negative,CloudSync Pro,Professional,Europe,English,Agent_001 (Priya S),Does TaskBoard integrate with Salesforce?,Escalated to engineering,73.1,1.1,4.4,False,False,3,387,2024-04-19 00:05:00,4.4,68.69999999999999,73.1,72,0.0,19,Thursday,Noche (18-24),False,1.0999999999999943,False
TKT-00277,2025-04-10 19:06:00,2025-04-11 06:48:00,web_form,Account Access,Account locked,Critical,Resolved,Neutral,DataDash,Enterprise,Africa,English,Agent_002 (James T),I can't log in to my account. The password reset email is not arriving.,Self-service guided,,3.1,,True,False,1,218,,,,,8,,19,Thursday,Noche (18-24),True,,True
TKT-00278,2024-09-30 10:01:00,,helpdesk_portal,Account Access,Password reset,High,Open,Very Negative,CloudSync Pro,Enterprise,Southeast Asia,English,Agent_005 (Sophie M),I can't log in to my account. The password reset email is not arriving.,Issue fixed by agent,,,15.8,False,False,11,788,2024-10-01 01:49:00,15.8,,,24,,10,Monday,Mañana (06-12),False,,False
TKT-00279,2024-03-27 08:38:00,2024-03-27 21:26:00,chat,Feature Request,API access,High,Resolved,Very Negative,SecureVault,Enterprise,North America,English,Agent_003 (Lena K),A dark mode option would be greatly appreciated for late-night work sessions.,Self-service guided,,1.8,,True,False,1,305,,,,,24,,8,Wednesday,Mañana (06-12),True,,True
TKT-00280,2024-11-26 11:11:00,2024-12-02 13:41:00,email,Delivery / Shipping,Damaged item,Low,Resolved,Neutral,TaskBoard,Enterprise,Latin America,English,Agent_007 (Elena V),The item I received is damaged. I need a replacement or refund for order #80614.,Issue fixed by agent,146.5,3.5,19.7,False,False,10,864,2024-11-27 06:53:00,19.7,126.8,146.5,72,0.0,11,Tuesday,Mañana (06-12),False,74.5,False
TKT-00281,2024-04-22 08:58:00,,helpdesk_portal,Account Access,2FA issue,High,In Progress,Very Negative,CloudSync Pro,Starter,Europe,English,Agent_005 (Sophie M),I'm having trouble with 2FA — the codes aren't working on my new phone.,Issue fixed by agent,,,17.6,False,False,7,762,2024-04-23 02:34:00,17.6,,,24,,8,Monday,Mañana (06-12),False,,False
TKT-00282,2025-03-02 11:48:00,2025-03-05 02:06:00,email,Billing,Incorrect amount,Low,Resolved,Negative,InvoiceFlow,Free,North America,English,Agent_001 (Priya S),My payment of $245.49 failed but the amount was still deducted from my account.,Pending customer,62.3,2.0,20.0,False,False,8,1135,2025-03-03 07:48:00,20.0,42.3,62.3,72,1.0,11,Sunday,Mañana (06-12),False,0.0,False
TKT-00283,2025-02-14 08:14:00,2025-02-18 04:44:00,email,Delivery / Shipping,Missing package,Low,Resolved,Negative,CloudSync Pro,Starter,Africa,English,Agent_009 (Yuki T),"My order #35523 was supposed to arrive on Apr 24, 2025 but it's still not here.",No action needed,92.5,2.1,8.8,False,False,6,58,2025-02-14 17:02:00,8.8,83.7,92.5,72,0.0,8,Friday,Mañana (06-12),False,20.5,False
TKT-00284,2024-02-15 22:02:00,,email,Technical Issue,App crash,Low,In Progress,Neutral,CloudSync Pro,Starter,Africa,Japanese,Agent_003 (Lena K),Performance has been extremely slow on my end. Pages take 20+ seconds to load.,Issue fixed by agent,,,9.8,False,False,2,1029,2024-02-16 07:50:00,9.8,,,72,,22,Thursday,Noche (18-24),False,,False
TKT-00285,2024-08-25 13:51:00,2024-08-31 03:57:00,email,Refund / Return,Partial refund,Low,Resolved,Negative,InvoiceFlow,Starter,Middle East,English,Agent_009 (Yuki T),I was overcharged and would like a partial refund for the difference.,Issue fixed by agent,134.1,2.2,23.9,False,False,3,1162,2024-08-26 13:45:00,23.9,110.19999999999999,134.1,72,0.0,13,Sunday,Tarde (12-18),False,62.099999999999994,False
TKT-00286,2024-10-29 12:04:00,,helpdesk_portal,Feature Request,UI improvement,Medium,In Progress,Very Negative,SecureVault,Enterprise,South Asia,English,Agent_001 (Priya S),A dark mode option would be greatly appreciated for late-night work sessions.,Self-service guided,,,8.8,False,False,7,1270,2024-10-29 20:52:00,8.8,,,48,,12,Tuesday,Tarde (12-18),False,,False
TKT-00287,2024-02-28 14:44:00,2024-03-06 01:02:00,whatsapp,General Inquiry,Pricing info,Low,Closed,Negative,SecureVault,Professional,Europe,English,Agent_009 (Yuki T),Does CloudSync Pro integrate with Salesforce?,Escalated to engineering,154.3,2.6,21.6,False,False,2,370,2024-02-29 12:20:00,21.6,132.70000000000002,154.3,72,0.0,14,Wednesday,Tarde (12-18),False,82.30000000000001,False
TKT-00288,2024-10-12 21:02:00,2024-10-13 22:26:00,twitter_dm,Delivery / Shipping,Tracking issue,High,Closed,Very Negative,CloudSync Pro,Starter,Europe,English,Agent_007 (Elena V),I received the wrong item in my package. Order #17088.,Self-service guided,25.4,2.0,16.4,False,False,11,361,2024-10-13 13:26:00,16.4,9.0,25.4,24,0.0,21,Saturday,Noche (18-24),False,1.3999999999999986,False
TKT-00289,2025-03-14 17:48:00,2025-03-18 00:36:00,web_form,Billing,Incorrect amount,Low,Resolved,Negative,InvoiceFlow,Professional,Middle East,English,Agent_008 (Daniel N),My payment of $487.49 failed but the amount was still deducted from my account.,Issue fixed by agent,78.8,2.7,13.9,False,False,11,649,2025-03-15 07:42:00,13.9,64.89999999999999,78.8,72,0.0,17,Friday,Tarde (12-18),False,6.799999999999997,False
TKT-00290,2024-05-08 21:40:00,2024-05-10 12:40:00,email,Billing,Duplicate charge,High,Resolved,Very Negative,DataDash,Professional,Southeast Asia,German,Unassigned,"Hi, I was charged $116.99 twice on Jul 11, 2024. My invoice is INV-7884. Please refund the duplicate.",Policy exception granted,39.0,1.0,,False,False,9,256,,,,39.0,24,0.0,21,Wednesday,Noche (18-24),False,15.0,False
TKT-00291,2024-06-30 12:34:00,2024-07-02 13:58:00,web_form,Delivery / Shipping,Damaged item,Medium,Resolved,Negative,DataDash,Professional,South Asia,English,Agent_002 (James T),The tracking for order #91766 hasn't updated in 8 days.,Self-service guided,49.4,2.6,12.1,False,False,11,594,2024-07-01 00:40:00,12.1,37.3,49.4,48,0.0,12,Sunday,Tarde (12-18),False,1.3999999999999986,False
TKT-00292,2025-02-09 07:23:00,2025-02-15 11:59:00,chat,Refund / Return,Policy inquiry,Low,Resolved,Very Negative,CloudSync Pro,Enterprise,Middle East,Spanish,Agent_005 (Sophie M),I want to return an item from order #30103 — it doesn't meet my needs.,Pending customer,148.6,1.3,23.0,False,False,4,1139,2025-02-10 06:23:00,23.0,125.6,148.6,72,0.0,7,Sunday,Mañana (06-12),False,76.6,False
TKT-00293,2025-06-13 12:27:00,2025-06-16 09:45:00,whatsapp,Complaint,Rude agent,Low,Closed,Negative,TaskBoard,Free,South Asia,Japanese,Agent_002 (James T),I've been waiting 3 days for a response. This is unacceptable.,Pending customer,69.3,2.6,13.1,False,False,10,784,2025-06-14 01:33:00,13.1,56.199999999999996,69.3,72,1.0,12,Friday,Tarde (12-18),False,0.0,False
TKT-00294,2025-01-22 15:42:00,2025-01-23 01:24:00,email,Billing,Duplicate charge,High,Resolved,Very Negative,TaskBoard,Professional,North America,English,Agent_008 (Daniel N),I noticed an incorrect charge of $326.00 on my last bill. Can you look into invoice INV-2817?,Escalated to engineering,,1.8,,False,False,2,1006,,,,,24,,15,Wednesday,Tarde (12-18),False,,True
TKT-00295,2024-07-01 08:07:00,2024-07-05 00:25:00,whatsapp,Refund / Return,Return request,Medium,Resolved,Negative,CloudSync Pro,Enterprise,Europe,English,Agent_002 (James T),What's the status of refund request #REF-9384? It's been 2 days.,Issue fixed by agent,88.3,2.2,8.8,False,False,1,671,2024-07-01 16:55:00,8.8,79.5,88.3,48,0.0,8,Monday,Mañana (06-12),True,40.3,False
TKT-00296,2025-03-22 19:59:00,,web_form,Billing,Incorrect amount,Low,In Progress,Negative,CloudSync Pro,Free,North America,French,Agent_005 (Sophie M),My payment of $93.00 failed but the amount was still deducted from my account.,No action needed,,,19.6,False,False,10,785,2025-03-23 15:35:00,19.6,,,72,,19,Saturday,Noche (18-24),False,,False
TKT-00297,2025-06-27 18:25:00,2025-06-28 14:37:00,whatsapp,Account Access,Account locked,Medium,Resolved,Negative,CloudSync Pro,Free,North America,Hindi,Agent_003 (Lena K),I'm having trouble with 2FA — the codes aren't working on my new phone.,No action needed,20.2,2.7,5.2,False,False,6,477,2025-06-27 23:37:00,5.2,15.0,20.2,48,1.0,18,Friday,Noche (18-24),False,0.0,False
TKT-00298,2025-03-07 20:20:00,2025-03-11 00:56:00,phone,Account Access,Account locked,Medium,Resolved,Negative,CloudSync Pro,Professional,North America,Arabic,Agent_001 (Priya S),My account appears to be locked. I haven't violated any terms.,Pending customer,76.6,2.6,6.9,False,False,10,10,2025-03-08 03:14:00,6.9,69.69999999999999,76.6,48,0.0,20,Friday,Noche (18-24),False,28.599999999999994,False
TKT-00299,2024-11-04 15:20:00,2024-11-10 15:50:00,whatsapp,General Inquiry,Documentation,Low,Resolved,Very Negative,SecureVault,Free,Africa,English,Agent_001 (Priya S),Could you explain the difference between the Professional and Enterprise plans?,No action needed,144.5,1.2,19.8,False,False,6,1409,2024-11-05 11:08:00,19.8,124.7,144.5,72,0.0,15,Monday,Tarde (12-18),False,72.5,False
TKT-00300,2024-02-14 10:03:00,2024-02-21 14:27:00,email,Delivery / Shipping,Late delivery,Low,Closed,Positive,TaskBoard,Professional,Middle East,French,Agent_001 (Priya S),The item I received is damaged. I need a replacement or refund for order #86563.,Pending customer,172.4,4.7,12.6,False,False,8,1355,2024-02-14 22:39:00,12.6,159.8,172.4,72,0.0,10,Wednesday,Mañana (06-12),False,100.4,False
TKT-00301,2024-07-29 09:04:00,2024-08-05 16:58:00,chat,Account Access,Password reset,Low,Resolved,Very Negative,CloudSync Pro,Professional,Southeast Asia,Spanish,Agent_003 (Lena K),My account appears to be locked. I haven't violated any terms.,Escalated to engineering,175.9,1.8,7.6,False,False,3,1034,2024-07-29 16:40:00,7.6,168.3,175.9,72,0.0,9,Monday,Mañana (06-12),False,103.9,False
TKT-00302,2024-04-14 11:29:00,2024-04-21 05:41:00,chat,Billing,Duplicate charge,Low,Resolved,Very Negative,DataDash,Starter,South Asia,English,Agent_004 (Omar F),I noticed an incorrect charge of $13.49 on my last bill. Can you look into invoice INV-5370?,Escalated to engineering,162.2,1.2,9.6,False,False,6,109,2024-04-14 21:05:00,9.6,152.6,162.2,72,0.0,11,Sunday,Mañana (06-12),False,90.19999999999999,False
TKT-00303,2024-04-21 08:41:00,2024-04-22 20:35:00,email,Account Access,Password reset,Medium,Resolved,Positive,SecureVault,Starter,North America,English,Agent_006 (Raj P),My account appears to be locked. I haven't violated any terms.,Refund processed,35.9,4.2,19.8,False,False,8,422,2024-04-22 04:29:00,19.8,16.099999999999998,35.9,48,1.0,8,Sunday,Mañana (06-12),False,0.0,False
TKT-00304,2024-09-01 12:20:00,2024-09-07 02:26:00,phone,Billing,Incorrect amount,Low,Resolved,Negative,CloudSync Pro,Starter,North America,French,Agent_007 (Elena V),I noticed an incorrect charge of $175.49 on my last bill. Can you look into invoice INV-1208?,Pending customer,134.1,3.0,14.0,False,False,4,968,2024-09-02 02:20:00,14.0,120.1,134.1,72,0.0,12,Sunday,Tarde (12-18),False,62.099999999999994,False
TKT-00305,2025-04-08 22:47:00,2025-04-09 17:59:00,email,Billing,Subscription upgrade,High,Escalated,Negative,TaskBoard,Free,South Asia,English,Agent_003 (Lena K),My payment of $344.49 failed but the amount was still deducted from my account.,No action needed,19.2,,6.6,False,True,11,43,2025-04-09 05:23:00,6.6,12.6,19.2,24,1.0,22,Tuesday,Noche (18-24),False,0.0,False
TKT-00306,2025-01-21 10:17:00,2025-01-24 19:29:00,web_form,Billing,Subscription upgrade,Medium,Escalated,Neutral,DataDash,Professional,North America,English,Agent_002 (James T),Could you send me a detailed invoice for the period Jul–Sep 2024? I need it for tax purposes.,Issue fixed by agent,81.2,,20.0,False,True,8,1161,2025-01-22 06:17:00,20.0,61.2,81.2,48,0.0,10,Tuesday,Mañana (06-12),False,33.2,False
TKT-00307,2024-11-06 22:18:00,2024-11-07 08:24:00,email,Complaint,Unresolved issue,High,Escalated,Neutral,DataDash,Starter,Southeast Asia,Japanese,Agent_006 (Raj P),I've been waiting 2 days for a response. This is unacceptable.,Escalated to engineering,10.1,,6.1,False,True,5,1029,2024-11-07 04:24:00,6.1,4.0,10.1,24,1.0,22,Wednesday,Noche (18-24),False,0.0,False
TKT-00308,2024-12-29 14:51:00,,whatsapp,Feature Request,API access,High,Open,Neutral,CloudSync Pro,Starter,Latin America,English,Agent_002 (James T),Is there any plan to expose an API for the reporting module?,Self-service guided,,,3.3,False,False,5,625,2024-12-29 18:09:00,3.3,,,24,,14,Sunday,Tarde (12-18),False,,False
TKT-00309,2025-01-01 21:22:00,2025-01-03 22:10:00,email,Billing,Invoice request,Medium,Resolved,Negative,DataDash,Starter,Middle East,English,Agent_003 (Lena K),Could you send me a detailed invoice for the period Jan–Mar 2024? I need it for tax purposes.,Policy exception granted,48.8,2.1,20.3,False,False,11,13,2025-01-02 17:40:00,20.3,28.499999999999996,48.8,48,0.0,21,Wednesday,Noche (18-24),False,0.7999999999999972,False
TKT-00310,2024-12-05 08:07:00,2024-12-06 15:49:00,email,Account Access,Account deletion,High,Closed,Negative,CloudSync Pro,Enterprise,North America,Hindi,Agent_008 (Daniel N),I can't log in to my account. The password reset email is not arriving.,Refund processed,31.7,2.8,15.0,False,False,2,1,2024-12-05 23:07:00,15.0,16.7,31.7,24,0.0,8,Thursday,Mañana (06-12),False,7.699999999999999,False
TKT-00311,2024-07-07 14:53:00,,chat,Billing,Subscription upgrade,High,In Progress,Negative,CloudSync Pro,Professional,North America,Japanese,Agent_003 (Lena K),My payment of $425.99 failed but the amount was still deducted from my account.,Refund processed,,,11.5,False,False,11,205,2024-07-08 02:23:00,11.5,,,24,,14,Sunday,Tarde (12-18),False,,False
TKT-00312,2024-01-12 16:02:00,2024-01-15 08:26:00,chat,Complaint,Repeat issue,Medium,Resolved,Negative,InvoiceFlow,Starter,North America,English,Agent_004 (Omar F),Your refund policy is very unfair. I'm considering leaving the platform.,Refund processed,64.4,2.5,4.3,False,False,11,1154,2024-01-12 20:20:00,4.3,60.10000000000001,64.4,48,0.0,16,Friday,Tarde (12-18),False,16.400000000000006,False
TKT-00313,2024-07-03 15:08:00,2024-07-04 21:26:00,phone,Technical Issue,Data sync issue,High,Resolved,Very Negative,TaskBoard,Starter,Europe,French,Agent_004 (Omar F),Performance has been extremely slow on my end. Pages take 20+ seconds to load.,Self-service guided,30.3,1.8,23.6,False,False,12,485,2024-07-04 14:44:00,23.6,6.699999999999999,30.3,24,0.0,15,Wednesday,Tarde (12-18),False,6.300000000000001,False
TKT-00314,2025-01-18 07:59:00,2025-01-18 21:35:00,email,Billing,Duplicate charge,High,Resolved,Negative,SecureVault,Free,Africa,English,Agent_007 (Elena V),Could you send me a detailed invoice for the period Jul–Sep 2024? I need it for tax purposes.,Self-service guided,13.6,2.1,0.7,False,False,2,417,2025-01-18 08:41:00,0.7,12.9,13.6,24,1.0,7,Saturday,Mañana (06-12),False,0.0,False
TKT-00315,2024-07-13 13:36:00,2024-07-20 00:48:00,web_form,Billing,Subscription upgrade,Low,Closed,Positive,InvoiceFlow,Starter,Middle East,Japanese,Agent_007 (Elena V),My payment of $187.99 failed but the amount was still deducted from my account.,Refund processed,155.2,4.1,12.0,True,False,9,678,2024-07-14 01:36:00,12.0,143.2,155.2,72,0.0,13,Saturday,Tarde (12-18),False,83.19999999999999,False
TKT-00316,2025-06-14 16:25:00,2025-06-15 20:13:00,email,Billing,Subscription upgrade,High,Closed,Neutral,DataDash,Enterprise,Europe,English,Agent_005 (Sophie M),"Hi, I was charged $303.49 twice on Sep 26, 2024. My invoice is INV-1491. Please refund the duplicate.",Issue fixed by agent,27.8,3.9,16.0,False,False,4,1011,2025-06-15 08:25:00,16.0,11.8,27.8,24,0.0,16,Saturday,Tarde (12-18),False,3.8000000000000007,False
TKT-00317,2025-05-05 11:17:00,2025-05-05 22:59:00,phone,Billing,Duplicate charge,Critical,Resolved,Very Negative,TaskBoard,Enterprise,North America,Hindi,Agent_006 (Raj P),"Hi, I was charged $259.99 twice on Aug 18, 2024. My invoice is INV-6738. Please refund the duplicate.",Issue fixed by agent,,1.7,,False,False,1,793,,,,,8,,11,Monday,Mañana (06-12),True,,True
TKT-00318,2024-02-29 14:14:00,2024-03-01 14:50:00,twitter_dm,Delivery / Shipping,Late delivery,Medium,Resolved,Negative,CloudSync Pro,Enterprise,Europe,English,Agent_002 (James T),I received the wrong item in my package. Order #47040.,Self-service guided,24.6,2.3,15.8,False,False,5,266,2024-03-01 06:02:00,15.8,8.8,24.6,48,1.0,14,Thursday,Tarde (12-18),False,0.0,False
TKT-00319,2024-11-05 18:49:00,,web_form,Feature Request,Dark mode,Medium,Open,Neutral,CloudSync Pro,Professional,South Asia,English,Agent_009 (Yuki T),A dark mode option would be greatly appreciated for late-night work sessions.,Issue fixed by agent,,,5.0,False,False,9,473,2024-11-05 23:49:00,5.0,,,48,,18,Tuesday,Noche (18-24),False,,False
TKT-00320,2024-02-04 15:17:00,2024-02-07 03:41:00,chat,Technical Issue,Performance slow,Medium,Closed,Neutral,TaskBoard,Starter,North America,German,Agent_009 (Yuki T),The app keeps crashing when I try to connect an integration. I'm on macOS Sonoma.,Issue fixed by agent,60.4,3.5,15.9,True,False,6,54,2024-02-05 07:11:00,15.9,44.5,60.4,48,0.0,15,Sunday,Tarde (12-18),False,12.399999999999999,False
TKT-00321,2024-02-28 10:35:00,2024-02-29 06:59:00,email,General Inquiry,Compatibility,High,Closed,Neutral,CloudSync Pro,Starter,Southeast Asia,German,Agent_006 (Raj P),I'm interested in a partnership opportunity with your company.,Pending customer,20.4,4.0,18.5,False,False,10,809,2024-02-29 05:05:00,18.5,1.8999999999999986,20.4,24,1.0,10,Wednesday,Mañana (06-12),False,0.0,False
TKT-00322,2025-03-30 21:01:00,,chat,Billing,Invoice request,Low,In Progress,Neutral,InvoiceFlow,Free,Southeast Asia,French,Agent_008 (Daniel N),"Hi, I was charged $243.00 twice on Jan 02, 2025. My invoice is INV-8867. Please refund the duplicate.",Pending customer,,,10.6,False,False,5,532,2025-03-31 07:37:00,10.6,,,72,,21,Sunday,Noche (18-24),False,,False
TKT-00323,2024-02-12 14:03:00,,email,Refund / Return,Return request,Low,In Progress,Negative,InvoiceFlow,Free,North America,French,Agent_008 (Daniel N),I want to return an item from order #24835 — it doesn't meet my needs.,Refund processed,,,5.8,False,False,6,1395,2024-02-12 19:51:00,5.8,,,72,,14,Monday,Tarde (12-18),False,,False
TKT-00324,2024-02-01 12:23:00,,chat,Technical Issue,App crash,Medium,In Progress,Very Negative,DataDash,Starter,Southeast Asia,French,Agent_005 (Sophie M),Performance has been extremely slow on my end. Pages take 20+ seconds to load.,,,,18.3,False,False,2,460,2024-02-02 06:41:00,18.3,,,48,,12,Thursday,Tarde (12-18),False,,False
TKT-00325,2024-11-20 15:12:00,2024-11-21 04:12:00,helpdesk_portal,Account Access,2FA issue,Critical,Closed,Negative,InvoiceFlow,Enterprise,North America,Hindi,Agent_006 (Raj P),My account appears to be locked. I haven't violated any terms.,Refund processed,13.0,2.6,1.9,False,False,8,1240,2024-11-20 17:06:00,1.9,11.1,13.0,8,0.0,15,Wednesday,Tarde (12-18),False,5.0,False
TKT-00326,2024-10-20 17:20:00,2024-10-21 05:08:00,phone,Technical Issue,Feature not working,High,Closed,Neutral,SecureVault,Starter,Africa,French,Agent_006 (Raj P),My data isn't syncing across devices. Last successful sync was 3 days ago.,Refund processed,11.8,3.1,0.9,False,False,12,342,2024-10-20 18:14:00,0.9,10.9,11.8,24,1.0,17,Sunday,Tarde (12-18),False,0.0,False
TKT-00327,2024-12-10 10:46:00,2024-12-12 05:16:00,whatsapp,Complaint,Unresolved issue,Low,Closed,Very Negative,SecureVault,Starter,Europe,German,Agent_001 (Priya S),Your refund policy is very unfair. I'm considering leaving the platform.,Pending customer,42.5,1.6,8.9,False,False,7,657,2024-12-10 19:40:00,8.9,33.6,42.5,72,1.0,10,Tuesday,Mañana (06-12),False,0.0,False
TKT-00328,2025-03-12 16:20:00,2025-03-14 14:02:00,whatsapp,Account Access,Account locked,Medium,Escalated,Negative,CloudSync Pro,Starter,Europe,Arabic,Agent_006 (Raj P),My account appears to be locked. I haven't violated any terms.,Pending customer,45.7,,10.6,False,True,5,532,2025-03-13 02:56:00,10.6,35.1,45.7,48,1.0,16,Wednesday,Tarde (12-18),False,0.0,False
TKT-00329,2024-07-18 07:31:00,2024-07-19 18:07:00,web_form,Complaint,Long wait time,High,Resolved,Very Negative,CloudSync Pro,Enterprise,North America,English,Agent_009 (Yuki T),The agent I spoke to was dismissive and unhelpful. I'd like to escalate.,Policy exception granted,34.6,1.1,3.4,False,False,11,239,2024-07-18 10:55:00,3.4,31.200000000000003,34.6,24,0.0,7,Thursday,Mañana (06-12),False,10.600000000000001,False
TKT-00330,2024-11-18 08:27:00,,chat,Complaint,Long wait time,High,In Progress,Negative,CloudSync Pro,Starter,North America,German,Agent_007 (Elena V),The agent I spoke to was dismissive and unhelpful. I'd like to escalate.,Issue fixed by agent,,,19.6,False,False,5,270,2024-11-19 04:03:00,19.6,,,24,,8,Monday,Mañana (06-12),False,,False
TKT-00331,2024-09-26 19:40:00,2024-09-27 22:22:00,whatsapp,Billing,Payment failure,High,Closed,Very Negative,TaskBoard,Free,North America,English,Agent_002 (James T),Could you send me a detailed invoice for the period Apr–Jun 2024? I need it for tax purposes.,Self-service guided,26.7,1.3,5.3,False,False,5,860,2024-09-27 00:58:00,5.3,21.4,26.7,24,0.0,19,Thursday,Noche (18-24),False,2.6999999999999993,False
TKT-00332,2025-05-15 20:43:00,,web_form,Complaint,Rude agent,Medium,Open,Negative,DataDash,Free,Europe,German,Agent_008 (Daniel N),I've been waiting 12 days for a response. This is unacceptable.,Refund processed,,,9.6,False,False,5,995,2025-05-16 06:19:00,9.6,,,48,,20,Thursday,Noche (18-24),False,,False
TKT-00333,2024-12-03 11:38:00,2024-12-05 20:32:00,email,Delivery / Shipping,Late delivery,Medium,Resolved,Very Negative,DataDash,Free,South Asia,French,Agent_009 (Yuki T),The tracking for order #80215 hasn't updated in 10 days.,Refund processed,56.9,1.3,4.0,False,False,7,442,2024-12-03 15:38:00,4.0,52.9,56.9,48,0.0,11,Tuesday,Mañana (06-12),False,8.899999999999999,False
TKT-00334,2024-09-10 08:17:00,2024-09-16 08:17:00,helpdesk_portal,Account Access,Email change,Low,Closed,Positive,TaskBoard,Professional,South Asia,English,Agent_003 (Lena K),I need to update the email address associated with my account.,Issue fixed by agent,144.0,4.2,14.6,False,False,6,871,2024-09-10 22:53:00,14.6,129.4,144.0,72,0.0,8,Tuesday,Mañana (06-12),False,72.0,False
TKT-00335,2025-05-09 16:58:00,,chat,Account Access,Account deletion,Low,In Progress,Neutral,CloudSync Pro,Starter,South Asia,English,Unassigned,My account appears to be locked. I haven't violated any terms.,Refund processed,,,,False,False,2,1317,,,,,72,,16,Friday,Tarde (12-18),False,,False
TKT-00336,2025-06-19 14:03:00,,whatsapp,Technical Issue,Feature not working,Low,Open,Negative,InvoiceFlow,Enterprise,North America,English,Agent_004 (Omar F),Performance has been extremely slow on my end. Pages take 20+ seconds to load.,Pending customer,,,7.6,False,False,6,945,2025-06-19 21:39:00,7.6,,,72,,14,Thursday,Tarde (12-18),False,,False
TKT-00337,2024-06-19 13:28:00,2024-06-22 22:04:00,chat,Delivery / Shipping,Late delivery,Medium,Escalated,Very Negative,CloudSync Pro,Professional,North America,German,Agent_002 (James T),"My order #67079 was supposed to arrive on May 22, 2025 but it's still not here.",No action needed,80.6,,12.6,False,True,6,1155,2024-06-20 02:04:00,12.6,68.0,80.6,48,0.0,13,Wednesday,Tarde (12-18),False,32.599999999999994,False
TKT-00338,2024-05-18 12:33:00,,email,Feature Request,API access,Low,In Progress,Negative,InvoiceFlow,Professional,Southeast Asia,English,Agent_009 (Yuki T),It would be really helpful if DataDash supported direct integration with Slack.,Policy exception granted,,,8.0,True,False,8,1218,2024-05-18 20:33:00,8.0,,,72,,12,Saturday,Tarde (12-18),False,,False
TKT-00339,2025-02-16 15:35:00,,helpdesk_portal,Billing,Subscription upgrade,Medium,In Progress,Negative,InvoiceFlow,Starter,Africa,Arabic,Agent_006 (Raj P),I noticed an incorrect charge of $44.99 on my last bill. Can you look into invoice INV-2687?,Self-service guided,,,13.9,False,False,10,568,2025-02-17 05:29:00,13.9,,,48,,15,Sunday,Tarde (12-18),False,,False
TKT-00340,2025-05-01 07:20:00,2025-05-01 17:50:00,email,Complaint,Long wait time,High,Closed,Negative,CloudSync Pro,Starter,North America,Japanese,Agent_006 (Raj P),I've contacted support 4 times about the same issue and it's still unresolved.,Issue fixed by agent,,2.3,,False,False,10,439,,,,,24,,7,Thursday,Mañana (06-12),False,,True
TKT-00341,2024-12-22 12:01:00,2024-12-23 01:25:00,helpdesk_portal,Complaint,Policy dissatisfaction,Critical,Resolved,Very Negative,TaskBoard,Professional,South Asia,French,Agent_005 (Sophie M),The agent I spoke to was dismissive and unhelpful. I'd like to escalate.,Self-service guided,13.4,1.0,7.5,False,False,6,520,2024-12-22 19:31:00,7.5,5.9,13.4,8,0.0,12,Sunday,Tarde (12-18),False,5.4,False
TKT-00342,2024-02-01 22:38:00,2024-02-07 05:38:00,web_form,Account Access,Email change,Low,Resolved,Neutral,InvoiceFlow,Enterprise,Europe,English,Agent_001 (Priya S),My account appears to be locked. I haven't violated any terms.,Refund processed,127.0,3.1,15.3,True,False,2,1115,2024-02-02 13:56:00,15.3,111.7,127.0,72,0.0,22,Thursday,Noche (18-24),False,55.0,False
TKT-00343,2025-01-10 07:42:00,2025-01-11 04:36:00,phone,Technical Issue,App crash,High,Closed,Negative,DataDash,Enterprise,South Asia,English,Unassigned,The app keeps crashing when I try to export a report. I'm on macOS Sonoma.,Escalated to engineering,20.9,2.6,,False,False,1,638,,,,20.9,24,1.0,7,Friday,Mañana (06-12),True,0.0,False
TKT-00344,2024-01-21 12:50:00,2024-01-22 07:38:00,email,Technical Issue,Performance slow,Medium,Resolved,Neutral,InvoiceFlow,Starter,South Asia,English,Agent_007 (Elena V),My data isn't syncing across devices. Last successful sync was 8 days ago.,Issue fixed by agent,,3.4,,False,False,4,363,,,,,48,,12,Sunday,Tarde (12-18),False,,True
TKT-00345,2025-01-29 11:34:00,,whatsapp,Complaint,Repeat issue,Low,Open,Negative,DataDash,Professional,Europe,Spanish,Agent_007 (Elena V),I've contacted support 4 times about the same issue and it's still unresolved.,Issue fixed by agent,,,0.9,False,False,11,1293,2025-01-29 12:28:00,0.9,,,72,,11,Wednesday,Mañana (06-12),False,,False
TKT-00346,2025-03-07 22:21:00,2025-03-11 10:51:00,web_form,Billing,Duplicate charge,Low,Resolved,Negative,DataDash,Free,South Asia,French,Agent_008 (Daniel N),I noticed an incorrect charge of $472.49 on my last bill. Can you look into invoice INV-3666?,Issue fixed by agent,84.5,2.5,5.9,False,False,10,692,2025-03-08 04:15:00,5.9,78.6,84.5,72,0.0,22,Friday,Noche (18-24),False,12.5,False
TKT-00347,2024-01-30 12:32:00,2024-01-31 18:32:00,email,Account Access,2FA issue,Medium,Closed,Positive,CloudSync Pro,Enterprise,Africa,English,Agent_003 (Lena K),My account appears to be locked. I haven't violated any terms.,Refund processed,30.0,4.5,15.8,False,False,3,618,2024-01-31 04:20:00,15.8,14.2,30.0,48,1.0,12,Tuesday,Tarde (12-18),False,0.0,False
TKT-00348,2025-02-07 13:58:00,2025-02-11 21:58:00,web_form,Technical Issue,Feature not working,Low,Resolved,Very Negative,TaskBoard,Professional,North America,English,Agent_002 (James T),My data isn't syncing across devices. Last successful sync was 14 days ago.,Issue fixed by agent,104.0,1.5,8.4,False,False,10,56,2025-02-07 22:22:00,8.4,95.6,104.0,72,0.0,13,Friday,Tarde (12-18),False,32.0,False
TKT-00349,2024-07-11 08:13:00,2024-07-12 23:55:00,web_form,Technical Issue,App crash,Medium,Resolved,Very Negative,DataDash,Professional,Middle East,Arabic,Agent_006 (Raj P),Performance has been extremely slow on my end. Pages take 20+ seconds to load.,Issue fixed by agent,39.7,1.2,16.4,False,False,8,170,2024-07-12 00:37:00,16.4,23.300000000000004,39.7,48,1.0,8,Thursday,Mañana (06-12),False,0.0,False
TKT-00350,2025-02-15 20:49:00,2025-02-16 06:31:00,whatsapp,Technical Issue,Feature not working,High,Resolved,Negative,TaskBoard,Free,North America,French,Agent_001 (Priya S),Performance has been extremely slow on my end. Pages take 20+ seconds to load.,Escalated to engineering,9.7,2.9,2.0,True,False,12,1209,2025-02-15 22:49:00,2.0,7.699999999999999,9.7,24,1.0,20,Saturday,Noche (18-24),False,0.0,False
TKT-00351,2025-01-13 15:27:00,2025-01-15 09:45:00,helpdesk_portal,Technical Issue,Performance slow,Medium,Closed,Negative,DataDash,Free,Europe,English,Agent_001 (Priya S),The app keeps crashing when I try to connect an integration. I'm on Android 14.,Refund processed,42.3,2.7,12.8,False,False,3,173,2025-01-14 04:15:00,12.8,29.499999999999996,42.3,48,1.0,15,Monday,Tarde (12-18),False,0.0,False
TKT-00352,2025-06-20 21:02:00,2025-06-22 20:02:00,whatsapp,Account Access,2FA issue,Low,Resolved,Neutral,SecureVault,Starter,Europe,Arabic,Agent_009 (Yuki T),I can't log in to my account. The password reset email is not arriving.,Policy exception granted,47.0,4.0,19.1,False,False,5,1261,2025-06-21 16:08:00,19.1,27.9,47.0,72,1.0,21,Friday,Noche (18-24),False,0.0,False
TKT-00353,2024-02-16 19:58:00,2024-02-17 09:46:00,chat,Account Access,2FA issue,High,Closed,Neutral,DataDash,Professional,Europe,German,Agent_008 (Daniel N),I'm having trouble with 2FA — the codes aren't working on my new phone.,Issue fixed by agent,13.8,3.0,7.9,True,False,5,1459,2024-02-17 03:52:00,7.9,5.9,13.8,24,1.0,19,Friday,Noche (18-24),False,0.0,False
TKT-00354,2025-05-25 13:34:00,2025-05-28 09:46:00,chat,Feature Request,API access,Medium,Resolved,Negative,InvoiceFlow,Professional,Europe,English,Agent_008 (Daniel N),A dark mode option would be greatly appreciated for late-night work sessions.,Issue fixed by agent,68.2,2.7,0.8,False,False,3,1279,2025-05-25 14:22:00,0.8,67.4,68.2,48,0.0,13,Sunday,Tarde (12-18),False,20.200000000000003,False
TKT-00355,2024-05-06 10:25:00,,email,Technical Issue,Login error,Medium,Open,Very Negative,SecureVault,Professional,South Asia,Japanese,Agent_002 (James T),I'm unable to connect an integration since the latest update. Getting error code ERR-460.,Refund processed,,,18.5,False,False,11,1407,2024-05-07 04:55:00,18.5,,,48,,10,Monday,Mañana (06-12),False,,False
TKT-00356,2024-06-30 19:18:00,2024-07-01 03:24:00,chat,Complaint,Unresolved issue,High,Resolved,Neutral,DataDash,Professional,Middle East,Spanish,Agent_004 (Omar F),Your refund policy is very unfair. I'm considering leaving the platform.,Policy exception granted,,3.6,,False,False,6,1249,,,,,24,,19,Sunday,Noche (18-24),False,,True
TKT-00357,2024-06-14 21:23:00,,web_form,Technical Issue,Login error,Medium,Open,Negative,DataDash,Enterprise,Southeast Asia,Hindi,Agent_008 (Daniel N),I'm unable to invite a team member since the latest update. Getting error code ERR-131.,Pending customer,,,23.8,False,False,8,1025,2024-06-15 21:11:00,23.8,,,48,,21,Friday,Noche (18-24),False,,False
TKT-00358,2025-06-16 22:55:00,2025-06-17 19:13:00,email,Feature Request,API access,High,Closed,Very Negative,SecureVault,Professional,North America,German,Agent_007 (Elena V),A dark mode option would be greatly appreciated for late-night work sessions.,Self-service guided,,1.4,,False,False,8,878,,,,,24,,22,Monday,Noche (18-24),False,,True
TKT-00359,2025-05-09 13:16:00,2025-05-11 15:16:00,chat,Delivery / Shipping,Late delivery,Low,Closed,Very Negative,InvoiceFlow,Professional,Southeast Asia,French,Agent_002 (James T),The tracking for order #43806 hasn't updated in 9 days.,Issue fixed by agent,50.0,1.8,3.6,False,False,4,760,2025-05-09 16:52:00,3.6,46.4,50.0,72,1.0,13,Friday,Tarde (12-18),False,0.0,False
TKT-00360,2024-10-26 19:16:00,2024-10-27 23:40:00,web_form,Account Access,Password reset,High,Resolved,Neutral,InvoiceFlow,Professional,Europe,English,Agent_008 (Daniel N),My account appears to be locked. I haven't violated any terms.,Issue fixed by agent,28.4,3.5,9.1,False,False,11,347,2024-10-27 04:22:00,9.1,19.299999999999997,28.4,24,0.0,19,Saturday,Noche (18-24),False,4.399999999999999,False
TKT-00361,2024-05-02 13:22:00,2024-05-04 19:16:00,email,Refund / Return,Policy inquiry,Medium,Resolved,Negative,InvoiceFlow,Starter,North America,English,Agent_006 (Raj P),I'd like to request a full refund for my recent purchase. Order #76508.,Escalated to engineering,53.9,2.6,12.9,False,False,2,115,2024-05-03 02:16:00,12.9,41.0,53.9,48,0.0,13,Thursday,Tarde (12-18),False,5.899999999999999,False
TKT-00362,2024-09-29 15:05:00,2024-10-02 14:35:00,email,Account Access,Password reset,Medium,Closed,Neutral,CloudSync Pro,Enterprise,Africa,German,Agent_002 (James T),My account appears to be locked. I haven't violated any terms.,,71.5,3.5,10.7,False,False,2,1111,2024-09-30 01:47:00,10.7,60.8,71.5,48,0.0,15,Sunday,Tarde (12-18),False,23.5,False
TKT-00363,2025-04-12 07:16:00,,chat,Feature Request,API access,Medium,Open,Neutral,DataDash,Professional,Africa,French,Agent_006 (Raj P),A dark mode option would be greatly appreciated for late-night work sessions.,Escalated to engineering,,,15.1,False,False,3,999,2025-04-12 22:22:00,15.1,,,48,,7,Saturday,Mañana (06-12),False,,False
TKT-00364,2024-07-06 13:49:00,2024-07-07 01:19:00,email,Billing,Incorrect amount,High,Resolved,Negative,CloudSync Pro,Professional,Southeast Asia,Arabic,Agent_003 (Lena K),I noticed an incorrect charge of $162.99 on my last bill. Can you look into invoice INV-6243?,Escalated to engineering,,2.8,,False,False,10,1357,,,,,24,,13,Saturday,Tarde (12-18),False,,True
TKT-00365,2024-05-28 16:21:00,2024-05-29 04:03:00,phone,Billing,Payment failure,Critical,Resolved,Very Negative,TaskBoard,Starter,Southeast Asia,English,Agent_008 (Daniel N),Could you send me a detailed invoice for the period Jan–Mar 2024? I need it for tax purposes.,Self-service guided,,1.2,,False,False,6,49,,,,,8,,16,Tuesday,Tarde (12-18),False,,True
TKT-00366,2025-05-06 22:02:00,2025-05-08 07:02:00,helpdesk_portal,Technical Issue,Feature not working,High,Resolved,Neutral,CloudSync Pro,Professional,North America,English,Agent_003 (Lena K),My data isn't syncing across devices. Last successful sync was 10 days ago.,Self-service guided,33.0,3.1,18.0,False,False,12,848,2025-05-07 16:02:00,18.0,15.0,33.0,24,0.0,22,Tuesday,Noche (18-24),False,9.0,False
TKT-00367,2024-01-23 11:49:00,2024-01-24 20:25:00,whatsapp,Refund / Return,Return request,High,Resolved,Negative,InvoiceFlow,Starter,Europe,French,Agent_005 (Sophie M),I want to return an item from order #98823 — it doesn't meet my needs.,No action needed,32.6,2.6,22.4,False,False,11,842,2024-01-24 10:13:00,22.4,10.200000000000003,32.6,24,0.0,11,Tuesday,Mañana (06-12),False,8.600000000000001,False
TKT-00368,2024-11-30 22:18:00,2024-12-02 00:42:00,whatsapp,Account Access,Password reset,High,Closed,Very Negative,CloudSync Pro,Starter,Latin America,Japanese,Agent_009 (Yuki T),I can't log in to my account. The password reset email is not arriving.,Pending customer,26.4,1.5,21.4,False,False,3,1333,2024-12-01 19:42:00,21.4,5.0,26.4,24,0.0,22,Saturday,Noche (18-24),False,2.3999999999999986,False
TKT-00369,2025-02-03 07:00:00,2025-02-06 03:24:00,phone,Technical Issue,Feature not working,Low,Resolved,Negative,TaskBoard,Enterprise,Southeast Asia,English,Agent_003 (Lena K),I'm unable to export a report since the latest update. Getting error code ERR-832.,Refund processed,68.4,2.2,0.7,False,False,1,261,2025-02-03 07:42:00,0.7,67.7,68.4,72,1.0,7,Monday,Mañana (06-12),True,0.0,False
TKT-00370,2024-12-29 07:08:00,2024-12-29 20:38:00,chat,Account Access,Email change,Critical,Resolved,Neutral,CloudSync Pro,Starter,North America,English,Agent_009 (Yuki T),I can't log in to my account. The password reset email is not arriving.,Issue fixed by agent,13.5,3.1,4.3,False,False,12,1058,2024-12-29 11:26:00,4.3,9.2,13.5,8,0.0,7,Sunday,Mañana (06-12),False,5.5,False
TKT-00371,2024-09-18 10:29:00,2024-09-18 18:59:00,email,Billing,Invoice request,High,Resolved,Neutral,InvoiceFlow,Starter,Southeast Asia,Japanese,Agent_008 (Daniel N),Could you send me a detailed invoice for the period Jul–Sep 2024? I need it for tax purposes.,Self-service guided,,3.0,,False,False,6,93,,,,,24,,10,Wednesday,Mañana (06-12),False,,True
TKT-00372,2025-01-15 20:52:00,,email,Billing,Incorrect amount,Low,In Progress,Negative,CloudSync Pro,Professional,Southeast Asia,Spanish,Agent_008 (Daniel N),Could you send me a detailed invoice for the period Apr–Jun 2024? I need it for tax purposes.,Escalated to engineering,,,15.0,False,False,5,1274,2025-01-16 11:52:00,15.0,,,72,,20,Wednesday,Noche (18-24),False,,False
TKT-00373,2024-06-10 10:00:00,2024-06-11 05:12:00,email,Technical Issue,Login error,High,Closed,Neutral,CloudSync Pro,Enterprise,Middle East,English,Agent_006 (Raj P),The app keeps crashing when I try to connect an integration. I'm on macOS Sonoma.,Refund processed,19.2,3.1,15.8,False,False,10,1369,2024-06-11 01:48:00,15.8,3.3999999999999986,19.2,24,1.0,10,Monday,Mañana (06-12),False,0.0,False
TKT-00374,2025-02-17 16:56:00,2025-02-20 07:14:00,phone,Delivery / Shipping,Wrong item,Medium,Closed,Negative,CloudSync Pro,Free,North America,English,Agent_001 (Priya S),I received the wrong item in my package. Order #85938.,Issue fixed by agent,62.3,2.6,19.1,False,False,1,293,2025-02-18 12:02:00,19.1,43.199999999999996,62.3,48,0.0,16,Monday,Tarde (12-18),True,14.299999999999997,False
TKT-00375,2024-08-07 21:39:00,2024-08-08 14:03:00,email,Feature Request,API access,High,Resolved,Neutral,CloudSync Pro,Enterprise,Europe,Arabic,Unassigned,It would be really helpful if SecureVault supported direct integration with Jira.,Self-service guided,16.4,3.8,,False,False,6,874,,,,16.4,24,1.0,21,Wednesday,Noche (18-24),False,0.0,False
TKT-00376,2024-03-25 12:25:00,,chat,Feature Request,Dark mode,Critical,In Progress,Neutral,DataDash,Professional,North America,Arabic,Agent_003 (Lena K),"Can you add an option to export reports in Excel format, not just CSV?",Self-service guided,,,16.7,False,False,3,767,2024-03-26 05:07:00,16.7,,,8,,12,Monday,Tarde (12-18),False,,False
TKT-00377,2024-02-20 19:18:00,2024-02-22 17:24:00,whatsapp,Billing,Subscription upgrade,Medium,Closed,Negative,CloudSync Pro,Professional,Africa,Japanese,Agent_004 (Omar F),Could you send me a detailed invoice for the period Apr–Jun 2024? I need it for tax purposes.,Issue fixed by agent,46.1,2.8,3.5,False,False,3,497,2024-02-20 22:48:00,3.5,42.6,46.1,48,1.0,19,Tuesday,Noche (18-24),False,0.0,False
TKT-00378,2024-06-04 13:28:00,2024-06-06 21:58:00,phone,Technical Issue,Performance slow,Low,Resolved,Negative,CloudSync Pro,Starter,Europe,English,Agent_004 (Omar F),Performance has been extremely slow on my end. Pages take 20+ seconds to load.,Escalated to engineering,56.5,2.2,21.1,False,False,12,700,2024-06-05 10:34:00,21.1,35.4,56.5,72,1.0,13,Tuesday,Tarde (12-18),False,0.0,False
TKT-00379,2024-10-25 14:33:00,2024-10-25 18:45:00,email,Refund / Return,Policy inquiry,Critical,Closed,Positive,CloudSync Pro,Starter,South Asia,German,Agent_008 (Daniel N),I want to return an item from order #42986 — it doesn't meet my needs.,Refund processed,,4.4,,False,False,2,27,,,,,8,,14,Friday,Tarde (12-18),False,,True
TKT-00380,2025-01-19 19:02:00,2025-01-20 22:20:00,helpdesk_portal,Billing,Subscription upgrade,High,Resolved,Neutral,InvoiceFlow,Free,South Asia,German,Agent_005 (Sophie M),"Hi, I was charged $299.00 twice on Apr 30, 2024. My invoice is INV-4909. Please refund the duplicate.",Pending customer,27.3,3.6,12.6,False,False,11,885,2025-01-20 07:38:00,12.6,14.700000000000001,27.3,24,0.0,19,Sunday,Noche (18-24),False,3.3000000000000007,False
TKT-00381,2024-12-18 18:15:00,,helpdesk_portal,Feature Request,UI improvement,Low,Open,Negative,SecureVault,Enterprise,North America,German,Agent_008 (Daniel N),Is there any plan to expose an API for the reporting module?,Issue fixed by agent,,,20.3,False,False,6,721,2024-12-19 14:33:00,20.3,,,72,,18,Wednesday,Noche (18-24),False,,False
TKT-00382,2025-01-26 13:16:00,,whatsapp,Feature Request,API access,High,In Progress,Very Negative,TaskBoard,Professional,North America,English,Agent_005 (Sophie M),A dark mode option would be greatly appreciated for late-night work sessions.,Issue fixed by agent,,,9.6,False,False,4,192,2025-01-26 22:52:00,9.6,,,24,,13,Sunday,Tarde (12-18),False,,False
TKT-00383,2024-10-27 09:20:00,2024-10-31 03:20:00,chat,Billing,Invoice request,Medium,Resolved,Very Negative,CloudSync Pro,Professional,Southeast Asia,Japanese,Agent_001 (Priya S),"Hi, I was charged $130.99 twice on Jun 07, 2024. My invoice is INV-5485. Please refund the duplicate.",Policy exception granted,90.0,1.1,7.2,False,False,10,990,2024-10-27 16:32:00,7.2,82.8,90.0,48,0.0,9,Sunday,Mañana (06-12),False,42.0,False
TKT-00384,2025-01-07 15:27:00,2025-01-09 12:09:00,whatsapp,Refund / Return,Partial refund,Medium,Resolved,Negative,DataDash,Professional,Middle East,Arabic,Unassigned,I want to return an item from order #80170 — it doesn't meet my needs.,No action needed,44.7,2.8,,False,False,12,714,,,,44.7,48,1.0,15,Tuesday,Tarde (12-18),False,0.0,False
TKT-00385,2024-06-24 07:35:00,2024-06-26 09:53:00,whatsapp,Delivery / Shipping,Late delivery,Medium,Escalated,Negative,DataDash,Free,South Asia,English,Agent_004 (Omar F),The item I received is damaged. I need a replacement or refund for order #74331.,Policy exception granted,50.3,,23.7,False,True,8,635,2024-06-25 07:17:00,23.7,26.599999999999998,50.3,48,0.0,7,Monday,Mañana (06-12),False,2.299999999999997,False
TKT-00386,2024-02-24 18:37:00,2024-02-25 21:13:00,whatsapp,Account Access,Password reset,Medium,Resolved,Neutral,SecureVault,Free,Africa,French,Agent_003 (Lena K),I can't log in to my account. The password reset email is not arriving.,Issue fixed by agent,26.6,3.9,13.8,False,False,7,835,2024-02-25 08:25:00,13.8,12.8,26.6,48,1.0,18,Saturday,Noche (18-24),False,0.0,False
TKT-00387,2024-12-25 09:21:00,,email,Technical Issue,Feature not working,Medium,In Progress,Very Negative,DataDash,Starter,North America,English,Agent_003 (Lena K),The app keeps crashing when I try to invite a team member. I'm on Android 14.,Issue fixed by agent,,,7.4,False,False,10,1154,2024-12-25 16:45:00,7.4,,,48,,9,Wednesday,Mañana (06-12),False,,False
TKT-00388,2024-06-30 21:45:00,2024-07-07 11:33:00,email,Technical Issue,Login error,Low,Resolved,Neutral,DataDash,Enterprise,South Asia,French,Agent_002 (James T),I'm unable to invite a team member since the latest update. Getting error code ERR-210.,Self-service guided,157.8,3.5,14.5,False,False,6,932,2024-07-01 12:15:00,14.5,143.3,157.8,72,0.0,21,Sunday,Noche (18-24),False,85.80000000000001,False
TKT-00389,2025-02-17 08:22:00,2025-02-18 06:34:00,chat,General Inquiry,Documentation,Medium,Resolved,Negative,CloudSync Pro,Starter,South Asia,English,Agent_008 (Daniel N),Could you explain the difference between the Professional and Enterprise plans?,Issue fixed by agent,22.2,2.4,2.1,True,False,2,659,2025-02-17 10:28:00,2.1,20.099999999999998,22.2,48,1.0,8,Monday,Mañana (06-12),False,0.0,False
TKT-00390,2024-06-26 17:47:00,2024-06-27 15:17:00,whatsapp,Account Access,Password reset,Medium,Escalated,Neutral,TaskBoard,Professional,Southeast Asia,English,Agent_009 (Yuki T),I can't log in to my account. The password reset email is not arriving.,Self-service guided,,,,False,True,3,454,,,,,48,,17,Wednesday,Tarde (12-18),False,,True
TKT-00391,2024-09-03 17:11:00,,email,Delivery / Shipping,Tracking issue,Low,In Progress,Neutral,InvoiceFlow,Enterprise,North America,French,Agent_009 (Yuki T),I received the wrong item in my package. Order #36853.,Issue fixed by agent,,,16.6,False,False,7,773,2024-09-04 09:47:00,16.6,,,72,,17,Tuesday,Tarde (12-18),False,,False
TKT-00392,2024-04-27 10:10:00,2024-04-28 23:04:00,web_form,Technical Issue,Feature not working,High,Resolved,Very Negative,InvoiceFlow,Starter,South Asia,English,Agent_006 (Raj P),The app keeps crashing when I try to connect an integration. I'm on Windows 11.,Issue fixed by agent,36.9,1.4,21.3,False,False,2,1137,2024-04-28 07:28:00,21.3,15.599999999999998,36.9,24,0.0,10,Saturday,Mañana (06-12),False,12.899999999999999,False
TKT-00393,2025-03-22 18:28:00,,chat,Refund / Return,Partial refund,Low,Open,Negative,DataDash,Free,North America,English,Agent_007 (Elena V),What's the status of refund request #REF-3875? It's been 2 days.,Issue fixed by agent,,,11.1,False,False,1,802,2025-03-23 05:34:00,11.1,,,72,,18,Saturday,Noche (18-24),True,,False
TKT-00394,2024-10-21 12:09:00,,email,Technical Issue,Data sync issue,Critical,In Progress,Negative,InvoiceFlow,Professional,Europe,English,Agent_008 (Daniel N),Performance has been extremely slow on my end. Pages take 20+ seconds to load.,Refund processed,,,9.2,False,False,7,1162,2024-10-21 21:21:00,9.2,,,8,,12,Monday,Tarde (12-18),False,,False
TKT-00395,2025-04-05 14:43:00,2025-04-10 01:19:00,phone,Billing,Payment failure,Low,Resolved,Negative,CloudSync Pro,Enterprise,South Asia,French,Agent_003 (Lena K),My payment of $330.49 failed but the amount was still deducted from my account.,Refund processed,106.6,2.7,10.4,False,False,1,942,2025-04-06 01:07:00,10.4,96.19999999999999,106.6,72,0.0,14,Saturday,Tarde (12-18),True,34.599999999999994,False
TKT-00396,2025-02-01 21:23:00,2025-02-02 16:11:00,chat,Technical Issue,Feature not working,High,Escalated,Very Negative,CloudSync Pro,Starter,South Asia,Arabic,Agent_005 (Sophie M),I'm unable to export a report since the latest update. Getting error code ERR-994.,Self-service guided,18.8,,9.1,False,True,7,290,2025-02-02 06:29:00,9.1,9.700000000000001,18.8,24,1.0,21,Saturday,Noche (18-24),False,0.0,False
TKT-00397,2025-06-13 20:11:00,2025-06-17 10:05:00,email,Account Access,Password reset,Medium,Closed,Negative,SecureVault,Starter,Middle East,English,Agent_009 (Yuki T),My account appears to be locked. I haven't violated any terms.,Escalated to engineering,85.9,2.3,22.4,False,False,12,1287,2025-06-14 18:35:00,22.4,63.50000000000001,85.9,48,0.0,20,Friday,Noche (18-24),False,37.900000000000006,False
TKT-00398,2024-06-03 13:19:00,,helpdesk_portal,Refund / Return,Full refund,Medium,Open,Very Negative,CloudSync Pro,Free,Middle East,English,Agent_009 (Yuki T),I want to return an item from order #29925 — it doesn't meet my needs.,Issue fixed by agent,,,2.9,False,False,7,325,2024-06-03 16:13:00,2.9,,,48,,13,Monday,Tarde (12-18),False,,False
TKT-00399,2025-01-25 22:24:00,2025-01-28 02:42:00,phone,Account Access,Password reset,Medium,Resolved,Negative,TaskBoard,Free,North America,Arabic,Agent_001 (Priya S),I'm having trouble with 2FA — the codes aren't working on my new phone.,Issue fixed by agent,52.3,2.7,22.0,False,False,11,404,2025-01-26 20:24:00,22.0,30.299999999999997,52.3,48,0.0,22,Saturday,Noche (18-24),False,4.299999999999997,False
TKT-00400,2024-09-15 13:32:00,2024-09-17 03:44:00,email,Complaint,Repeat issue,Medium,Escalated,Negative,CloudSync Pro,Professional,South Asia,Arabic,Agent_004 (Omar F),I've been waiting 8 days for a response. This is unacceptable.,Issue fixed by agent,38.2,,8.1,True,True,10,22,2024-09-15 21:38:00,8.1,30.1,38.2,48,1.0,13,Sunday,Tarde (12-18),False,0.0,False
TKT-00401,2025-03-10 20:45:00,2025-03-14 10:03:00,web_form,Delivery / Shipping,Damaged item,Low,Closed,Negative,DataDash,Professional,North America,English,Agent_008 (Daniel N),The item I received is damaged. I need a replacement or refund for order #24879.,Pending customer,85.3,2.8,2.7,True,False,6,134,2025-03-10 23:27:00,2.7,82.6,85.3,72,0.0,20,Monday,Noche (18-24),False,13.299999999999997,False
TKT-00402,2025-04-16 17:50:00,2025-04-17 23:08:00,helpdesk_portal,Billing,Subscription upgrade,High,Closed,Very Negative,CloudSync Pro,Enterprise,North America,Hindi,Agent_002 (James T),"Hi, I was charged $33.99 twice on May 22, 2024. My invoice is INV-4268. Please refund the duplicate.",Refund processed,29.3,1.0,2.0,False,False,9,395,2025-04-16 19:50:00,2.0,27.3,29.3,24,0.0,17,Wednesday,Tarde (12-18),False,5.300000000000001,False
TKT-00403,2024-06-29 13:16:00,2024-07-01 21:58:00,helpdesk_portal,Account Access,Account deletion,Low,Resolved,Very Negative,CloudSync Pro,Professional,Europe,English,Agent_002 (James T),My account appears to be locked. I haven't violated any terms.,Issue fixed by agent,56.7,1.2,6.1,False,False,4,1087,2024-06-29 19:22:00,6.1,50.6,56.7,72,1.0,13,Saturday,Tarde (12-18),False,0.0,False
TKT-00404,2025-04-01 07:47:00,2025-04-02 13:23:00,phone,Billing,Payment failure,High,Resolved,Negative,CloudSync Pro,Professional,North America,English,Agent_007 (Elena V),My payment of $362.99 failed but the amount was still deducted from my account.,Self-service guided,29.6,2.3,24.0,False,False,10,350,2025-04-02 07:47:00,24.0,5.600000000000001,29.6,24,0.0,7,Tuesday,Mañana (06-12),False,5.600000000000001,False
TKT-00405,2025-01-29 20:01:00,2025-02-02 04:55:00,chat,Billing,Payment failure,Medium,Resolved,Negative,SecureVault,Enterprise,Middle East,Arabic,Agent_004 (Omar F),Could you send me a detailed invoice for the period Jul–Sep 2024? I need it for tax purposes.,Issue fixed by agent,80.9,2.1,9.5,False,False,6,406,2025-01-30 05:31:00,9.5,71.4,80.9,48,0.0,20,Wednesday,Noche (18-24),False,32.900000000000006,False
TKT-00406,2024-03-02 18:06:00,2024-03-03 16:54:00,web_form,Billing,Payment failure,Medium,Escalated,Neutral,InvoiceFlow,Professional,North America,English,Agent_009 (Yuki T),Could you send me a detailed invoice for the period Oct–Dec 2024? I need it for tax purposes.,Issue fixed by agent,22.8,,14.7,False,True,9,578,2024-03-03 08:48:00,14.7,8.100000000000001,22.8,48,1.0,18,Saturday,Noche (18-24),False,0.0,False
TKT-00407,2024-11-16 22:50:00,,chat,Technical Issue,Performance slow,Medium,In Progress,Negative,InvoiceFlow,Free,Europe,English,Agent_009 (Yuki T),Performance has been extremely slow on my end. Pages take 20+ seconds to load.,Escalated to engineering,,,12.3,False,False,3,1278,2024-11-17 11:08:00,12.3,,,48,,22,Saturday,Noche (18-24),False,,False
TKT-00408,2025-01-07 08:30:00,2025-01-08 20:18:00,chat,Technical Issue,App crash,Medium,Closed,Negative,SecureVault,Free,Southeast Asia,English,Agent_007 (Elena V),Performance has been extremely slow on my end. Pages take 20+ seconds to load.,Escalated to engineering,35.8,2.3,1.5,False,False,9,1033,2025-01-07 10:00:00,1.5,34.3,35.8,48,1.0,8,Tuesday,Mañana (06-12),False,0.0,False
TKT-00409,2025-04-21 11:28:00,2025-04-22 15:28:00,email,Technical Issue,Data sync issue,High,Closed,Negative,CloudSync Pro,Free,North America,French,Agent_007 (Elena V),I'm unable to connect an integration since the latest update. Getting error code ERR-302.,Issue fixed by agent,28.0,2.3,0.5,True,False,6,1132,2025-04-21 11:58:00,0.5,27.5,28.0,24,0.0,11,Monday,Mañana (06-12),False,4.0,False
TKT-00410,2024-11-27 08:56:00,2024-12-01 22:38:00,email,Account Access,Account locked,Low,Resolved,Very Negative,CloudSync Pro,Starter,Europe,Hindi,Agent_007 (Elena V),I need to update the email address associated with my account.,Escalated to engineering,109.7,1.3,1.8,False,False,1,1075,2024-11-27 10:44:00,1.8,107.9,109.7,72,0.0,8,Wednesday,Mañana (06-12),True,37.7,False
TKT-00411,2024-01-25 08:41:00,2024-01-26 19:41:00,web_form,Technical Issue,Login error,High,Resolved,Negative,CloudSync Pro,Free,North America,Arabic,Agent_002 (James T),My data isn't syncing across devices. Last successful sync was 8 days ago.,Issue fixed by agent,35.0,2.0,17.2,False,False,2,83,2024-01-26 01:53:00,17.2,17.8,35.0,24,0.0,8,Thursday,Mañana (06-12),False,11.0,False
TKT-00412,2024-01-08 16:17:00,2024-01-13 12:23:00,whatsapp,Billing,Subscription upgrade,Low,Resolved,Neutral,DataDash,Enterprise,North America,Spanish,Agent_004 (Omar F),Could you send me a detailed invoice for the period Apr–Jun 2024? I need it for tax purposes.,Issue fixed by agent,116.1,3.2,2.8,False,False,2,422,2024-01-08 19:05:00,2.8,113.3,116.1,72,0.0,16,Monday,Tarde (12-18),False,44.099999999999994,False
TKT-00413,2024-09-15 13:32:00,2024-09-16 09:14:00,chat,Billing,Duplicate charge,Medium,Closed,Negative,InvoiceFlow,Enterprise,Africa,English,Agent_006 (Raj P),I noticed an incorrect charge of $429.00 on my last bill. Can you look into invoice INV-4380?,Refund processed,19.7,2.8,16.0,False,False,2,1263,2024-09-16 05:32:00,16.0,3.6999999999999993,19.7,48,1.0,13,Sunday,Tarde (12-18),False,0.0,False
TKT-00414,2025-01-11 13:41:00,,chat,Billing,Incorrect amount,Low,Open,Positive,CloudSync Pro,Free,North America,German,Unassigned,Could you send me a detailed invoice for the period Oct–Dec 2024? I need it for tax purposes.,Issue fixed by agent,,,,False,False,4,247,,,,,72,,13,Saturday,Tarde (12-18),False,,False
TKT-00415,2024-10-06 15:01:00,,email,General Inquiry,Partnership,High,Open,Negative,SecureVault,Free,Europe,English,Agent_008 (Daniel N),I'm interested in a partnership opportunity with your company.,Refund processed,,,23.4,False,False,1,1345,2024-10-07 14:25:00,23.4,,,24,,15,Sunday,Tarde (12-18),True,,False
TKT-00416,2024-01-02 08:55:00,2024-01-03 10:55:00,email,Billing,Invoice request,High,Resolved,Neutral,DataDash,Free,Middle East,Arabic,Agent_002 (James T),Could you send me a detailed invoice for the period Jul–Sep 2024? I need it for tax purposes.,Self-service guided,26.0,3.3,15.4,False,False,10,823,2024-01-03 00:19:00,15.4,10.6,26.0,24,0.0,8,Tuesday,Mañana (06-12),False,2.0,False
TKT-00417,2024-05-20 17:59:00,,chat,Technical Issue,Performance slow,Critical,In Progress,Very Negative,InvoiceFlow,Professional,Africa,Japanese,Agent_001 (Priya S),My data isn't syncing across devices. Last successful sync was 12 days ago.,Issue fixed by agent,,,2.1,False,False,2,1027,2024-05-20 20:05:00,2.1,,,8,,17,Monday,Tarde (12-18),False,,False
TKT-00418,2025-01-17 19:33:00,,web_form,Account Access,Email change,Medium,In Progress,Negative,InvoiceFlow,Professional,Africa,Spanish,Agent_005 (Sophie M),My account appears to be locked. I haven't violated any terms.,Self-service guided,,,3.6,True,False,5,496,2025-01-17 23:09:00,3.6,,,48,,19,Friday,Noche (18-24),False,,False
TKT-00419,2024-03-09 15:28:00,2024-03-13 05:58:00,chat,Delivery / Shipping,Tracking issue,Medium,Resolved,Neutral,SecureVault,Free,North America,English,Agent_008 (Daniel N),The item I received is damaged. I need a replacement or refund for order #87291.,Escalated to engineering,86.5,3.7,23.5,False,False,6,64,2024-03-10 14:58:00,23.5,63.0,86.5,48,0.0,15,Saturday,Tarde (12-18),False,38.5,False
TKT-00420,2025-01-24 08:31:00,2025-01-27 09:13:00,phone,Technical Issue,App crash,Medium,Closed,Very Negative,TaskBoard,Professional,Europe,Japanese,Agent_007 (Elena V),My data isn't syncing across devices. Last successful sync was 13 days ago.,,72.7,1.3,13.3,False,False,8,444,2025-01-24 21:49:00,13.3,59.400000000000006,72.7,48,0.0,8,Friday,Mañana (06-12),False,24.700000000000003,False
TKT-00421,2024-02-19 15:37:00,2024-02-21 20:31:00,email,Feature Request,Dark mode,Low,Resolved,Negative,InvoiceFlow,Professional,North America,English,Agent_003 (Lena K),Is there any plan to expose an API for the reporting module?,Refund processed,52.9,2.2,9.4,False,False,11,362,2024-02-20 01:01:00,9.4,43.5,52.9,72,1.0,15,Monday,Tarde (12-18),False,0.0,False
TKT-00422,2024-05-22 11:47:00,2024-05-29 20:41:00,chat,Delivery / Shipping,Missing package,Low,Resolved,Neutral,InvoiceFlow,Starter,Middle East,German,Agent_009 (Yuki T),"My order #67185 was supposed to arrive on Jan 10, 2025 but it's still not here.",Issue fixed by agent,176.9,3.1,6.4,False,False,6,973,2024-05-22 18:11:00,6.4,170.5,176.9,72,0.0,11,Wednesday,Mañana (06-12),False,104.9,False
TKT-00423,2024-09-26 22:04:00,2024-09-28 13:10:00,web_form,Technical Issue,Login error,High,Closed,Very Negative,CloudSync Pro,Professional,North America,English,Unassigned,My data isn't syncing across devices. Last successful sync was 13 days ago.,Self-service guided,39.1,1.1,,False,False,10,1087,,,,39.1,24,0.0,22,Thursday,Noche (18-24),False,15.100000000000001,False
TKT-00424,2024-03-13 11:42:00,2024-03-13 23:48:00,chat,Billing,Subscription upgrade,High,Closed,Neutral,TaskBoard,Starter,Middle East,English,Agent_001 (Priya S),I noticed an incorrect charge of $445.00 on my last bill. Can you look into invoice INV-9411?,Self-service guided,12.1,3.1,10.4,False,False,7,57,2024-03-13 22:06:00,10.4,1.6999999999999993,12.1,24,1.0,11,Wednesday,Mañana (06-12),False,0.0,False
TKT-00425,2024-06-10 14:38:00,2024-06-11 15:20:00,chat,Billing,Invoice request,High,Resolved,Negative,TaskBoard,Enterprise,North America,Japanese,Agent_005 (Sophie M),"Hi, I was charged $226.99 twice on Feb 01, 2024. My invoice is INV-7837. Please refund the duplicate.",Self-service guided,24.7,2.5,19.4,False,False,5,1097,2024-06-11 10:02:00,19.4,5.300000000000001,24.7,24,0.0,14,Monday,Tarde (12-18),False,0.6999999999999993,False
TKT-00426,2024-05-20 22:21:00,2024-05-21 09:15:00,whatsapp,Feature Request,API access,High,Resolved,Very Negative,DataDash,Enterprise,Southeast Asia,Hindi,Agent_007 (Elena V),A dark mode option would be greatly appreciated for late-night work sessions.,Refund processed,10.9,1.3,7.4,False,False,9,1385,2024-05-21 05:45:00,7.4,3.5,10.9,24,1.0,22,Monday,Noche (18-24),False,0.0,False
TKT-00427,2024-11-24 13:51:00,2024-11-28 20:27:00,web_form,Technical Issue,Data sync issue,Low,Resolved,Negative,TaskBoard,Free,Africa,English,Agent_007 (Elena V),I'm unable to invite a team member since the latest update. Getting error code ERR-763.,Self-service guided,102.6,2.7,22.4,False,False,6,300,2024-11-25 12:15:00,22.4,80.19999999999999,102.6,72,0.0,13,Sunday,Tarde (12-18),False,30.599999999999994,False
TKT-00428,2024-10-10 20:12:00,2024-10-13 22:30:00,helpdesk_portal,Technical Issue,Feature not working,Low,Resolved,Neutral,InvoiceFlow,Free,Europe,English,Agent_005 (Sophie M),My data isn't syncing across devices. Last successful sync was 4 days ago.,Policy exception granted,74.3,3.3,13.2,False,False,2,1407,2024-10-11 09:24:00,13.2,61.099999999999994,74.3,72,0.0,20,Thursday,Noche (18-24),False,2.299999999999997,False
TKT-00429,2024-09-30 18:53:00,,chat,Account Access,Account locked,Low,Open,Negative,CloudSync Pro,Professional,Latin America,English,Agent_002 (James T),My account appears to be locked. I haven't violated any terms.,Refund processed,,,3.1,False,False,7,453,2024-09-30 21:59:00,3.1,,,72,,18,Monday,Noche (18-24),False,,False
TKT-00430,2024-08-25 10:54:00,2024-08-26 10:48:00,chat,Technical Issue,Feature not working,Medium,Closed,Very Negative,CloudSync Pro,Professional,North America,Arabic,Agent_008 (Daniel N),My data isn't syncing across devices. Last successful sync was 9 days ago.,Self-service guided,23.9,1.5,14.8,False,False,10,421,2024-08-26 01:42:00,14.8,9.099999999999998,23.9,48,1.0,10,Sunday,Mañana (06-12),False,0.0,False
TKT-00431,2024-08-24 19:38:00,2024-08-26 07:44:00,chat,Technical Issue,App crash,High,Resolved,Negative,DataDash,Starter,Southeast Asia,English,Agent_003 (Lena K),I'm unable to connect an integration since the latest update. Getting error code ERR-468.,Issue fixed by agent,36.1,2.1,6.2,False,False,6,533,2024-08-25 01:50:00,6.2,29.900000000000002,36.1,24,0.0,19,Saturday,Noche (18-24),False,12.100000000000001,False
TKT-00432,2024-06-11 09:39:00,2024-06-17 01:45:00,twitter_dm,Account Access,Password reset,Low,Resolved,Very Negative,InvoiceFlow,Enterprise,Middle East,English,Agent_007 (Elena V),I'm having trouble with 2FA — the codes aren't working on my new phone.,Issue fixed by agent,136.1,1.2,1.7,False,False,10,107,2024-06-11 11:21:00,1.7,134.4,136.1,72,0.0,9,Tuesday,Mañana (06-12),False,64.1,False
TKT-00433,2024-03-19 09:49:00,2024-03-19 21:01:00,chat,Feature Request,Export options,High,Closed,Very Negative,TaskBoard,Starter,Europe,English,Agent_001 (Priya S),It would be really helpful if DataDash supported direct integration with HubSpot.,,,1.5,,False,False,3,100,,,,,24,,9,Tuesday,Mañana (06-12),False,,True
TKT-00434,2024-02-13 09:24:00,2024-02-13 21:42:00,chat,Account Access,2FA issue,High,Resolved,Neutral,DataDash,Starter,Southeast Asia,German,Agent_007 (Elena V),I need to update the email address associated with my account.,Issue fixed by agent,,3.2,,False,False,1,424,,,,,24,,9,Tuesday,Mañana (06-12),True,,True
TKT-00435,2024-05-30 21:55:00,,email,Billing,Subscription upgrade,Critical,Open,Very Negative,SecureVault,Starter,Europe,English,Agent_007 (Elena V),I noticed an incorrect charge of $337.49 on my last bill. Can you look into invoice INV-5005?,Issue fixed by agent,,,21.2,False,False,7,106,2024-05-31 19:07:00,21.2,,,8,,21,Thursday,Noche (18-24),False,,False
TKT-00436,2025-06-08 22:02:00,,phone,Technical Issue,Feature not working,Low,Open,Negative,DataDash,Enterprise,Europe,Arabic,Agent_001 (Priya S),The app keeps crashing when I try to upload a file. I'm on Android 14.,Issue fixed by agent,,,15.2,False,False,8,827,2025-06-09 13:14:00,15.2,,,72,,22,Sunday,Noche (18-24),False,,False
TKT-00437,2025-06-02 09:09:00,2025-06-05 22:21:00,phone,Technical Issue,Feature not working,Medium,Resolved,Neutral,DataDash,Professional,Middle East,German,Agent_004 (Omar F),Performance has been extremely slow on my end. Pages take 20+ seconds to load.,Refund processed,85.2,3.0,0.4,False,False,7,1166,2025-06-02 09:33:00,0.4,84.8,85.2,48,0.0,9,Monday,Mañana (06-12),False,37.2,False
TKT-00438,2024-03-08 14:29:00,2024-03-10 03:47:00,twitter_dm,Billing,Incorrect amount,High,Resolved,Very Negative,InvoiceFlow,Starter,Latin America,English,Agent_001 (Priya S),Could you send me a detailed invoice for the period Jul–Sep 2024? I need it for tax purposes.,Escalated to engineering,37.3,1.7,20.1,False,False,11,572,2024-03-09 10:35:00,20.1,17.199999999999996,37.3,24,0.0,14,Friday,Tarde (12-18),False,13.299999999999997,False
TKT-00439,2024-11-03 15:06:00,2024-11-05 01:30:00,chat,Refund / Return,Policy inquiry,High,Closed,Neutral,DataDash,Enterprise,North America,Japanese,Unassigned,I was overcharged and would like a partial refund for the difference.,Issue fixed by agent,34.4,3.1,,False,False,8,1358,,,,34.4,24,0.0,15,Sunday,Tarde (12-18),False,10.399999999999999,False
TKT-00440,2025-05-18 19:37:00,2025-05-20 05:01:00,email,Billing,Invoice request,Medium,Resolved,Very Negative,TaskBoard,Starter,North America,Japanese,Agent_001 (Priya S),I noticed an incorrect charge of $151.00 on my last bill. Can you look into invoice INV-6506?,Issue fixed by agent,33.4,1.5,11.9,False,False,12,1328,2025-05-19 07:31:00,11.9,21.5,33.4,48,1.0,19,Sunday,Noche (18-24),False,0.0,False
TKT-00441,2024-06-18 16:21:00,,phone,Billing,Duplicate charge,Low,Open,Negative,CloudSync Pro,Professional,Middle East,French,Agent_006 (Raj P),"Hi, I was charged $303.00 twice on Feb 10, 2024. My invoice is INV-1003. Please refund the duplicate.",Issue fixed by agent,,,20.0,False,False,2,947,2024-06-19 12:21:00,20.0,,,72,,16,Tuesday,Tarde (12-18),False,,False
TKT-00442,2025-04-08 18:32:00,2025-04-12 02:38:00,email,Feature Request,API access,Low,Resolved,Negative,CloudSync Pro,Professional,South Asia,Arabic,Agent_006 (Raj P),Is there any plan to expose an API for the reporting module?,Escalated to engineering,80.1,2.1,24.0,False,False,12,151,2025-04-09 18:32:00,24.0,56.099999999999994,80.1,72,0.0,18,Tuesday,Noche (18-24),False,8.099999999999994,False
TKT-00443,2024-08-02 22:41:00,,web_form,Technical Issue,App crash,Medium,In Progress,Neutral,DataDash,Enterprise,Europe,French,Agent_007 (Elena V),Performance has been extremely slow on my end. Pages take 20+ seconds to load.,Self-service guided,,,15.8,False,False,12,663,2024-08-03 14:29:00,15.8,,,48,,22,Friday,Noche (18-24),False,,False
TKT-00444,2024-09-13 20:05:00,2024-09-14 19:41:00,helpdesk_portal,Account Access,2FA issue,High,Resolved,Negative,InvoiceFlow,Professional,Latin America,English,Agent_008 (Daniel N),My account appears to be locked. I haven't violated any terms.,Issue fixed by agent,23.6,2.8,9.0,True,False,8,1027,2024-09-14 05:05:00,9.0,14.600000000000001,23.6,24,1.0,20,Friday,Noche (18-24),False,0.0,False
TKT-00445,2024-02-10 21:46:00,2024-02-15 22:52:00,whatsapp,Billing,Payment failure,Low,Closed,Negative,TaskBoard,Starter,North America,Hindi,Agent_009 (Yuki T),Could you send me a detailed invoice for the period Oct–Dec 2024? I need it for tax purposes.,Issue fixed by agent,121.1,2.8,5.4,False,False,11,80,2024-02-11 03:10:00,5.4,115.69999999999999,121.1,72,0.0,21,Saturday,Noche (18-24),False,49.099999999999994,False
TKT-00446,2024-03-18 15:34:00,2024-03-21 20:10:00,helpdesk_portal,Refund / Return,Policy inquiry,Medium,Resolved,Negative,CloudSync Pro,Starter,North America,English,Agent_001 (Priya S),What's the status of refund request #REF-6383? It's been 3 days.,Issue fixed by agent,76.6,2.5,4.9,False,False,2,674,2024-03-18 20:28:00,4.9,71.69999999999999,76.6,48,0.0,15,Monday,Tarde (12-18),False,28.599999999999994,False
TKT-00447,2024-06-16 18:06:00,,web_form,Feature Request,UI improvement,Critical,In Progress,Positive,TaskBoard,Professional,North America,English,Agent_009 (Yuki T),A dark mode option would be greatly appreciated for late-night work sessions.,Issue fixed by agent,,,3.0,False,False,9,953,2024-06-16 21:06:00,3.0,,,8,,18,Sunday,Noche (18-24),False,,False
TKT-00448,2024-03-29 09:10:00,2024-03-30 13:40:00,helpdesk_portal,Account Access,Account locked,Medium,Closed,Negative,DataDash,Free,North America,Hindi,Agent_003 (Lena K),My account appears to be locked. I haven't violated any terms.,Issue fixed by agent,28.5,2.6,11.7,False,False,12,138,2024-03-29 20:52:00,11.7,16.8,28.5,48,1.0,9,Friday,Mañana (06-12),False,0.0,False
TKT-00449,2024-07-11 07:36:00,2024-07-12 03:00:00,chat,Complaint,Unresolved issue,High,Closed,Very Negative,TaskBoard,Starter,South Asia,English,Agent_009 (Yuki T),The agent I spoke to was dismissive and unhelpful. I'd like to escalate.,Issue fixed by agent,19.4,1.5,13.3,False,False,6,246,2024-07-11 20:54:00,13.3,6.099999999999998,19.4,24,1.0,7,Thursday,Mañana (06-12),False,0.0,False
TKT-00450,2024-05-20 15:52:00,2024-05-24 10:34:00,helpdesk_portal,Feature Request,Export options,Low,Resolved,Very Negative,DataDash,Starter,Middle East,English,Agent_003 (Lena K),A dark mode option would be greatly appreciated for late-night work sessions.,,90.7,1.3,17.1,False,False,9,1235,2024-05-21 08:58:00,17.1,73.6,90.7,72,0.0,15,Monday,Tarde (12-18),False,18.700000000000003,False
TKT-00451,2024-11-14 09:51:00,2024-11-20 04:27:00,whatsapp,Feature Request,Dark mode,Low,Escalated,Neutral,TaskBoard,Free,Europe,Hindi,Agent_001 (Priya S),A dark mode option would be greatly appreciated for late-night work sessions.,Issue fixed by agent,138.6,,1.7,False,True,10,9,2024-11-14 11:33:00,1.7,136.9,138.6,72,0.0,9,Thursday,Mañana (06-12),False,66.6,False
TKT-00452,2024-04-16 07:30:00,2024-04-17 17:12:00,whatsapp,Billing,Incorrect amount,Medium,Resolved,Negative,InvoiceFlow,Professional,North America,Spanish,Agent_001 (Priya S),I noticed an incorrect charge of $382.99 on my last bill. Can you look into invoice INV-4909?,Issue fixed by agent,33.7,2.4,14.8,False,False,9,600,2024-04-16 22:18:00,14.8,18.900000000000002,33.7,48,1.0,7,Tuesday,Mañana (06-12),False,0.0,False
TKT-00453,2024-04-27 19:37:00,2024-04-29 03:25:00,email,Technical Issue,Performance slow,Medium,Closed,Negative,CloudSync Pro,Enterprise,North America,English,Agent_006 (Raj P),I'm unable to upload a file since the latest update. Getting error code ERR-355.,Refund processed,31.8,3.0,6.7,False,False,1,1335,2024-04-28 02:19:00,6.7,25.1,31.8,48,1.0,19,Saturday,Noche (18-24),True,0.0,False
TKT-00454,2025-01-22 15:28:00,2025-01-28 02:58:00,whatsapp,Billing,Incorrect amount,Low,Resolved,Negative,DataDash,Free,Europe,English,Agent_004 (Omar F),I noticed an incorrect charge of $204.49 on my last bill. Can you look into invoice INV-4977?,,131.5,2.1,21.3,True,False,8,1074,2025-01-23 12:46:00,21.3,110.2,131.5,72,0.0,15,Wednesday,Tarde (12-18),False,59.5,False
TKT-00455,2024-08-17 21:12:00,,helpdesk_portal,Technical Issue,Performance slow,Medium,In Progress,Very Negative,CloudSync Pro,Free,Europe,Hindi,Agent_006 (Raj P),My data isn't syncing across devices. Last successful sync was 2 days ago.,Self-service guided,,,2.7,False,False,9,522,2024-08-17 23:54:00,2.7,,,48,,21,Saturday,Noche (18-24),False,,False
TKT-00456,2025-06-26 12:40:00,2025-07-01 00:16:00,phone,Feature Request,Dark mode,Low,Closed,Negative,TaskBoard,Professional,North America,English,Agent_003 (Lena K),It would be really helpful if InvoiceFlow supported direct integration with Google Sheets.,No action needed,107.6,2.6,15.1,False,False,10,1158,2025-06-27 03:46:00,15.1,92.5,107.6,72,0.0,12,Thursday,Tarde (12-18),False,35.599999999999994,False
TKT-00457,2024-01-17 09:06:00,,chat,Account Access,Account deletion,Low,In Progress,Negative,CloudSync Pro,Starter,North America,English,Agent_003 (Lena K),My account appears to be locked. I haven't violated any terms.,Issue fixed by agent,,,5.3,False,False,5,24,2024-01-17 14:24:00,5.3,,,72,,9,Wednesday,Mañana (06-12),False,,False
TKT-00458,2024-09-03 08:30:00,2024-09-06 04:06:00,phone,General Inquiry,Partnership,Medium,Resolved,Very Negative,SecureVault,Free,Africa,Hindi,Agent_001 (Priya S),Does SecureVault integrate with Salesforce?,Issue fixed by agent,67.6,1.4,8.4,False,False,8,1140,2024-09-03 16:54:00,8.4,59.199999999999996,67.6,48,0.0,8,Tuesday,Mañana (06-12),False,19.599999999999994,False
TKT-00459,2024-08-02 13:08:00,2024-08-05 19:38:00,email,Delivery / Shipping,Late delivery,Low,Resolved,Positive,CloudSync Pro,Free,North America,German,Agent_007 (Elena V),The tracking for order #30175 hasn't updated in 14 days.,Issue fixed by agent,78.5,4.5,0.3,False,False,9,359,2024-08-02 13:26:00,0.3,78.2,78.5,72,0.0,13,Friday,Tarde (12-18),False,6.5,False
TKT-00460,2025-06-27 17:56:00,2025-06-28 16:26:00,email,Feature Request,Dark mode,High,Closed,Neutral,CloudSync Pro,Free,North America,Spanish,Agent_003 (Lena K),"Can you add an option to export reports in Excel format, not just CSV?",Refund processed,22.5,3.4,12.9,False,False,10,237,2025-06-28 06:50:00,12.9,9.6,22.5,24,1.0,17,Friday,Tarde (12-18),False,0.0,False
TKT-00461,2024-02-24 12:34:00,2024-03-02 06:40:00,chat,Refund / Return,Partial refund,Low,Closed,Positive,InvoiceFlow,Professional,Middle East,French,Agent_007 (Elena V),I was overcharged and would like a partial refund for the difference.,No action needed,162.1,4.5,19.9,True,False,8,421,2024-02-25 08:28:00,19.9,142.2,162.1,72,0.0,12,Saturday,Tarde (12-18),False,90.1,False
TKT-00462,2024-10-09 17:01:00,,whatsapp,Billing,Duplicate charge,High,Open,Negative,CloudSync Pro,Starter,Europe,English,Agent_007 (Elena V),"Hi, I was charged $404.00 twice on Jan 25, 2024. My invoice is INV-1497. Please refund the duplicate.",Self-service guided,,,22.9,False,False,9,1327,2024-10-10 15:55:00,22.9,,,24,,17,Wednesday,Tarde (12-18),False,,False
TKT-00463,2024-10-26 15:10:00,2024-10-27 01:52:00,web_form,Technical Issue,Login error,High,Resolved,Negative,InvoiceFlow,Starter,Latin America,Spanish,Agent_005 (Sophie M),My data isn't syncing across devices. Last successful sync was 11 days ago.,Issue fixed by agent,,2.5,,True,False,1,6,,,,,24,,15,Saturday,Tarde (12-18),True,,True
TKT-00464,2024-10-02 14:20:00,2024-10-03 10:08:00,email,Feature Request,New integration,High,Resolved,Negative,CloudSync Pro,Starter,Southeast Asia,English,Agent_002 (James T),A dark mode option would be greatly appreciated for late-night work sessions.,Self-service guided,19.8,2.8,0.5,False,False,11,1077,2024-10-02 14:50:00,0.5,19.3,19.8,24,1.0,14,Wednesday,Tarde (12-18),False,0.0,False
TKT-00465,2024-09-21 12:35:00,,email,Billing,Invoice request,Low,Open,Neutral,CloudSync Pro,Enterprise,Europe,Hindi,Agent_005 (Sophie M),Could you send me a detailed invoice for the period Oct–Dec 2024? I need it for tax purposes.,Issue fixed by agent,,,16.7,False,False,5,350,2024-09-22 05:17:00,16.7,,,72,,12,Saturday,Tarde (12-18),False,,False
TKT-00466,2025-03-17 13:06:00,2025-03-19 05:24:00,web_form,Account Access,2FA issue,Medium,Resolved,Negative,CloudSync Pro,Enterprise,North America,English,Agent_007 (Elena V),I can't log in to my account. The password reset email is not arriving.,Pending customer,40.3,2.7,8.9,False,False,3,602,2025-03-17 22:00:00,8.9,31.4,40.3,48,1.0,13,Monday,Tarde (12-18),False,0.0,False
TKT-00467,2024-01-24 14:46:00,2024-01-25 02:16:00,helpdesk_portal,Billing,Incorrect amount,High,Resolved,Negative,DataDash,Professional,Europe,English,Agent_009 (Yuki T),I noticed an incorrect charge of $430.49 on my last bill. Can you look into invoice INV-3199?,Refund processed,,2.2,,False,False,9,528,,,,,24,,14,Wednesday,Tarde (12-18),False,,True
TKT-00468,2024-05-06 08:38:00,2024-05-07 23:50:00,web_form,Feature Request,Export options,High,Closed,Neutral,TaskBoard,Free,Middle East,English,Agent_005 (Sophie M),It would be really helpful if CloudSync Pro supported direct integration with Slack.,Pending customer,39.2,4.0,22.0,False,False,9,1018,2024-05-07 06:38:00,22.0,17.200000000000003,39.2,24,0.0,8,Monday,Mañana (06-12),False,15.200000000000003,False
TKT-00469,2024-01-28 07:37:00,2024-01-29 09:19:00,helpdesk_portal,Delivery / Shipping,Tracking issue,Medium,Resolved,Negative,DataDash,Professional,Europe,Arabic,Agent_001 (Priya S),"My order #47178 was supposed to arrive on Jun 20, 2025 but it's still not here.",Issue fixed by agent,25.7,2.9,21.2,False,False,7,754,2024-01-29 04:49:00,21.2,4.5,25.7,48,1.0,7,Sunday,Mañana (06-12),False,0.0,False
TKT-00470,2024-08-24 19:33:00,,whatsapp,Feature Request,API access,Medium,Open,Very Negative,InvoiceFlow,Enterprise,Middle East,Hindi,Agent_001 (Priya S),A dark mode option would be greatly appreciated for late-night work sessions.,Issue fixed by agent,,,10.9,False,False,7,158,2024-08-25 06:27:00,10.9,,,48,,19,Saturday,Noche (18-24),False,,False
TKT-00471,2024-12-11 14:31:00,2024-12-12 04:43:00,web_form,Billing,Invoice request,Critical,Closed,Negative,CloudSync Pro,Starter,South Asia,Spanish,Agent_006 (Raj P),Could you send me a detailed invoice for the period Jan–Mar 2024? I need it for tax purposes.,No action needed,14.2,2.4,9.6,False,False,1,792,2024-12-12 00:07:00,9.6,4.6,14.2,8,0.0,14,Wednesday,Tarde (12-18),True,6.199999999999999,False
TKT-00472,2024-07-06 20:36:00,2024-07-07 22:24:00,phone,Billing,Invoice request,Medium,Closed,Neutral,CloudSync Pro,Starter,North America,English,Agent_008 (Daniel N),Could you send me a detailed invoice for the period Jul–Sep 2024? I need it for tax purposes.,Refund processed,25.8,3.8,8.3,False,False,11,1127,2024-07-07 04:54:00,8.3,17.5,25.8,48,1.0,20,Saturday,Noche (18-24),False,0.0,False
TKT-00473,2024-02-18 18:36:00,,email,Delivery / Shipping,Missing package,Medium,In Progress,Negative,InvoiceFlow,Free,South Asia,English,Agent_007 (Elena V),"My order #88361 was supposed to arrive on Oct 19, 2024 but it's still not here.",Issue fixed by agent,,,20.9,False,False,9,1315,2024-02-19 15:30:00,20.9,,,48,,18,Sunday,Noche (18-24),False,,False
TKT-00474,2024-09-11 11:21:00,2024-09-13 22:03:00,chat,Feature Request,UI improvement,Medium,Resolved,Negative,SecureVault,Enterprise,Europe,Hindi,Agent_004 (Omar F),It would be really helpful if InvoiceFlow supported direct integration with Slack.,Self-service guided,58.7,2.6,23.1,True,False,10,1433,2024-09-12 10:27:00,23.1,35.6,58.7,48,0.0,11,Wednesday,Mañana (06-12),False,10.700000000000003,False
TKT-00475,2024-08-21 14:20:00,2024-08-24 08:38:00,whatsapp,Billing,Subscription upgrade,Medium,Resolved,Neutral,DataDash,Enterprise,Europe,English,Agent_002 (James T),My payment of $337.00 failed but the amount was still deducted from my account.,Refund processed,66.3,3.0,19.3,False,False,7,1210,2024-08-22 09:38:00,19.3,47.0,66.3,48,0.0,14,Wednesday,Tarde (12-18),False,18.299999999999997,False
TKT-00476,2025-05-08 20:06:00,2025-05-11 14:30:00,chat,Delivery / Shipping,Wrong item,Medium,Resolved,Neutral,CloudSync Pro,Professional,South Asia,French,Agent_009 (Yuki T),I received the wrong item in my package. Order #29523.,Issue fixed by agent,66.4,3.8,6.6,False,False,1,337,2025-05-09 02:42:00,6.6,59.800000000000004,66.4,48,0.0,20,Thursday,Noche (18-24),True,18.400000000000006,False
TKT-00477,2025-05-30 13:04:00,2025-06-01 12:46:00,email,Account Access,Account locked,Low,Closed,Positive,DataDash,Enterprise,Europe,English,Agent_008 (Daniel N),I'm having trouble with 2FA — the codes aren't working on my new phone.,No action needed,47.7,4.4,4.3,False,False,4,1193,2025-05-30 17:22:00,4.3,43.400000000000006,47.7,72,1.0,13,Friday,Tarde (12-18),False,0.0,False
TKT-00478,2024-02-29 21:56:00,,phone,General Inquiry,Plan comparison,Medium,Open,Negative,DataDash,Starter,South Asia,English,Agent_006 (Raj P),I'm interested in a partnership opportunity with your company.,Self-service guided,,,18.5,False,False,7,1074,2024-03-01 16:26:00,18.5,,,48,,21,Thursday,Noche (18-24),False,,False
TKT-00479,2025-02-14 10:29:00,,phone,Feature Request,Dark mode,Low,In Progress,Very Negative,DataDash,Free,North America,English,Agent_009 (Yuki T),It would be really helpful if DataDash supported direct integration with Google Sheets.,Issue fixed by agent,,,3.3,False,False,10,707,2025-02-14 13:47:00,3.3,,,72,,10,Friday,Mañana (06-12),False,,False
TKT-00480,2025-02-09 16:32:00,2025-02-11 10:44:00,web_form,Technical Issue,App crash,Low,Closed,Negative,InvoiceFlow,Professional,Europe,English,Agent_006 (Raj P),My data isn't syncing across devices. Last successful sync was 3 days ago.,Issue fixed by agent,42.2,2.9,17.8,False,False,9,349,2025-02-10 10:20:00,17.8,24.400000000000002,42.2,72,1.0,16,Sunday,Tarde (12-18),False,0.0,False
TKT-00481,2025-03-05 12:36:00,2025-03-10 07:12:00,helpdesk_portal,General Inquiry,Documentation,Low,Resolved,Very Negative,SecureVault,Professional,Africa,English,Agent_002 (James T),I'm interested in a partnership opportunity with your company.,Refund processed,114.6,1.6,10.8,False,False,8,1440,2025-03-05 23:24:00,10.8,103.8,114.6,72,0.0,12,Wednesday,Tarde (12-18),False,42.599999999999994,False
TKT-00482,2024-05-30 07:23:00,2024-05-31 15:53:00,chat,Feature Request,API access,High,Resolved,Negative,SecureVault,Professional,Europe,Japanese,Agent_002 (James T),"Can you add an option to export reports in Excel format, not just CSV?",Self-service guided,32.5,2.8,13.0,False,False,2,1407,2024-05-30 20:23:00,13.0,19.5,32.5,24,0.0,7,Thursday,Mañana (06-12),False,8.5,False
TKT-00483,2024-02-10 15:15:00,2024-02-12 16:15:00,email,Technical Issue,Data sync issue,Medium,Resolved,Negative,TaskBoard,Enterprise,North America,Hindi,Unassigned,Performance has been extremely slow on my end. Pages take 20+ seconds to load.,No action needed,49.0,3.0,,False,False,12,514,,,,49.0,48,0.0,15,Saturday,Tarde (12-18),False,1.0,False
TKT-00484,2025-06-03 21:51:00,2025-06-09 22:03:00,whatsapp,Account Access,Password reset,Low,Closed,Neutral,DataDash,Professional,Southeast Asia,French,Agent_003 (Lena K),I need to update the email address associated with my account.,Self-service guided,144.2,3.4,2.0,False,False,12,1286,2025-06-03 23:51:00,2.0,142.2,144.2,72,0.0,21,Tuesday,Noche (18-24),False,72.19999999999999,False
TKT-00485,2024-05-12 17:33:00,2024-05-15 05:03:00,chat,Feature Request,API access,Medium,Resolved,Negative,InvoiceFlow,Professional,Middle East,English,Agent_008 (Daniel N),It would be really helpful if InvoiceFlow supported direct integration with Slack.,Pending customer,59.5,2.7,20.8,False,False,7,781,2024-05-13 14:21:00,20.8,38.7,59.5,48,0.0,17,Sunday,Tarde (12-18),False,11.5,False
TKT-00486,2024-07-05 19:29:00,,email,Delivery / Shipping,Missing package,Medium,Open,Negative,InvoiceFlow,Enterprise,North America,German,Agent_008 (Daniel N),The tracking for order #61299 hasn't updated in 10 days.,Issue fixed by agent,,,13.2,False,False,10,212,2024-07-06 08:41:00,13.2,,,48,,19,Friday,Noche (18-24),False,,False
TKT-00487,2024-06-20 12:25:00,2024-06-27 16:37:00,twitter_dm,Technical Issue,Login error,Low,Resolved,Positive,DataDash,Starter,South Asia,English,Agent_009 (Yuki T),I'm unable to upload a file since the latest update. Getting error code ERR-478.,Self-service guided,172.2,4.9,13.5,True,False,6,999,2024-06-21 01:55:00,13.5,158.7,172.2,72,0.0,12,Thursday,Tarde (12-18),False,100.19999999999999,False
TKT-00488,2025-05-07 22:10:00,,phone,Delivery / Shipping,Late delivery,Low,Open,Neutral,DataDash,Enterprise,South Asia,Spanish,Agent_001 (Priya S),I received the wrong item in my package. Order #50315.,Pending customer,,,7.1,False,False,6,415,2025-05-08 05:16:00,7.1,,,72,,22,Wednesday,Noche (18-24),False,,False
TKT-00489,2024-02-16 07:39:00,2024-02-17 00:09:00,whatsapp,Billing,Incorrect amount,High,Closed,Negative,TaskBoard,Enterprise,Europe,English,Agent_004 (Omar F),"Hi, I was charged $150.00 twice on Feb 06, 2024. My invoice is INV-6797. Please refund the duplicate.",Pending customer,,2.6,,False,False,1,557,,,,,24,,7,Friday,Mañana (06-12),True,,True
TKT-00490,2025-03-02 08:20:00,2025-03-09 00:44:00,phone,Technical Issue,Data sync issue,Low,Resolved,Negative,TaskBoard,Enterprise,Europe,Hindi,Agent_009 (Yuki T),My data isn't syncing across devices. Last successful sync was 13 days ago.,No action needed,160.4,2.7,10.2,False,False,6,1460,2025-03-02 18:32:00,10.2,150.20000000000002,160.4,72,0.0,8,Sunday,Mañana (06-12),False,88.4,False
TKT-00491,2024-01-07 08:02:00,2024-01-09 18:32:00,web_form,Refund / Return,Return request,Low,Resolved,Negative,InvoiceFlow,Free,North America,Japanese,Agent_001 (Priya S),I want to return an item from order #37308 — it doesn't meet my needs.,Policy exception granted,58.5,2.3,0.9,False,False,11,872,2024-01-07 08:56:00,0.9,57.6,58.5,72,1.0,8,Sunday,Mañana (06-12),False,0.0,False
TKT-00492,2024-08-15 20:28:00,2024-08-22 17:52:00,whatsapp,Account Access,Email change,Low,Resolved,Neutral,TaskBoard,Starter,South Asia,Japanese,Agent_005 (Sophie M),I'm having trouble with 2FA — the codes aren't working on my new phone.,Refund processed,165.4,3.7,19.4,False,False,3,390,2024-08-16 15:52:00,19.4,146.0,165.4,72,0.0,20,Thursday,Noche (18-24),False,93.4,False
TKT-00493,2025-03-01 15:31:00,2025-03-04 02:37:00,email,Refund / Return,Policy inquiry,Low,Closed,Negative,InvoiceFlow,Professional,South Asia,German,Agent_009 (Yuki T),What's the status of refund request #REF-8606? It's been 14 days.,Refund processed,59.1,2.3,23.4,False,False,5,991,2025-03-02 14:55:00,23.4,35.7,59.1,72,1.0,15,Saturday,Tarde (12-18),False,0.0,False
TKT-00494,2024-09-03 10:25:00,,helpdesk_portal,Billing,Duplicate charge,Low,Open,Negative,CloudSync Pro,Enterprise,North America,German,Agent_004 (Omar F),I noticed an incorrect charge of $372.49 on my last bill. Can you look into invoice INV-8680?,Escalated to engineering,,,7.9,False,False,10,1161,2024-09-03 18:19:00,7.9,,,72,,10,Tuesday,Mañana (06-12),False,,False
TKT-00495,2024-05-27 14:57:00,,helpdesk_portal,General Inquiry,Plan comparison,Low,In Progress,Negative,CloudSync Pro,Starter,Europe,English,Agent_003 (Lena K),Where can I find documentation on setting up the API?,Refund processed,,,5.3,False,False,5,507,2024-05-27 20:15:00,5.3,,,72,,14,Monday,Tarde (12-18),False,,False
TKT-00496,2025-03-25 07:11:00,,web_form,General Inquiry,Partnership,Medium,In Progress,Neutral,TaskBoard,Professional,Southeast Asia,English,Agent_004 (Omar F),Does CloudSync Pro integrate with Salesforce?,No action needed,,,3.4,False,False,9,498,2025-03-25 10:35:00,3.4,,,48,,7,Tuesday,Mañana (06-12),False,,False
TKT-00497,2024-02-15 15:48:00,2024-02-20 11:36:00,web_form,Billing,Subscription upgrade,Low,Escalated,Negative,CloudSync Pro,Professional,Europe,English,Agent_002 (James T),Could you send me a detailed invoice for the period Jul–Sep 2024? I need it for tax purposes.,Issue fixed by agent,115.8,,22.2,False,True,1,414,2024-02-16 14:00:00,22.2,93.6,115.8,72,0.0,15,Thursday,Tarde (12-18),True,43.8,False
TKT-00498,2024-08-03 09:01:00,2024-08-03 21:19:00,chat,Billing,Subscription upgrade,Critical,Resolved,Neutral,CloudSync Pro,Professional,South Asia,English,Agent_003 (Lena K),I noticed an incorrect charge of $403.99 on my last bill. Can you look into invoice INV-1393?,Pending customer,,3.6,,False,False,11,1216,,,,,8,,9,Saturday,Mañana (06-12),False,,True
TKT-00499,2025-02-23 21:48:00,2025-02-26 15:18:00,email,Account Access,Password reset,Medium,Resolved,Neutral,InvoiceFlow,Free,Southeast Asia,Arabic,Agent_009 (Yuki T),I can't log in to my account. The password reset email is not arriving.,,65.5,3.1,8.3,False,False,9,897,2025-02-24 06:06:00,8.3,57.2,65.5,48,0.0,21,Sunday,Noche (18-24),False,17.5,False
TKT-00500,2024-11-04 10:09:00,2024-11-10 12:15:00,chat,General Inquiry,Compatibility,Low,Closed,Negative,CloudSync Pro,Starter,South Asia,Hindi,Agent_006 (Raj P),Does InvoiceFlow integrate with Salesforce?,Self-service guided,146.1,2.4,0.5,False,False,4,1435,2024-11-04 10:39:00,0.5,145.6,146.1,72,0.0,10,Monday,Mañana (06-12),False,74.1,False
TKT-00501,2024-12-19 11:49:00,2024-12-19 23:07:00,email,Refund / Return,Refund status,Critical,Resolved,Neutral,TaskBoard,Professional,Middle East,Japanese,Agent_007 (Elena V),I'd like to request a full refund for my recent purchase. Order #52813.,Refund processed,,3.4,,False,False,1,532,,,,,8,,11,Thursday,Mañana (06-12),True,,True
TKT-00502,2024-03-02 12:38:00,,chat,General Inquiry,Partnership,High,Open,Very Negative,SecureVault,Starter,Africa,English,Agent_002 (James T),Could you explain the difference between the Professional and Enterprise plans?,Refund processed,,,7.7,False,False,3,1402,2024-03-02 20:20:00,7.7,,,24,,12,Saturday,Tarde (12-18),False,,False
TKT-00503,2025-04-07 18:27:00,2025-04-14 15:03:00,chat,Feature Request,UI improvement,Low,Closed,Negative,CloudSync Pro,Free,North America,Arabic,Agent_009 (Yuki T),It would be really helpful if CloudSync Pro supported direct integration with Jira.,Refund processed,164.6,2.4,2.7,False,False,2,1054,2025-04-07 21:09:00,2.7,161.9,164.6,72,0.0,18,Monday,Noche (18-24),False,92.6,False
TKT-00504,2024-02-13 07:33:00,2024-02-15 09:33:00,email,Billing,Payment failure,Low,Closed,Very Negative,DataDash,Starter,North America,Japanese,Agent_005 (Sophie M),Could you send me a detailed invoice for the period Jul–Sep 2024? I need it for tax purposes.,Self-service guided,50.0,1.2,11.1,False,False,2,98,2024-02-13 18:39:00,11.1,38.9,50.0,72,1.0,7,Tuesday,Mañana (06-12),False,0.0,False
TKT-00505,2024-12-23 18:28:00,2024-12-27 19:46:00,email,Refund / Return,Refund status,Low,Escalated,Very Negative,DataDash,Starter,North America,English,Agent_001 (Priya S),I want to return an item from order #62766 — it doesn't meet my needs.,Self-service guided,97.3,,22.1,False,True,7,895,2024-12-24 16:34:00,22.1,75.19999999999999,97.3,72,0.0,18,Monday,Noche (18-24),False,25.299999999999997,False
TKT-00506,2024-11-14 17:40:00,2024-11-19 18:34:00,email,Refund / Return,Full refund,Low,Resolved,Negative,TaskBoard,Starter,Southeast Asia,Japanese,Agent_004 (Omar F),I'd like to request a full refund for my recent purchase. Order #40926.,Self-service guided,120.9,2.8,13.6,False,False,12,1293,2024-11-15 07:16:00,13.6,107.30000000000001,120.9,72,0.0,17,Thursday,Tarde (12-18),False,48.900000000000006,False
TKT-00507,2025-05-23 19:50:00,2025-05-26 09:26:00,email,Delivery / Shipping,Tracking issue,Medium,Resolved,Neutral,InvoiceFlow,Free,Europe,Hindi,Agent_001 (Priya S),I received the wrong item in my package. Order #23376.,Refund processed,61.6,4.0,3.6,False,False,1,994,2025-05-23 23:26:00,3.6,58.0,61.6,48,0.0,19,Friday,Noche (18-24),True,13.600000000000001,False
TKT-00508,2024-04-26 21:51:00,,twitter_dm,Account Access,Password reset,Low,In Progress,Neutral,DataDash,Professional,North America,French,Agent_006 (Raj P),I can't log in to my account. The password reset email is not arriving.,Refund processed,,,2.2,True,False,3,1354,2024-04-27 00:03:00,2.2,,,72,,21,Friday,Noche (18-24),False,,False
TKT-00509,2025-06-09 21:57:00,2025-06-12 07:03:00,phone,Feature Request,New integration,Low,Resolved,Very Negative,CloudSync Pro,Enterprise,Africa,Spanish,Agent_002 (James T),It would be really helpful if DataDash supported direct integration with Zapier.,Escalated to engineering,57.1,1.9,21.2,False,False,12,478,2025-06-10 19:09:00,21.2,35.900000000000006,57.1,72,1.0,21,Monday,Noche (18-24),False,0.0,False
TKT-00510,2024-04-05 12:53:00,2024-04-06 20:29:00,email,Feature Request,Dark mode,Medium,Resolved,Negative,CloudSync Pro,Enterprise,North America,English,Agent_005 (Sophie M),It would be really helpful if DataDash supported direct integration with HubSpot.,Self-service guided,31.6,2.5,18.1,False,False,11,978,2024-04-06 06:59:00,18.1,13.5,31.6,48,1.0,12,Friday,Tarde (12-18),False,0.0,False
TKT-00511,2024-09-11 12:31:00,2024-09-14 17:25:00,helpdesk_portal,Feature Request,Dark mode,Low,Resolved,Positive,InvoiceFlow,Professional,North America,English,Agent_004 (Omar F),"Can you add an option to export reports in Excel format, not just CSV?",Issue fixed by agent,76.9,4.4,6.0,False,False,10,880,2024-09-11 18:31:00,6.0,70.9,76.9,72,0.0,12,Wednesday,Tarde (12-18),False,4.900000000000006,False
TKT-00512,2025-02-20 15:34:00,,email,Billing,Subscription upgrade,Medium,Open,Neutral,CloudSync Pro,Free,South Asia,Japanese,Agent_004 (Omar F),I noticed an incorrect charge of $5.99 on my last bill. Can you look into invoice INV-5356?,No action needed,,,14.5,True,False,1,1277,2025-02-21 06:04:00,14.5,,,48,,15,Thursday,Tarde (12-18),True,,False
TKT-00513,2024-06-16 13:45:00,2024-06-20 12:27:00,email,Refund / Return,Partial refund,Low,Escalated,Positive,CloudSync Pro,Enterprise,Africa,French,Unassigned,I was overcharged and would like a partial refund for the difference.,Escalated to engineering,94.7,,,False,True,12,45,,,,94.7,72,0.0,13,Sunday,Tarde (12-18),False,22.700000000000003,False
TKT-00514,2024-10-07 07:50:00,2024-10-09 18:38:00,chat,General Inquiry,Documentation,Medium,Closed,Very Negative,DataDash,Professional,North America,French,Agent_009 (Yuki T),Could you explain the difference between the Professional and Enterprise plans?,Escalated to engineering,58.8,1.3,10.7,False,False,2,464,2024-10-07 18:32:00,10.7,48.099999999999994,58.8,48,0.0,7,Monday,Mañana (06-12),False,10.799999999999997,False
TKT-00515,2025-02-09 21:19:00,2025-02-13 10:19:00,whatsapp,Refund / Return,Refund status,Medium,Resolved,Very Negative,SecureVault,Professional,South Asia,Spanish,Agent_003 (Lena K),I want to return an item from order #88526 — it doesn't meet my needs.,,85.0,1.8,18.8,False,False,4,1428,2025-02-10 16:07:00,18.8,66.2,85.0,48,0.0,21,Sunday,Noche (18-24),False,37.0,False
TKT-00516,2025-02-08 13:26:00,,email,General Inquiry,Compatibility,High,Open,Positive,DataDash,Professional,Europe,Hindi,Agent_007 (Elena V),Does TaskBoard integrate with Salesforce?,Refund processed,,,14.3,False,False,5,279,2025-02-09 03:44:00,14.3,,,24,,13,Saturday,Tarde (12-18),False,,False
TKT-00517,2025-03-17 22:26:00,,email,Technical Issue,App crash,Critical,Open,Neutral,SecureVault,Professional,Latin America,Arabic,Agent_008 (Daniel N),Performance has been extremely slow on my end. Pages take 20+ seconds to load.,Refund processed,,,13.8,False,False,5,654,2025-03-18 12:14:00,13.8,,,8,,22,Monday,Noche (18-24),False,,False
TKT-00518,2024-07-07 20:21:00,2024-07-13 13:15:00,email,Complaint,Long wait time,Low,Resolved,Negative,DataDash,Professional,North America,English,Agent_004 (Omar F),I've been waiting 12 days for a response. This is unacceptable.,Issue fixed by agent,136.9,2.2,4.4,False,False,8,877,2024-07-08 00:45:00,4.4,132.5,136.9,72,0.0,20,Sunday,Noche (18-24),False,64.9,False
TKT-00519,2024-04-04 18:58:00,2024-04-08 10:58:00,email,Complaint,Repeat issue,Medium,Resolved,Negative,CloudSync Pro,Free,Europe,English,Agent_003 (Lena K),The agent I spoke to was dismissive and unhelpful. I'd like to escalate.,,88.0,2.2,2.0,False,False,6,910,2024-04-04 20:58:00,2.0,86.0,88.0,48,0.0,18,Thursday,Noche (18-24),False,40.0,False
TKT-00520,2024-04-23 12:03:00,2024-04-24 02:33:00,helpdesk_portal,General Inquiry,Compatibility,High,Resolved,Very Negative,CloudSync Pro,Professional,Southeast Asia,French,Agent_004 (Omar F),Does CloudSync Pro integrate with Salesforce?,Issue fixed by agent,14.5,1.4,6.4,False,False,5,262,2024-04-23 18:27:00,6.4,8.1,14.5,24,1.0,12,Tuesday,Tarde (12-18),False,0.0,False
TKT-00521,2024-11-08 18:18:00,2024-11-11 11:18:00,phone,Billing,Payment failure,Medium,Resolved,Very Negative,SecureVault,Professional,Europe,English,Agent_007 (Elena V),I noticed an incorrect charge of $450.00 on my last bill. Can you look into invoice INV-2825?,Self-service guided,65.0,1.5,21.6,False,False,4,498,2024-11-09 15:54:00,21.6,43.4,65.0,48,0.0,18,Friday,Noche (18-24),False,17.0,False
TKT-00522,2024-12-28 07:41:00,,whatsapp,Feature Request,Dark mode,Medium,In Progress,Negative,CloudSync Pro,Enterprise,North America,French,Agent_008 (Daniel N),It would be really helpful if CloudSync Pro supported direct integration with Slack.,Pending customer,,,17.3,False,False,3,547,2024-12-29 00:59:00,17.3,,,48,,7,Saturday,Mañana (06-12),False,,False
TKT-00523,2025-02-09 21:30:00,2025-02-14 10:12:00,helpdesk_portal,Feature Request,Dark mode,Low,Closed,Very Negative,CloudSync Pro,Enterprise,Middle East,German,Agent_005 (Sophie M),It would be really helpful if InvoiceFlow supported direct integration with HubSpot.,Escalated to engineering,108.7,1.8,21.1,False,False,8,1235,2025-02-10 18:36:00,21.1,87.6,108.7,72,0.0,21,Sunday,Noche (18-24),False,36.7,False
TKT-00524,2025-04-12 15:55:00,,web_form,Feature Request,Dark mode,Medium,Open,Very Negative,InvoiceFlow,Enterprise,South Asia,English,Agent_006 (Raj P),Is there any plan to expose an API for the reporting module?,Issue fixed by agent,,,20.2,False,False,5,772,2025-04-13 12:07:00,20.2,,,48,,15,Saturday,Tarde (12-18),False,,False
TKT-00525,2024-08-19 21:10:00,2024-08-20 21:52:00,email,Technical Issue,Login error,High,Escalated,Very Negative,InvoiceFlow,Professional,Latin America,English,Agent_002 (James T),The app keeps crashing when I try to export a report. I'm on iOS 17.,Refund processed,24.7,,3.6,True,True,2,31,2024-08-20 00:46:00,3.6,21.099999999999998,24.7,24,0.0,21,Monday,Noche (18-24),False,0.6999999999999993,False
TKT-00526,2025-05-07 19:07:00,,email,Billing,Duplicate charge,Low,Open,Positive,InvoiceFlow,Starter,Europe,English,Agent_008 (Daniel N),"Hi, I was charged $423.49 twice on Jul 12, 2024. My invoice is INV-7105. Please refund the duplicate.",Refund processed,,,15.4,False,False,9,98,2025-05-08 10:31:00,15.4,,,72,,19,Wednesday,Noche (18-24),False,,False
TKT-00527,2024-04-10 08:00:00,2024-04-13 00:36:00,chat,Delivery / Shipping,Late delivery,Low,Closed,Very Negative,InvoiceFlow,Starter,North America,Japanese,Agent_003 (Lena K),The tracking for order #19769 hasn't updated in 11 days.,Escalated to engineering,64.6,1.9,1.2,False,False,11,799,2024-04-10 09:12:00,1.2,63.39999999999999,64.6,72,1.0,8,Wednesday,Mañana (06-12),False,0.0,False
TKT-00528,2024-10-15 07:51:00,2024-10-19 12:15:00,email,Account Access,2FA issue,Low,Resolved,Positive,SecureVault,Free,Europe,Spanish,Unassigned,I can't log in to my account. The password reset email is not arriving.,Issue fixed by agent,100.4,4.3,,False,False,9,1163,,,,100.4,72,0.0,7,Tuesday,Mañana (06-12),False,28.400000000000006,False
TKT-00529,2025-05-11 09:23:00,2025-05-12 05:35:00,whatsapp,Account Access,Account deletion,Medium,Resolved,Negative,CloudSync Pro,Starter,North America,Arabic,Agent_005 (Sophie M),I need to update the email address associated with my account.,Self-service guided,20.2,2.4,16.9,False,False,8,1293,2025-05-12 02:17:00,16.9,3.3000000000000007,20.2,48,1.0,9,Sunday,Mañana (06-12),False,0.0,False
TKT-00530,2024-03-15 21:23:00,2024-03-17 15:35:00,web_form,Account Access,2FA issue,Medium,Resolved,Very Negative,DataDash,Enterprise,North America,Japanese,Agent_006 (Raj P),I can't log in to my account. The password reset email is not arriving.,Policy exception granted,42.2,1.3,14.6,False,False,3,893,2024-03-16 11:59:00,14.6,27.6,42.2,48,1.0,21,Friday,Noche (18-24),False,0.0,False
TKT-00531,2025-01-10 15:58:00,2025-01-12 22:58:00,web_form,Technical Issue,Data sync issue,Low,Resolved,Negative,DataDash,Free,North America,Japanese,Agent_009 (Yuki T),Performance has been extremely slow on my end. Pages take 20+ seconds to load.,Escalated to engineering,55.0,2.8,8.9,False,False,12,1177,2025-01-11 00:52:00,8.9,46.1,55.0,72,1.0,15,Friday,Tarde (12-18),False,0.0,False
TKT-00532,2025-04-26 12:32:00,2025-04-27 01:44:00,phone,Billing,Subscription upgrade,High,Resolved,Positive,SecureVault,Starter,Africa,English,Agent_002 (James T),My payment of $459.99 failed but the amount was still deducted from my account.,Issue fixed by agent,13.2,4.2,3.4,False,False,7,1111,2025-04-26 15:56:00,3.4,9.799999999999999,13.2,24,1.0,12,Saturday,Tarde (12-18),False,0.0,False
TKT-00533,2024-01-02 12:54:00,2024-01-03 11:42:00,web_form,General Inquiry,Pricing info,High,Resolved,Negative,CloudSync Pro,Professional,Europe,Japanese,Agent_001 (Priya S),Could you explain the difference between the Professional and Enterprise plans?,Refund processed,22.8,2.0,11.2,False,False,10,643,2024-01-03 00:06:00,11.2,11.600000000000001,22.8,24,1.0,12,Tuesday,Tarde (12-18),False,0.0,False
TKT-00534,2024-08-20 11:51:00,2024-08-25 09:33:00,whatsapp,Feature Request,API access,Low,Closed,Negative,TaskBoard,Enterprise,South Asia,English,Agent_007 (Elena V),Is there any plan to expose an API for the reporting module?,Escalated to engineering,117.7,3.0,4.9,False,False,9,170,2024-08-20 16:45:00,4.9,112.8,117.7,72,0.0,11,Tuesday,Mañana (06-12),False,45.7,False
TKT-00535,2024-10-30 13:56:00,,web_form,Billing,Payment failure,High,Open,Very Negative,DataDash,Professional,North America,English,Agent_007 (Elena V),Could you send me a detailed invoice for the period Apr–Jun 2024? I need it for tax purposes.,Issue fixed by agent,,,4.7,False,False,12,515,2024-10-30 18:38:00,4.7,,,24,,13,Wednesday,Tarde (12-18),False,,False
TKT-00536,2025-02-19 11:34:00,2025-02-19 15:10:00,phone,General Inquiry,Compatibility,Critical,Resolved,Negative,SecureVault,Starter,Europe,Spanish,Agent_006 (Raj P),Could you explain the difference between the Professional and Enterprise plans?,Pending customer,,2.2,,False,False,10,70,,,,,8,,11,Wednesday,Mañana (06-12),False,,True
TKT-00537,2024-03-26 10:29:00,,web_form,Account Access,Account deletion,Medium,Open,Very Negative,DataDash,Professional,Southeast Asia,Hindi,Agent_009 (Yuki T),I need to update the email address associated with my account.,Issue fixed by agent,,,17.2,False,False,4,646,2024-03-27 03:41:00,17.2,,,48,,10,Tuesday,Mañana (06-12),False,,False
TKT-00538,2024-12-31 08:00:00,,email,Refund / Return,Partial refund,Critical,Open,Negative,CloudSync Pro,Free,North America,English,Agent_003 (Lena K),What's the status of refund request #REF-5253? It's been 13 days.,No action needed,,,15.2,False,False,1,898,2024-12-31 23:12:00,15.2,,,8,,8,Tuesday,Mañana (06-12),True,,False
TKT-00539,2025-01-09 07:58:00,2025-01-09 13:46:00,whatsapp,Technical Issue,App crash,Critical,Closed,Negative,InvoiceFlow,Starter,Middle East,Japanese,Agent_007 (Elena V),The app keeps crashing when I try to upload a file. I'm on iOS 17.,Refund processed,,2.9,,False,False,9,1253,,,,,8,,7,Thursday,Mañana (06-12),False,,True
TKT-00540,2025-01-02 18:48:00,2025-01-04 02:48:00,twitter_dm,Delivery / Shipping,Damaged item,High,Resolved,Positive,InvoiceFlow,Enterprise,Africa,English,Agent_006 (Raj P),The item I received is damaged. I need a replacement or refund for order #11710.,Pending customer,32.0,4.6,22.6,False,False,9,121,2025-01-03 17:24:00,22.6,9.399999999999999,32.0,24,0.0,18,Thursday,Noche (18-24),False,8.0,False
TKT-00541,2024-08-11 13:36:00,,whatsapp,Billing,Payment failure,Medium,In Progress,Negative,TaskBoard,Enterprise,Africa,French,Agent_002 (James T),My payment of $302.99 failed but the amount was still deducted from my account.,Pending customer,,,5.3,False,False,1,150,2024-08-11 18:54:00,5.3,,,48,,13,Sunday,Tarde (12-18),True,,False
TKT-00542,2024-06-02 14:50:00,,email,Account Access,Account locked,Critical,In Progress,Neutral,DataDash,Starter,Europe,Hindi,Agent_006 (Raj P),I'm having trouble with 2FA — the codes aren't working on my new phone.,Escalated to engineering,,,12.3,False,False,3,239,2024-06-03 03:08:00,12.3,,,8,,14,Sunday,Tarde (12-18),False,,False
TKT-00543,2025-04-06 17:54:00,,phone,Billing,Subscription upgrade,Medium,In Progress,Neutral,SecureVault,Professional,Europe,Japanese,Agent_004 (Omar F),I noticed an incorrect charge of $49.00 on my last bill. Can you look into invoice INV-6106?,No action needed,,,8.9,False,False,2,524,2025-04-07 02:48:00,8.9,,,48,,17,Sunday,Tarde (12-18),False,,False
TKT-00544,2024-07-04 13:27:00,2024-07-07 09:51:00,chat,Account Access,Account locked,Medium,Resolved,Positive,CloudSync Pro,Free,Europe,English,Agent_007 (Elena V),I can't log in to my account. The password reset email is not arriving.,Refund processed,68.4,4.8,12.1,False,False,6,681,2024-07-05 01:33:00,12.1,56.300000000000004,68.4,48,0.0,13,Thursday,Tarde (12-18),False,20.400000000000006,False
TKT-00545,2024-02-21 17:58:00,2024-02-24 15:58:00,web_form,Account Access,Account deletion,Low,Resolved,Negative,TaskBoard,Starter,Southeast Asia,English,Agent_005 (Sophie M),My account appears to be locked. I haven't violated any terms.,Issue fixed by agent,70.0,2.7,11.5,True,False,3,1129,2024-02-22 05:28:00,11.5,58.5,70.0,72,1.0,17,Wednesday,Tarde (12-18),False,0.0,False
TKT-00546,2024-08-04 11:59:00,2024-08-10 11:53:00,email,Billing,Subscription upgrade,Low,Closed,Neutral,SecureVault,Enterprise,North America,English,Agent_003 (Lena K),"Hi, I was charged $38.49 twice on Jan 03, 2025. My invoice is INV-4215. Please refund the duplicate.",,143.9,3.9,3.2,False,False,6,261,2024-08-04 15:11:00,3.2,140.70000000000002,143.9,72,0.0,11,Sunday,Mañana (06-12),False,71.9,False
TKT-00547,2024-01-03 08:22:00,,chat,Delivery / Shipping,Missing package,Low,In Progress,Negative,SecureVault,Professional,Southeast Asia,Arabic,Agent_004 (Omar F),I received the wrong item in my package. Order #19311.,Self-service guided,,,23.8,False,False,11,1405,2024-01-04 08:10:00,23.8,,,72,,8,Wednesday,Mañana (06-12),False,,False
TKT-00548,2024-09-10 15:04:00,2024-09-15 20:22:00,phone,Complaint,Policy dissatisfaction,Low,Closed,Neutral,CloudSync Pro,Professional,Africa,English,Agent_009 (Yuki T),I've contacted support 5 times about the same issue and it's still unresolved.,Issue fixed by agent,125.3,3.8,21.8,False,False,1,785,2024-09-11 12:52:00,21.8,103.5,125.3,72,0.0,15,Tuesday,Tarde (12-18),True,53.3,False
TKT-00549,2024-02-07 21:27:00,2024-02-09 19:39:00,whatsapp,Technical Issue,Login error,Medium,Resolved,Neutral,TaskBoard,Free,Europe,Spanish,Agent_008 (Daniel N),Performance has been extremely slow on my end. Pages take 20+ seconds to load.,Self-service guided,46.2,3.8,9.3,False,False,2,182,2024-02-08 06:45:00,9.3,36.900000000000006,46.2,48,1.0,21,Wednesday,Noche (18-24),False,0.0,False
TKT-00550,2025-06-11 08:34:00,2025-06-17 06:22:00,web_form,Technical Issue,Data sync issue,Low,Resolved,Neutral,CloudSync Pro,Starter,Middle East,French,Agent_003 (Lena K),The app keeps crashing when I try to invite a team member. I'm on Android 14.,Issue fixed by agent,141.8,3.6,19.3,False,False,12,577,2025-06-12 03:52:00,19.3,122.50000000000001,141.8,72,0.0,8,Wednesday,Mañana (06-12),False,69.80000000000001,False
TKT-00551,2024-09-03 09:05:00,2024-09-03 20:35:00,email,General Inquiry,Compatibility,Critical,Resolved,Neutral,CloudSync Pro,Starter,South Asia,English,Agent_008 (Daniel N),I'm interested in a partnership opportunity with your company.,No action needed,,3.6,,False,False,5,1302,,,,,8,,9,Tuesday,Mañana (06-12),False,,True
TKT-00552,2024-03-06 20:13:00,2024-03-13 18:43:00,chat,Technical Issue,Login error,Low,Resolved,Very Negative,InvoiceFlow,Starter,Latin America,German,Agent_008 (Daniel N),The app keeps crashing when I try to upload a file. I'm on Windows 11.,Self-service guided,166.5,1.8,14.3,False,False,6,1180,2024-03-07 10:31:00,14.3,152.2,166.5,72,0.0,20,Wednesday,Noche (18-24),False,94.5,False
TKT-00553,2024-05-01 15:11:00,,email,Technical Issue,Feature not working,Medium,Open,Negative,SecureVault,Enterprise,North America,English,Agent_008 (Daniel N),The app keeps crashing when I try to export a report. I'm on iOS 17.,Refund processed,,,10.9,False,False,11,938,2024-05-02 02:05:00,10.9,,,48,,15,Wednesday,Tarde (12-18),False,,False
TKT-00554,2024-05-03 09:23:00,,phone,Technical Issue,Data sync issue,Critical,Open,Negative,InvoiceFlow,Free,Southeast Asia,Spanish,Agent_009 (Yuki T),My data isn't syncing across devices. Last successful sync was 12 days ago.,Issue fixed by agent,,,6.3,False,False,11,1391,2024-05-03 15:41:00,6.3,,,8,,9,Friday,Mañana (06-12),False,,False
TKT-00555,2024-05-31 14:57:00,2024-06-04 18:57:00,web_form,Account Access,Email change,Low,Escalated,Neutral,TaskBoard,Professional,Africa,English,Agent_003 (Lena K),My account appears to be locked. I haven't violated any terms.,No action needed,100.0,,19.6,False,True,9,129,2024-06-01 10:33:00,19.6,80.4,100.0,72,0.0,14,Friday,Tarde (12-18),False,28.0,False
TKT-00556,2024-07-09 17:29:00,2024-07-10 04:29:00,chat,Billing,Incorrect amount,Critical,Resolved,Neutral,SecureVault,Enterprise,North America,French,Agent_007 (Elena V),"Hi, I was charged $222.00 twice on Nov 04, 2024. My invoice is INV-4714. Please refund the duplicate.",Issue fixed by agent,11.0,3.1,9.1,False,False,12,316,2024-07-10 02:35:00,9.1,1.9000000000000004,11.0,8,0.0,17,Tuesday,Tarde (12-18),False,3.0,False
TKT-00557,2024-12-26 13:58:00,,chat,Account Access,Account locked,Medium,Open,Very Negative,InvoiceFlow,Professional,South Asia,English,Agent_002 (James T),My account appears to be locked. I haven't violated any terms.,Self-service guided,,,5.5,False,False,9,717,2024-12-26 19:28:00,5.5,,,48,,13,Thursday,Tarde (12-18),False,,False
TKT-00558,2024-06-11 13:24:00,,whatsapp,Complaint,Long wait time,Medium,Open,Positive,SecureVault,Starter,North America,Spanish,Agent_002 (James T),I've been waiting 10 days for a response. This is unacceptable.,Refund processed,,,23.1,False,False,11,891,2024-06-12 12:30:00,23.1,,,48,,13,Tuesday,Tarde (12-18),False,,False
TKT-00559,2024-06-05 11:10:00,,email,General Inquiry,Partnership,High,In Progress,Negative,DataDash,Starter,North America,English,Unassigned,Could you explain the difference between the Professional and Enterprise plans?,,,,,False,False,10,692,,,,,24,,11,Wednesday,Mañana (06-12),False,,False
TKT-00560,2024-10-05 19:43:00,,helpdesk_portal,Billing,Invoice request,Medium,In Progress,Very Negative,SecureVault,Starter,Southeast Asia,English,Agent_006 (Raj P),My payment of $58.00 failed but the amount was still deducted from my account.,Refund processed,,,5.4,False,False,7,1354,2024-10-06 01:07:00,5.4,,,48,,19,Saturday,Noche (18-24),False,,False
TKT-00561,2024-11-22 15:36:00,,email,Billing,Duplicate charge,High,In Progress,Negative,TaskBoard,Starter,Europe,German,Agent_008 (Daniel N),I noticed an incorrect charge of $484.99 on my last bill. Can you look into invoice INV-7034?,Issue fixed by agent,,,0.5,False,False,2,1181,2024-11-22 16:06:00,0.5,,,24,,15,Friday,Tarde (12-18),False,,False
TKT-00562,2025-03-21 12:42:00,2025-03-22 07:48:00,chat,Delivery / Shipping,Missing package,Medium,Resolved,Neutral,InvoiceFlow,Starter,Europe,English,Agent_002 (James T),The tracking for order #62891 hasn't updated in 5 days.,Issue fixed by agent,19.1,3.4,13.6,False,False,4,152,2025-03-22 02:18:00,13.6,5.500000000000002,19.1,48,1.0,12,Friday,Tarde (12-18),False,0.0,False
TKT-00563,2025-06-27 22:41:00,,web_form,Billing,Subscription upgrade,Medium,Open,Negative,InvoiceFlow,Free,Southeast Asia,French,Agent_001 (Priya S),Could you send me a detailed invoice for the period Apr–Jun 2024? I need it for tax purposes.,Policy exception granted,,,22.9,False,False,10,1305,2025-06-28 21:35:00,22.9,,,48,,22,Friday,Noche (18-24),False,,False
TKT-00564,2025-04-12 16:30:00,,chat,Technical Issue,App crash,Low,In Progress,Neutral,InvoiceFlow,Free,Europe,Spanish,Agent_003 (Lena K),The app keeps crashing when I try to invite a team member. I'm on Windows 11.,Issue fixed by agent,,,14.3,False,False,2,860,2025-04-13 06:48:00,14.3,,,72,,16,Saturday,Tarde (12-18),False,,False
TKT-00565,2024-02-08 19:17:00,2024-02-11 05:59:00,chat,Refund / Return,Policy inquiry,Medium,Resolved,Neutral,CloudSync Pro,Free,Middle East,English,Agent_007 (Elena V),I was overcharged and would like a partial refund for the difference.,Self-service guided,58.7,3.7,14.3,False,False,3,754,2024-02-09 09:35:00,14.3,44.400000000000006,58.7,48,0.0,19,Thursday,Noche (18-24),False,10.700000000000003,False
TKT-00566,2024-12-09 19:22:00,2024-12-16 20:16:00,helpdesk_portal,Technical Issue,Feature not working,Low,Resolved,Neutral,CloudSync Pro,Enterprise,Europe,Hindi,Agent_009 (Yuki T),My data isn't syncing across devices. Last successful sync was 6 days ago.,Refund processed,168.9,3.6,14.5,False,False,10,497,2024-12-10 09:52:00,14.5,154.4,168.9,72,0.0,19,Monday,Noche (18-24),False,96.9,False
TKT-00567,2024-06-24 11:14:00,2024-06-24 14:50:00,chat,Refund / Return,Return request,Critical,Resolved,Neutral,CloudSync Pro,Starter,South Asia,English,Agent_007 (Elena V),What's the status of refund request #REF-3114? It's been 3 days.,Pending customer,3.6,3.7,2.9,False,False,1,981,2024-06-24 14:08:00,2.9,0.7000000000000002,3.6,8,1.0,11,Monday,Mañana (06-12),True,0.0,False
TKT-00568,2024-09-07 07:02:00,,chat,Technical Issue,Performance slow,High,In Progress,Negative,InvoiceFlow,Starter,Southeast Asia,Hindi,Agent_008 (Daniel N),Performance has been extremely slow on my end. Pages take 20+ seconds to load.,Issue fixed by agent,,,18.7,False,False,8,683,2024-09-08 01:44:00,18.7,,,24,,7,Saturday,Mañana (06-12),False,,False
TKT-00569,2024-03-21 13:04:00,2024-03-22 05:28:00,helpdesk_portal,Refund / Return,Return request,High,Resolved,Negative,CloudSync Pro,Professional,South Asia,Japanese,Agent_005 (Sophie M),I want to return an item from order #58625 — it doesn't meet my needs.,Self-service guided,16.4,2.3,4.5,False,False,3,1374,2024-03-21 17:34:00,4.5,11.899999999999999,16.4,24,1.0,13,Thursday,Tarde (12-18),False,0.0,False
TKT-00570,2025-03-01 19:50:00,2025-03-08 06:08:00,email,Delivery / Shipping,Late delivery,Low,Resolved,Neutral,CloudSync Pro,Starter,North America,English,Agent_006 (Raj P),"My order #67429 was supposed to arrive on Nov 17, 2024 but it's still not here.",Escalated to engineering,154.3,3.5,4.6,True,False,4,653,2025-03-02 00:26:00,4.6,149.70000000000002,154.3,72,0.0,19,Saturday,Noche (18-24),False,82.30000000000001,False
TKT-00571,2024-12-10 12:12:00,2024-12-13 05:12:00,whatsapp,Billing,Subscription upgrade,Low,Closed,Very Negative,SecureVault,Enterprise,North America,English,Agent_004 (Omar F),I noticed an incorrect charge of $324.00 on my last bill. Can you look into invoice INV-3233?,Issue fixed by agent,65.0,1.0,4.8,False,False,8,139,2024-12-10 17:00:00,4.8,60.2,65.0,72,1.0,12,Tuesday,Tarde (12-18),False,0.0,False
TKT-00572,2024-11-18 14:57:00,2024-11-24 14:45:00,chat,Delivery / Shipping,Wrong item,Low,Closed,Very Negative,DataDash,Starter,Middle East,Spanish,Agent_006 (Raj P),The item I received is damaged. I need a replacement or refund for order #73915.,Self-service guided,143.8,1.0,6.6,False,False,3,96,2024-11-18 21:33:00,6.6,137.20000000000002,143.8,72,0.0,14,Monday,Tarde (12-18),False,71.80000000000001,False
TKT-00573,2024-05-15 16:03:00,2024-05-22 10:57:00,web_form,Billing,Duplicate charge,Low,Escalated,Positive,InvoiceFlow,Enterprise,Southeast Asia,English,Agent_007 (Elena V),Could you send me a detailed invoice for the period Oct–Dec 2024? I need it for tax purposes.,Policy exception granted,162.9,,15.0,False,True,3,541,2024-05-16 07:03:00,15.0,147.9,162.9,72,0.0,16,Wednesday,Tarde (12-18),False,90.9,False
TKT-00574,2024-06-08 17:38:00,2024-06-09 14:32:00,whatsapp,Billing,Subscription upgrade,Medium,Resolved,Negative,SecureVault,Professional,North America,English,Agent_009 (Yuki T),My payment of $202.49 failed but the amount was still deducted from my account.,Issue fixed by agent,20.9,2.1,2.1,False,False,2,1088,2024-06-08 19:44:00,2.1,18.799999999999997,20.9,48,1.0,17,Saturday,Tarde (12-18),False,0.0,False
TKT-00575,2025-04-10 08:55:00,2025-04-13 14:19:00,whatsapp,Account Access,2FA issue,Medium,Resolved,Neutral,InvoiceFlow,Enterprise,Europe,French,Agent_009 (Yuki T),I can't log in to my account. The password reset email is not arriving.,Pending customer,77.4,3.1,4.3,False,False,7,522,2025-04-10 13:13:00,4.3,73.10000000000001,77.4,48,0.0,8,Thursday,Mañana (06-12),False,29.400000000000006,False
TKT-00576,2025-01-26 13:58:00,,email,Technical Issue,Login error,Medium,Open,Neutral,TaskBoard,Free,North America,French,Agent_007 (Elena V),The app keeps crashing when I try to invite a team member. I'm on Windows 11.,Issue fixed by agent,,,0.4,False,False,3,22,2025-01-26 14:22:00,0.4,,,48,,13,Sunday,Tarde (12-18),False,,False
TKT-00577,2024-07-05 19:27:00,2024-07-08 11:09:00,email,Refund / Return,Partial refund,Medium,Resolved,Negative,DataDash,Enterprise,South Asia,French,Agent_005 (Sophie M),I was overcharged and would like a partial refund for the difference.,Refund processed,63.7,2.6,0.5,False,False,7,716,2024-07-05 19:57:00,0.5,63.2,63.7,48,0.0,19,Friday,Noche (18-24),False,15.700000000000003,False
TKT-00578,2025-02-24 13:02:00,,whatsapp,Account Access,Account locked,Low,Open,Negative,DataDash,Free,Southeast Asia,English,Agent_003 (Lena K),I'm having trouble with 2FA — the codes aren't working on my new phone.,Pending customer,,,1.1,False,False,6,1359,2025-02-24 14:08:00,1.1,,,72,,13,Monday,Tarde (12-18),False,,False
TKT-00579,2024-08-17 12:04:00,2024-08-20 17:04:00,web_form,Technical Issue,App crash,Medium,Resolved,Negative,CloudSync Pro,Free,North America,German,Agent_001 (Priya S),I'm unable to invite a team member since the latest update. Getting error code ERR-623.,Issue fixed by agent,77.0,2.5,12.9,False,False,5,18,2024-08-18 00:58:00,12.9,64.1,77.0,48,0.0,12,Saturday,Tarde (12-18),False,29.0,False
TKT-00580,2025-02-01 12:36:00,,web_form,Billing,Subscription upgrade,Medium,In Progress,Negative,InvoiceFlow,Enterprise,Europe,Spanish,Agent_007 (Elena V),Could you send me a detailed invoice for the period Apr–Jun 2024? I need it for tax purposes.,Issue fixed by agent,,,18.6,False,False,7,265,2025-02-02 07:12:00,18.6,,,48,,12,Saturday,Tarde (12-18),False,,False
TKT-00581,2024-06-16 15:34:00,,email,Billing,Incorrect amount,Medium,In Progress,Neutral,SecureVault,Free,Middle East,English,Agent_007 (Elena V),"Hi, I was charged $149.99 twice on May 12, 2025. My invoice is INV-9373. Please refund the duplicate.",Issue fixed by agent,,,15.7,False,False,4,228,2024-06-17 07:16:00,15.7,,,48,,15,Sunday,Tarde (12-18),False,,False
TKT-00582,2024-06-14 17:12:00,2024-06-19 11:30:00,web_form,Delivery / Shipping,Wrong item,Low,Resolved,Neutral,DataDash,Professional,Southeast Asia,English,Agent_003 (Lena K),"My order #56567 was supposed to arrive on Feb 17, 2024 but it's still not here.",Issue fixed by agent,114.3,3.8,14.8,False,False,10,1253,2024-06-15 08:00:00,14.8,99.5,114.3,72,0.0,17,Friday,Tarde (12-18),False,42.3,False
TKT-00583,2025-05-28 19:43:00,2025-05-31 22:37:00,helpdesk_portal,Billing,Incorrect amount,Medium,Resolved,Negative,TaskBoard,Enterprise,Southeast Asia,English,Agent_005 (Sophie M),I noticed an incorrect charge of $422.49 on my last bill. Can you look into invoice INV-2364?,Pending customer,74.9,3.0,2.7,False,False,4,318,2025-05-28 22:25:00,2.7,72.2,74.9,48,0.0,19,Wednesday,Noche (18-24),False,26.900000000000006,False
TKT-00584,2024-03-05 22:20:00,,whatsapp,Feature Request,New integration,High,In Progress,Neutral,InvoiceFlow,Professional,North America,Japanese,Agent_003 (Lena K),Is there any plan to expose an API for the reporting module?,Issue fixed by agent,,,20.6,False,False,4,154,2024-03-06 18:56:00,20.6,,,24,,22,Tuesday,Noche (18-24),False,,False
TKT-00585,2024-11-02 18:42:00,2024-11-05 00:30:00,twitter_dm,Feature Request,New integration,Medium,Resolved,Negative,DataDash,Free,South Asia,English,Agent_008 (Daniel N),"Can you add an option to export reports in Excel format, not just CSV?",Escalated to engineering,53.8,2.2,14.8,False,False,3,704,2024-11-03 09:30:00,14.8,39.0,53.8,48,0.0,18,Saturday,Noche (18-24),False,5.799999999999997,False
TKT-00586,2025-05-01 11:48:00,2025-05-04 02:12:00,email,Technical Issue,Feature not working,Medium,Resolved,Negative,CloudSync Pro,Starter,Europe,Arabic,Agent_001 (Priya S),Performance has been extremely slow on my end. Pages take 20+ seconds to load.,Issue fixed by agent,62.4,2.4,1.9,False,False,10,1033,2025-05-01 13:42:00,1.9,60.5,62.4,48,0.0,11,Thursday,Mañana (06-12),False,14.399999999999999,False
TKT-00587,2025-01-24 16:49:00,2025-01-29 16:55:00,chat,Refund / Return,Full refund,Low,Resolved,Negative,DataDash,Starter,Africa,Hindi,Agent_008 (Daniel N),I want to return an item from order #62228 — it doesn't meet my needs.,Issue fixed by agent,120.1,2.0,9.7,False,False,1,38,2025-01-25 02:31:00,9.7,110.39999999999999,120.1,72,0.0,16,Friday,Tarde (12-18),True,48.099999999999994,False
TKT-00588,2024-02-12 17:30:00,,helpdesk_portal,Refund / Return,Return request,Low,In Progress,Negative,InvoiceFlow,Free,Southeast Asia,Hindi,Agent_002 (James T),I was overcharged and would like a partial refund for the difference.,Escalated to engineering,,,1.2,False,False,11,707,2024-02-12 18:42:00,1.2,,,72,,17,Monday,Tarde (12-18),False,,False
TKT-00589,2024-09-24 13:52:00,2024-09-25 11:52:00,email,Delivery / Shipping,Missing package,High,Resolved,Negative,TaskBoard,Professional,South Asia,Japanese,Agent_004 (Omar F),The item I received is damaged. I need a replacement or refund for order #94245.,Issue fixed by agent,22.0,2.1,18.0,False,False,12,252,2024-09-25 07:52:00,18.0,4.0,22.0,24,1.0,13,Tuesday,Tarde (12-18),False,0.0,False
TKT-00590,2025-02-14 18:10:00,2025-02-18 01:28:00,chat,Billing,Duplicate charge,Low,Escalated,Neutral,CloudSync Pro,Enterprise,South Asia,English,Agent_003 (Lena K),Could you send me a detailed invoice for the period Jul–Sep 2024? I need it for tax purposes.,Self-service guided,79.3,,14.7,False,True,4,1301,2025-02-15 08:52:00,14.7,64.6,79.3,72,0.0,18,Friday,Noche (18-24),False,7.299999999999997,False
TKT-00591,2025-03-23 17:10:00,,chat,Feature Request,New integration,Low,In Progress,Very Negative,DataDash,Starter,Africa,Spanish,Agent_004 (Omar F),"Can you add an option to export reports in Excel format, not just CSV?",Issue fixed by agent,,,0.2,False,False,3,1349,2025-03-23 17:22:00,0.2,,,72,,17,Sunday,Tarde (12-18),False,,False
TKT-00592,2024-10-04 14:39:00,2024-10-08 04:33:00,email,Billing,Payment failure,Low,Closed,Very Negative,TaskBoard,Professional,North America,Japanese,Agent_005 (Sophie M),My payment of $288.49 failed but the amount was still deducted from my account.,Self-service guided,85.9,1.5,14.8,False,False,1,689,2024-10-05 05:27:00,14.8,71.10000000000001,85.9,72,0.0,14,Friday,Tarde (12-18),True,13.900000000000006,False
TKT-00593,2024-05-24 16:28:00,2024-05-28 01:22:00,email,General Inquiry,Compatibility,Medium,Resolved,Negative,InvoiceFlow,Starter,North America,English,Agent_004 (Omar F),Could you explain the difference between the Professional and Enterprise plans?,Issue fixed by agent,80.9,2.5,12.9,False,False,2,1086,2024-05-25 05:22:00,12.9,68.0,80.9,48,0.0,16,Friday,Tarde (12-18),False,32.900000000000006,False
TKT-00594,2024-06-28 09:22:00,2024-07-04 15:46:00,twitter_dm,Billing,Invoice request,Low,Resolved,Very Negative,CloudSync Pro,Enterprise,South Asia,English,Agent_001 (Priya S),Could you send me a detailed invoice for the period Apr–Jun 2024? I need it for tax purposes.,Self-service guided,150.4,1.8,5.2,False,False,4,989,2024-06-28 14:34:00,5.2,145.20000000000002,150.4,72,0.0,9,Friday,Mañana (06-12),False,78.4,False
TKT-00595,2025-05-05 21:47:00,2025-05-06 17:53:00,email,Refund / Return,Partial refund,High,Resolved,Positive,TaskBoard,Professional,Europe,English,Agent_004 (Omar F),What's the status of refund request #REF-8045? It's been 11 days.,Issue fixed by agent,20.1,5.0,8.3,False,False,10,1200,2025-05-06 06:05:00,8.3,11.8,20.1,24,1.0,21,Monday,Noche (18-24),False,0.0,False
TKT-00596,2024-06-16 10:45:00,2024-06-17 10:51:00,whatsapp,Refund / Return,Policy inquiry,Medium,Resolved,Neutral,InvoiceFlow,Professional,Europe,English,Agent_009 (Yuki T),What's the status of refund request #REF-8500? It's been 13 days.,Escalated to engineering,24.1,3.4,13.5,False,False,8,673,2024-06-17 00:15:00,13.5,10.600000000000001,24.1,48,1.0,10,Sunday,Mañana (06-12),False,0.0,False
TKT-00597,2024-03-16 11:19:00,,email,Feature Request,Dark mode,Medium,In Progress,Very Negative,DataDash,Professional,North America,English,Agent_007 (Elena V),"Can you add an option to export reports in Excel format, not just CSV?",Self-service guided,,,19.0,False,False,4,872,2024-03-17 06:19:00,19.0,,,48,,11,Saturday,Mañana (06-12),False,,False
TKT-00598,2024-04-26 09:36:00,2024-04-27 01:30:00,whatsapp,Account Access,Email change,High,Resolved,Negative,InvoiceFlow,Professional,North America,English,Agent_005 (Sophie M),I can't log in to my account. The password reset email is not arriving.,No action needed,15.9,2.9,14.1,False,False,6,184,2024-04-26 23:42:00,14.1,1.8000000000000007,15.9,24,1.0,9,Friday,Mañana (06-12),False,0.0,False
TKT-00599,2025-02-08 07:47:00,2025-02-11 07:23:00,email,Feature Request,New integration,Medium,Resolved,Negative,CloudSync Pro,Enterprise,Southeast Asia,Spanish,Agent_003 (Lena K),"Can you add an option to export reports in Excel format, not just CSV?",Issue fixed by agent,71.6,2.0,1.5,False,False,9,207,2025-02-08 09:17:00,1.5,70.1,71.6,48,0.0,7,Saturday,Mañana (06-12),False,23.599999999999994,False
TKT-00600,2025-06-27 22:13:00,2025-06-28 18:19:00,email,Refund / Return,Refund status,High,Resolved,Positive,SecureVault,Professional,Europe,English,Agent_003 (Lena K),I was overcharged and would like a partial refund for the difference.,Escalated to engineering,,4.5,,False,False,7,186,,,,,24,,22,Friday,Noche (18-24),False,,True
TKT-00601,2024-04-28 10:24:00,,email,Technical Issue,Performance slow,Critical,In Progress,Negative,InvoiceFlow,Enterprise,Middle East,English,Agent_002 (James T),I'm unable to connect an integration since the latest update. Getting error code ERR-286.,Self-service guided,,,9.9,False,False,4,605,2024-04-28 20:18:00,9.9,,,8,,10,Sunday,Mañana (06-12),False,,False
TKT-00602,2024-11-27 13:21:00,,phone,Billing,Subscription upgrade,Low,In Progress,Very Negative,TaskBoard,Free,Southeast Asia,French,Agent_007 (Elena V),My payment of $214.49 failed but the amount was still deducted from my account.,Policy exception granted,,,0.3,False,False,7,428,2024-11-27 13:39:00,0.3,,,72,,13,Wednesday,Tarde (12-18),False,,False
TKT-00603,2024-01-23 20:36:00,,whatsapp,Account Access,Password reset,Critical,Open,Negative,InvoiceFlow,Starter,South Asia,Hindi,Agent_006 (Raj P),I need to update the email address associated with my account.,No action needed,,,20.6,False,False,6,1102,2024-01-24 17:12:00,20.6,,,8,,20,Tuesday,Noche (18-24),False,,False
TKT-00604,2024-04-18 19:53:00,,chat,Delivery / Shipping,Damaged item,Medium,In Progress,Very Negative,CloudSync Pro,Professional,North America,Hindi,Agent_005 (Sophie M),"My order #77104 was supposed to arrive on Aug 01, 2024 but it's still not here.",Issue fixed by agent,,,5.2,False,False,8,921,2024-04-19 01:05:00,5.2,,,48,,19,Thursday,Noche (18-24),False,,False
TKT-00605,2024-01-24 12:34:00,,chat,Billing,Incorrect amount,Low,Open,Neutral,CloudSync Pro,Enterprise,Africa,English,Agent_006 (Raj P),Could you send me a detailed invoice for the period Jan–Mar 2024? I need it for tax purposes.,Self-service guided,,,10.9,False,False,5,573,2024-01-24 23:28:00,10.9,,,72,,12,Wednesday,Tarde (12-18),False,,False
TKT-00606,2024-03-18 08:39:00,2024-03-22 18:09:00,email,Billing,Subscription upgrade,Low,Resolved,Negative,TaskBoard,Professional,North America,English,Agent_008 (Daniel N),My payment of $55.99 failed but the amount was still deducted from my account.,Pending customer,105.5,2.9,13.8,False,False,3,765,2024-03-18 22:27:00,13.8,91.7,105.5,72,0.0,8,Monday,Mañana (06-12),False,33.5,False
TKT-00607,2024-02-22 08:12:00,,whatsapp,Billing,Payment failure,Medium,In Progress,Neutral,CloudSync Pro,Enterprise,North America,English,Agent_004 (Omar F),Could you send me a detailed invoice for the period Apr–Jun 2024? I need it for tax purposes.,Issue fixed by agent,,,22.4,False,False,1,66,2024-02-23 06:36:00,22.4,,,48,,8,Thursday,Mañana (06-12),True,,False
TKT-00608,2025-04-21 22:38:00,2025-04-22 16:38:00,email,Feature Request,New integration,High,Closed,Neutral,DataDash,Professional,North America,Japanese,Agent_006 (Raj P),It would be really helpful if CloudSync Pro supported direct integration with Jira.,Issue fixed by agent,18.0,3.2,2.3,False,False,7,1160,2025-04-22 00:56:00,2.3,15.7,18.0,24,1.0,22,Monday,Noche (18-24),False,0.0,False
TKT-00609,2025-02-21 10:31:00,2025-02-22 12:31:00,helpdesk_portal,Billing,Incorrect amount,Medium,Resolved,Very Negative,DataDash,Free,North America,English,Agent_009 (Yuki T),"Hi, I was charged $247.00 twice on Apr 10, 2025. My invoice is INV-5207. Please refund the duplicate.",No action needed,26.0,1.4,2.3,False,False,3,702,2025-02-21 12:49:00,2.3,23.7,26.0,48,1.0,10,Friday,Mañana (06-12),False,0.0,False
TKT-00610,2025-04-30 12:24:00,,email,Billing,Subscription upgrade,High,Open,Neutral,SecureVault,Professional,Africa,English,Agent_007 (Elena V),"Hi, I was charged $111.99 twice on Jul 06, 2024. My invoice is INV-7892. Please refund the duplicate.",Self-service guided,,,17.3,True,False,11,275,2025-05-01 05:42:00,17.3,,,24,,12,Wednesday,Tarde (12-18),False,,False
TKT-00611,2024-04-03 12:51:00,2024-04-05 13:51:00,email,Technical Issue,Feature not working,Medium,Resolved,Negative,DataDash,Free,Europe,French,Agent_003 (Lena K),Performance has been extremely slow on my end. Pages take 20+ seconds to load.,Policy exception granted,49.0,2.3,6.3,False,False,4,898,2024-04-03 19:09:00,6.3,42.7,49.0,48,0.0,12,Wednesday,Tarde (12-18),False,1.0,False
TKT-00612,2025-06-25 13:25:00,2025-06-28 03:13:00,whatsapp,Refund / Return,Partial refund,Medium,Resolved,Positive,InvoiceFlow,Professional,Europe,English,Agent_003 (Lena K),I was overcharged and would like a partial refund for the difference.,Issue fixed by agent,61.8,4.3,10.4,False,False,1,345,2025-06-25 23:49:00,10.4,51.4,61.8,48,0.0,13,Wednesday,Tarde (12-18),True,13.799999999999997,False
TKT-00613,2024-03-03 07:01:00,2024-03-08 02:01:00,phone,Billing,Invoice request,Low,Resolved,Negative,SecureVault,Free,North America,English,Agent_002 (James T),I noticed an incorrect charge of $411.49 on my last bill. Can you look into invoice INV-8429?,Issue fixed by agent,115.0,2.3,9.8,True,False,10,190,2024-03-03 16:49:00,9.8,105.2,115.0,72,0.0,7,Sunday,Mañana (06-12),False,43.0,False
TKT-00614,2025-04-15 08:24:00,2025-04-15 16:42:00,web_form,Technical Issue,Performance slow,High,Closed,Negative,CloudSync Pro,Enterprise,Europe,Hindi,Agent_005 (Sophie M),Performance has been extremely slow on my end. Pages take 20+ seconds to load.,No action needed,8.3,2.7,6.1,False,False,2,501,2025-04-15 14:30:00,6.1,2.200000000000001,8.3,24,1.0,8,Tuesday,Mañana (06-12),False,0.0,False
TKT-00615,2024-11-12 11:01:00,2024-11-15 02:13:00,chat,Complaint,Unresolved issue,Low,Closed,Positive,DataDash,Professional,South Asia,English,Agent_005 (Sophie M),I've been waiting 2 days for a response. This is unacceptable.,No action needed,63.2,4.6,16.9,False,False,7,905,2024-11-13 03:55:00,16.9,46.300000000000004,63.2,72,1.0,11,Tuesday,Mañana (06-12),False,0.0,False
TKT-00616,2024-05-21 14:32:00,,web_form,Billing,Invoice request,Low,In Progress,Positive,SecureVault,Enterprise,Southeast Asia,Hindi,Agent_001 (Priya S),My payment of $500.00 failed but the amount was still deducted from my account.,Refund processed,,,5.5,False,False,11,395,2024-05-21 20:02:00,5.5,,,72,,14,Tuesday,Tarde (12-18),False,,False
TKT-00617,2024-12-05 10:35:00,2024-12-07 15:17:00,whatsapp,Technical Issue,Feature not working,Low,Resolved,Very Negative,DataDash,Free,North America,Japanese,Agent_005 (Sophie M),The app keeps crashing when I try to invite a team member. I'm on macOS Sonoma.,Issue fixed by agent,52.7,1.1,10.3,True,False,2,262,2024-12-05 20:53:00,10.3,42.400000000000006,52.7,72,1.0,10,Thursday,Mañana (06-12),False,0.0,False
TKT-00618,2025-03-13 09:22:00,,twitter_dm,Account Access,Password reset,Medium,Open,Negative,TaskBoard,Free,Southeast Asia,English,Agent_007 (Elena V),My account appears to be locked. I haven't violated any terms.,Policy exception granted,,,9.2,True,False,5,1342,2025-03-13 18:34:00,9.2,,,48,,9,Thursday,Mañana (06-12),False,,False
TKT-00619,2025-05-26 13:46:00,2025-05-29 22:16:00,email,Billing,Incorrect amount,Low,Escalated,Negative,TaskBoard,Enterprise,Europe,French,Agent_003 (Lena K),My payment of $125.49 failed but the amount was still deducted from my account.,Issue fixed by agent,80.5,,10.9,True,True,7,857,2025-05-27 00:40:00,10.9,69.6,80.5,72,0.0,13,Monday,Tarde (12-18),False,8.5,False
TKT-00620,2025-02-22 21:32:00,2025-02-26 05:14:00,twitter_dm,Delivery / Shipping,Damaged item,Medium,Resolved,Negative,DataDash,Free,North America,Japanese,Agent_006 (Raj P),The item I received is damaged. I need a replacement or refund for order #76880.,Self-service guided,79.7,3.0,23.4,False,False,6,557,2025-02-23 20:56:00,23.4,56.300000000000004,79.7,48,0.0,21,Saturday,Noche (18-24),False,31.700000000000003,False
TKT-00621,2024-09-15 18:10:00,2024-09-17 13:52:00,email,Refund / Return,Policy inquiry,Medium,Resolved,Neutral,TaskBoard,Free,Europe,English,Agent_008 (Daniel N),I was overcharged and would like a partial refund for the difference.,Self-service guided,43.7,3.5,11.2,True,False,11,879,2024-09-16 05:22:00,11.2,32.5,43.7,48,1.0,18,Sunday,Noche (18-24),False,0.0,False
TKT-00622,2024-01-24 19:25:00,2024-01-27 20:49:00,web_form,Technical Issue,App crash,Low,Closed,Negative,DataDash,Enterprise,Middle East,Hindi,Agent_003 (Lena K),Performance has been extremely slow on my end. Pages take 20+ seconds to load.,No action needed,73.4,2.8,4.6,False,False,2,1451,2024-01-25 00:01:00,4.6,68.80000000000001,73.4,72,0.0,19,Wednesday,Noche (18-24),False,1.4000000000000057,False
TKT-00623,2024-02-29 13:10:00,2024-03-01 11:40:00,email,Technical Issue,Login error,Medium,Resolved,Negative,CloudSync Pro,Professional,Africa,German,Agent_009 (Yuki T),The app keeps crashing when I try to invite a team member. I'm on Android 14.,Self-service guided,22.5,2.8,12.0,False,False,8,1336,2024-03-01 01:10:00,12.0,10.5,22.5,48,1.0,13,Thursday,Tarde (12-18),False,0.0,False
TKT-00624,2024-02-22 15:06:00,2024-02-27 14:54:00,twitter_dm,Account Access,2FA issue,Low,Closed,Negative,TaskBoard,Free,Africa,English,Agent_007 (Elena V),I need to update the email address associated with my account.,,119.8,2.7,0.6,False,False,9,1083,2024-02-22 15:42:00,0.6,119.2,119.8,72,0.0,15,Thursday,Tarde (12-18),False,47.8,False
TKT-00625,2024-01-29 10:49:00,,web_form,Feature Request,Dark mode,High,Open,Negative,CloudSync Pro,Professional,Europe,English,Agent_009 (Yuki T),Is there any plan to expose an API for the reporting module?,Issue fixed by agent,,,20.1,True,False,7,1147,2024-01-30 06:55:00,20.1,,,24,,10,Monday,Mañana (06-12),False,,False
TKT-00626,2024-01-16 12:41:00,2024-01-17 04:53:00,chat,Refund / Return,Return request,High,Closed,Positive,InvoiceFlow,Professional,South Asia,English,Agent_008 (Daniel N),I was overcharged and would like a partial refund for the difference.,Refund processed,16.2,4.8,6.3,False,False,1,797,2024-01-16 18:59:00,6.3,9.899999999999999,16.2,24,1.0,12,Tuesday,Tarde (12-18),True,0.0,False
TKT-00627,2024-05-25 09:20:00,2024-05-26 07:20:00,phone,Refund / Return,Full refund,Medium,Resolved,Negative,InvoiceFlow,Enterprise,North America,English,Agent_007 (Elena V),What's the status of refund request #REF-9563? It's been 5 days.,Pending customer,22.0,2.9,3.8,False,False,12,1424,2024-05-25 13:08:00,3.8,18.2,22.0,48,1.0,9,Saturday,Mañana (06-12),False,0.0,False
TKT-00628,2024-03-17 07:20:00,,email,Billing,Incorrect amount,Medium,In Progress,Neutral,InvoiceFlow,Free,Europe,English,Agent_001 (Priya S),"Hi, I was charged $80.00 twice on Jan 12, 2025. My invoice is INV-2167. Please refund the duplicate.",Self-service guided,,,5.6,False,False,10,676,2024-03-17 12:56:00,5.6,,,48,,7,Sunday,Mañana (06-12),False,,False
TKT-00629,2025-03-10 10:20:00,2025-03-12 14:20:00,chat,Technical Issue,Data sync issue,Medium,Resolved,Positive,TaskBoard,Starter,Africa,English,Unassigned,Performance has been extremely slow on my end. Pages take 20+ seconds to load.,Refund processed,52.0,4.5,,False,False,5,317,,,,52.0,48,0.0,10,Monday,Mañana (06-12),False,4.0,False
TKT-00630,2025-01-13 15:27:00,2025-01-14 03:45:00,email,Technical Issue,Feature not working,Critical,Resolved,Positive,InvoiceFlow,Professional,North America,English,Agent_003 (Lena K),I'm unable to upload a file since the latest update. Getting error code ERR-308.,No action needed,,4.8,,False,False,11,471,,,,,8,,15,Monday,Tarde (12-18),False,,True
TKT-00631,2025-05-30 17:45:00,2025-05-31 16:27:00,email,Account Access,Account locked,High,Resolved,Neutral,DataDash,Free,North America,English,Agent_008 (Daniel N),I need to update the email address associated with my account.,Pending customer,22.7,3.4,10.3,False,False,8,1337,2025-05-31 04:03:00,10.3,12.399999999999999,22.7,24,1.0,17,Friday,Tarde (12-18),False,0.0,False
TKT-00632,2024-05-21 18:38:00,2024-05-22 21:38:00,email,General Inquiry,Partnership,Medium,Escalated,Neutral,TaskBoard,Enterprise,Southeast Asia,Hindi,Agent_009 (Yuki T),I'm interested in a partnership opportunity with your company.,Self-service guided,27.0,,1.5,False,True,6,482,2024-05-21 20:08:00,1.5,25.5,27.0,48,1.0,18,Tuesday,Noche (18-24),False,0.0,False
TKT-00633,2025-04-05 20:16:00,2025-04-08 22:10:00,whatsapp,Technical Issue,Performance slow,Medium,Resolved,Positive,TaskBoard,Starter,Southeast Asia,German,Agent_009 (Yuki T),I'm unable to upload a file since the latest update. Getting error code ERR-612.,Self-service guided,73.9,4.2,20.4,False,False,1,495,2025-04-06 16:40:00,20.4,53.50000000000001,73.9,48,0.0,20,Saturday,Noche (18-24),True,25.900000000000006,False
TKT-00634,2024-05-30 22:06:00,,chat,Refund / Return,Full refund,Medium,In Progress,Neutral,CloudSync Pro,Enterprise,Europe,English,Agent_001 (Priya S),I'd like to request a full refund for my recent purchase. Order #48604.,Issue fixed by agent,,,2.8,False,False,9,828,2024-05-31 00:54:00,2.8,,,48,,22,Thursday,Noche (18-24),False,,False
TKT-00635,2025-02-27 07:06:00,2025-03-06 18:42:00,whatsapp,Feature Request,UI improvement,Low,Closed,Negative,TaskBoard,Free,Latin America,Spanish,Agent_002 (James T),"Can you add an option to export reports in Excel format, not just CSV?",Pending customer,179.6,2.8,2.0,False,False,8,81,2025-02-27 09:06:00,2.0,177.6,179.6,72,0.0,7,Thursday,Mañana (06-12),False,107.6,False
TKT-00636,2024-04-25 21:10:00,2024-04-28 07:46:00,email,General Inquiry,Documentation,Medium,Resolved,Very Negative,CloudSync Pro,Enterprise,North America,Arabic,Agent_004 (Omar F),I'm interested in a partnership opportunity with your company.,Issue fixed by agent,58.6,1.1,14.5,False,False,4,261,2024-04-26 11:40:00,14.5,44.1,58.6,48,0.0,21,Thursday,Noche (18-24),False,10.600000000000001,False
TKT-00637,2025-03-15 08:08:00,,helpdesk_portal,Account Access,Email change,Low,In Progress,Very Negative,TaskBoard,Professional,North America,English,Agent_006 (Raj P),I need to update the email address associated with my account.,Issue fixed by agent,,,10.9,True,False,9,891,2025-03-15 19:02:00,10.9,,,72,,8,Saturday,Mañana (06-12),False,,False
TKT-00638,2024-06-24 08:10:00,2024-06-26 22:58:00,email,Technical Issue,App crash,Low,Escalated,Negative,TaskBoard,Free,Middle East,English,Agent_007 (Elena V),Performance has been extremely slow on my end. Pages take 20+ seconds to load.,Issue fixed by agent,62.8,,5.0,True,True,3,502,2024-06-24 13:10:00,5.0,57.8,62.8,72,1.0,8,Monday,Mañana (06-12),False,0.0,False
TKT-00639,2024-12-02 08:14:00,2024-12-08 23:26:00,email,Technical Issue,Data sync issue,Low,Closed,Very Negative,TaskBoard,Enterprise,Europe,Arabic,Agent_002 (James T),Performance has been extremely slow on my end. Pages take 20+ seconds to load.,Self-service guided,159.2,1.0,12.9,False,False,12,1103,2024-12-02 21:08:00,12.9,146.29999999999998,159.2,72,0.0,8,Monday,Mañana (06-12),False,87.19999999999999,False
TKT-00640,2024-11-16 11:03:00,2024-11-18 16:03:00,whatsapp,Complaint,Rude agent,Low,Escalated,Neutral,CloudSync Pro,Free,North America,English,Agent_003 (Lena K),Your refund policy is very unfair. I'm considering leaving the platform.,Refund processed,53.0,,15.4,False,True,8,701,2024-11-17 02:27:00,15.4,37.6,53.0,72,1.0,11,Saturday,Mañana (06-12),False,0.0,False
TKT-00641,2024-10-07 22:20:00,,chat,Feature Request,Export options,High,In Progress,Negative,DataDash,Free,Southeast Asia,German,Agent_002 (James T),Is there any plan to expose an API for the reporting module?,Self-service guided,,,7.6,False,False,1,392,2024-10-08 05:56:00,7.6,,,24,,22,Monday,Noche (18-24),True,,False
TKT-00642,2024-11-02 14:42:00,,email,Billing,Duplicate charge,Low,In Progress,Negative,DataDash,Free,North America,Spanish,Agent_001 (Priya S),Could you send me a detailed invoice for the period Jul–Sep 2024? I need it for tax purposes.,Escalated to engineering,,,17.0,False,False,11,659,2024-11-03 07:42:00,17.0,,,72,,14,Saturday,Tarde (12-18),False,,False
TKT-00643,2024-07-22 13:56:00,,chat,Delivery / Shipping,Wrong item,Medium,In Progress,Neutral,SecureVault,Professional,North America,English,Agent_005 (Sophie M),I received the wrong item in my package. Order #97230.,Self-service guided,,,6.7,False,False,6,1304,2024-07-22 20:38:00,6.7,,,48,,13,Monday,Tarde (12-18),False,,False
TKT-00644,2024-06-25 07:47:00,2024-06-26 08:05:00,chat,Account Access,Email change,High,Resolved,Negative,TaskBoard,Enterprise,South Asia,English,Agent_008 (Daniel N),I need to update the email address associated with my account.,Issue fixed by agent,24.3,2.2,20.9,True,False,2,1093,2024-06-26 04:41:00,20.9,3.400000000000002,24.3,24,0.0,7,Tuesday,Mañana (06-12),False,0.3000000000000007,False
TKT-00645,2024-07-03 07:05:00,2024-07-04 18:17:00,email,Billing,Incorrect amount,High,Resolved,Negative,CloudSync Pro,Starter,Africa,English,Agent_006 (Raj P),I noticed an incorrect charge of $130.49 on my last bill. Can you look into invoice INV-5709?,Issue fixed by agent,35.2,2.1,9.6,False,False,6,108,2024-07-03 16:41:00,9.6,25.6,35.2,24,0.0,7,Wednesday,Mañana (06-12),False,11.200000000000003,False
TKT-00646,2024-08-12 14:23:00,,email,Complaint,Rude agent,Medium,Open,Neutral,TaskBoard,Free,South Asia,English,Agent_007 (Elena V),I've contacted support 3 times about the same issue and it's still unresolved.,Issue fixed by agent,,,11.1,False,False,6,820,2024-08-13 01:29:00,11.1,,,48,,14,Monday,Tarde (12-18),False,,False
TKT-00647,2024-12-28 07:00:00,2025-01-02 05:24:00,email,Technical Issue,Login error,Low,Resolved,Negative,TaskBoard,Starter,Europe,English,Agent_007 (Elena V),My data isn't syncing across devices. Last successful sync was 4 days ago.,Escalated to engineering,118.4,2.1,15.5,False,False,5,580,2024-12-28 22:30:00,15.5,102.9,118.4,72,0.0,7,Saturday,Mañana (06-12),False,46.400000000000006,False
TKT-00648,2025-04-20 22:42:00,2025-04-21 12:24:00,helpdesk_portal,Delivery / Shipping,Missing package,Critical,Closed,Neutral,InvoiceFlow,Starter,Europe,English,Agent_007 (Elena V),The item I received is damaged. I need a replacement or refund for order #66173.,Self-service guided,13.7,3.3,8.2,False,False,8,41,2025-04-21 06:54:00,8.2,5.5,13.7,8,0.0,22,Sunday,Noche (18-24),False,5.699999999999999,False
TKT-00649,2024-09-30 09:49:00,2024-10-01 09:43:00,phone,Complaint,Rude agent,High,Resolved,Negative,CloudSync Pro,Starter,Europe,English,Agent_002 (James T),The agent I spoke to was dismissive and unhelpful. I'd like to escalate.,Self-service guided,23.9,2.7,9.1,False,False,7,1146,2024-09-30 18:55:00,9.1,14.799999999999999,23.9,24,1.0,9,Monday,Mañana (06-12),False,0.0,False
TKT-00650,2024-12-11 17:30:00,,email,Account Access,2FA issue,Low,In Progress,Negative,DataDash,Free,Southeast Asia,Japanese,Agent_006 (Raj P),My account appears to be locked. I haven't violated any terms.,Issue fixed by agent,,,16.2,True,False,8,1327,2024-12-12 09:42:00,16.2,,,72,,17,Wednesday,Tarde (12-18),False,,False
TKT-00651,2025-04-07 18:56:00,2025-04-08 16:14:00,chat,Feature Request,API access,High,Resolved,Neutral,SecureVault,Starter,South Asia,English,Agent_004 (Omar F),Is there any plan to expose an API for the reporting module?,Refund processed,21.3,3.9,3.7,False,False,12,342,2025-04-07 22:38:00,3.7,17.6,21.3,24,1.0,18,Monday,Noche (18-24),False,0.0,False
TKT-00652,2025-03-14 08:21:00,2025-03-21 05:51:00,whatsapp,Feature Request,Export options,Low,Resolved,Very Negative,CloudSync Pro,Enterprise,Europe,English,Unassigned,"Can you add an option to export reports in Excel format, not just CSV?",Self-service guided,165.5,1.7,,False,False,2,1123,,,,165.5,72,0.0,8,Friday,Mañana (06-12),False,93.5,False
TKT-00653,2025-06-03 20:21:00,2025-06-06 15:45:00,web_form,General Inquiry,Compatibility,Low,Resolved,Neutral,TaskBoard,Professional,Africa,Hindi,Agent_008 (Daniel N),Could you explain the difference between the Professional and Enterprise plans?,Self-service guided,67.4,3.7,7.6,False,False,6,45,2025-06-04 03:57:00,7.6,59.800000000000004,67.4,72,1.0,20,Tuesday,Noche (18-24),False,0.0,False
TKT-00654,2025-02-15 21:01:00,,helpdesk_portal,Refund / Return,Refund status,Medium,In Progress,Negative,CloudSync Pro,Starter,Europe,English,Agent_007 (Elena V),What's the status of refund request #REF-9338? It's been 5 days.,Issue fixed by agent,,,16.2,False,False,9,328,2025-02-16 13:13:00,16.2,,,48,,21,Saturday,Noche (18-24),False,,False
TKT-00655,2025-03-09 16:39:00,2025-03-11 05:33:00,chat,Account Access,Email change,Medium,Resolved,Negative,SecureVault,Enterprise,North America,English,Agent_009 (Yuki T),I'm having trouble with 2FA — the codes aren't working on my new phone.,Issue fixed by agent,36.9,2.8,14.7,False,False,1,780,2025-03-10 07:21:00,14.7,22.2,36.9,48,1.0,16,Sunday,Tarde (12-18),True,0.0,False
TKT-00656,2025-06-08 15:42:00,2025-06-14 20:54:00,whatsapp,Feature Request,New integration,Low,Resolved,Neutral,CloudSync Pro,Enterprise,Europe,Japanese,Agent_003 (Lena K),"Can you add an option to export reports in Excel format, not just CSV?",Refund processed,149.2,3.7,8.3,False,False,10,107,2025-06-09 00:00:00,8.3,140.89999999999998,149.2,72,0.0,15,Sunday,Tarde (12-18),False,77.19999999999999,False
TKT-00657,2024-02-17 10:30:00,2024-02-18 08:24:00,web_form,Billing,Subscription upgrade,Medium,Closed,Neutral,SecureVault,Enterprise,South Asia,English,Agent_001 (Priya S),I noticed an incorrect charge of $216.99 on my last bill. Can you look into invoice INV-1696?,Policy exception granted,21.9,3.2,3.7,False,False,7,1127,2024-02-17 14:12:00,3.7,18.2,21.9,48,1.0,10,Saturday,Mañana (06-12),False,0.0,False
TKT-00658,2024-12-13 12:41:00,2024-12-14 17:23:00,helpdesk_portal,Billing,Payment failure,High,Resolved,Neutral,InvoiceFlow,Free,Southeast Asia,English,Agent_005 (Sophie M),"Hi, I was charged $43.49 twice on Jan 03, 2024. My invoice is INV-7930. Please refund the duplicate.",Escalated to engineering,28.7,3.6,12.8,False,False,4,1280,2024-12-14 01:29:00,12.8,15.899999999999999,28.7,24,0.0,12,Friday,Tarde (12-18),False,4.699999999999999,False
TKT-00659,2024-07-07 15:21:00,,email,Billing,Subscription upgrade,Low,In Progress,Very Negative,SecureVault,Enterprise,North America,English,Agent_003 (Lena K),Could you send me a detailed invoice for the period Jan–Mar 2024? I need it for tax purposes.,Refund processed,,,22.5,False,False,4,940,2024-07-08 13:51:00,22.5,,,72,,15,Sunday,Tarde (12-18),False,,False
TKT-00660,2024-05-15 16:15:00,,email,Technical Issue,Feature not working,Low,In Progress,Negative,DataDash,Enterprise,Middle East,Hindi,Agent_006 (Raj P),Performance has been extremely slow on my end. Pages take 20+ seconds to load.,Self-service guided,,,19.0,False,False,5,1392,2024-05-16 11:15:00,19.0,,,72,,16,Wednesday,Tarde (12-18),False,,False
TKT-00661,2024-09-11 18:17:00,2024-09-18 21:29:00,email,Billing,Invoice request,Low,Resolved,Negative,TaskBoard,Professional,Africa,Arabic,Agent_005 (Sophie M),Could you send me a detailed invoice for the period Oct–Dec 2024? I need it for tax purposes.,,171.2,2.3,1.9,False,False,5,1162,2024-09-11 20:11:00,1.9,169.29999999999998,171.2,72,0.0,18,Wednesday,Noche (18-24),False,99.19999999999999,False
TKT-00662,2024-05-11 07:24:00,2024-05-11 15:24:00,email,Refund / Return,Full refund,Critical,Resolved,Very Negative,CloudSync Pro,Enterprise,Southeast Asia,Hindi,Agent_002 (James T),What's the status of refund request #REF-9981? It's been 11 days.,,,1.2,,False,False,7,1139,,,,,8,,7,Saturday,Mañana (06-12),False,,True
TKT-00663,2024-09-14 14:06:00,,email,Account Access,2FA issue,High,In Progress,Negative,SecureVault,Starter,Europe,Hindi,Agent_001 (Priya S),My account appears to be locked. I haven't violated any terms.,Policy exception granted,,,15.7,False,False,8,817,2024-09-15 05:48:00,15.7,,,24,,14,Saturday,Tarde (12-18),False,,False
TKT-00664,2024-08-10 16:07:00,,helpdesk_portal,Billing,Duplicate charge,Medium,Open,Negative,TaskBoard,Professional,Southeast Asia,Arabic,Agent_007 (Elena V),I noticed an incorrect charge of $269.99 on my last bill. Can you look into invoice INV-6265?,Refund processed,,,7.2,False,False,11,1429,2024-08-10 23:19:00,7.2,,,48,,16,Saturday,Tarde (12-18),False,,False
TKT-00665,2025-03-12 20:38:00,2025-03-14 10:50:00,chat,Billing,Duplicate charge,High,Escalated,Neutral,InvoiceFlow,Starter,North America,English,Agent_006 (Raj P),My payment of $291.99 failed but the amount was still deducted from my account.,Refund processed,38.2,,15.1,True,True,10,837,2025-03-13 11:44:00,15.1,23.1,38.2,24,0.0,20,Wednesday,Noche (18-24),False,14.200000000000003,False
TKT-00666,2024-11-13 14:50:00,2024-11-14 05:08:00,web_form,Technical Issue,Feature not working,Critical,Resolved,Negative,DataDash,Professional,Southeast Asia,Japanese,Agent_003 (Lena K),Performance has been extremely slow on my end. Pages take 20+ seconds to load.,Pending customer,14.3,2.1,11.8,False,False,3,151,2024-11-14 02:38:00,11.8,2.5,14.3,8,0.0,14,Wednesday,Tarde (12-18),False,6.300000000000001,False
TKT-00667,2024-03-13 13:33:00,2024-03-13 22:21:00,email,Account Access,Account locked,Critical,Resolved,Positive,TaskBoard,Free,Southeast Asia,French,Agent_008 (Daniel N),I need to update the email address associated with my account.,No action needed,8.8,4.5,0.7,False,False,9,852,2024-03-13 14:15:00,0.7,8.100000000000001,8.8,8,0.0,13,Wednesday,Tarde (12-18),False,0.8000000000000007,False
TKT-00668,2025-04-27 08:58:00,,chat,Refund / Return,Policy inquiry,High,Open,Neutral,SecureVault,Enterprise,North America,English,Agent_007 (Elena V),I want to return an item from order #14854 — it doesn't meet my needs.,Issue fixed by agent,,,12.3,False,False,9,162,2025-04-27 21:16:00,12.3,,,24,,8,Sunday,Mañana (06-12),False,,False
TKT-00669,2024-02-18 22:52:00,2024-02-19 21:58:00,web_form,Delivery / Shipping,Late delivery,High,Closed,Neutral,CloudSync Pro,Professional,Southeast Asia,English,Agent_006 (Raj P),The item I received is damaged. I need a replacement or refund for order #42590.,Policy exception granted,23.1,3.2,19.3,True,False,4,1206,2024-02-19 18:10:00,19.3,3.8000000000000007,23.1,24,1.0,22,Sunday,Noche (18-24),False,0.0,False
TKT-00670,2024-01-22 21:34:00,2024-01-23 22:52:00,whatsapp,Technical Issue,Login error,High,Closed,Very Negative,CloudSync Pro,Enterprise,South Asia,English,Agent_009 (Yuki T),My data isn't syncing across devices. Last successful sync was 11 days ago.,Refund processed,25.3,1.1,1.4,False,False,8,615,2024-01-22 22:58:00,1.4,23.900000000000002,25.3,24,0.0,21,Monday,Noche (18-24),False,1.3000000000000007,False
TKT-00671,2024-02-13 12:02:00,2024-02-20 21:02:00,whatsapp,Technical Issue,App crash,Low,Closed,Very Negative,TaskBoard,Professional,Middle East,Japanese,Agent_005 (Sophie M),The app keeps crashing when I try to upload a file. I'm on iOS 17.,,177.0,1.5,13.3,False,False,6,334,2024-02-14 01:20:00,13.3,163.7,177.0,72,0.0,12,Tuesday,Tarde (12-18),False,105.0,False
TKT-00672,2024-08-19 22:43:00,,helpdesk_portal,Refund / Return,Full refund,Low,Open,Negative,InvoiceFlow,Enterprise,North America,French,Agent_002 (James T),What's the status of refund request #REF-8271? It's been 10 days.,Issue fixed by agent,,,7.0,False,False,10,1173,2024-08-20 05:43:00,7.0,,,72,,22,Monday,Noche (18-24),False,,False
TKT-00673,2025-01-19 07:23:00,2025-01-22 04:47:00,helpdesk_portal,Technical Issue,App crash,Low,Closed,Neutral,DataDash,Starter,Europe,English,Agent_003 (Lena K),I'm unable to upload a file since the latest update. Getting error code ERR-482.,No action needed,69.4,3.5,1.3,False,False,1,806,2025-01-19 08:41:00,1.3,68.10000000000001,69.4,72,1.0,7,Sunday,Mañana (06-12),True,0.0,False
TKT-00674,2024-05-03 07:55:00,2024-05-04 17:31:00,whatsapp,Technical Issue,App crash,Medium,Closed,Neutral,DataDash,Professional,North America,French,Agent_004 (Omar F),The app keeps crashing when I try to invite a team member. I'm on iOS 17.,Pending customer,33.6,3.8,13.7,False,False,6,474,2024-05-03 21:37:00,13.7,19.900000000000002,33.6,48,1.0,7,Friday,Mañana (06-12),False,0.0,False
TKT-00675,2025-05-19 16:42:00,2025-05-21 09:54:00,email,Refund / Return,Return request,Medium,Escalated,Very Negative,CloudSync Pro,Professional,South Asia,Arabic,Agent_005 (Sophie M),I was overcharged and would like a partial refund for the difference.,Policy exception granted,41.2,,8.4,False,True,4,581,2025-05-20 01:06:00,8.4,32.800000000000004,41.2,48,1.0,16,Monday,Tarde (12-18),False,0.0,False
TKT-00676,2024-11-18 20:24:00,2024-11-19 04:48:00,web_form,General Inquiry,Documentation,High,Resolved,Very Negative,DataDash,Professional,Middle East,English,Agent_005 (Sophie M),Could you explain the difference between the Professional and Enterprise plans?,Refund processed,,1.1,,False,False,6,1033,,,,,24,,20,Monday,Noche (18-24),False,,True
TKT-00677,2024-02-25 18:33:00,2024-02-29 21:57:00,phone,Technical Issue,App crash,Low,Resolved,Very Negative,CloudSync Pro,Professional,North America,English,Agent_008 (Daniel N),Performance has been extremely slow on my end. Pages take 20+ seconds to load.,Self-service guided,99.4,1.7,23.3,False,False,6,438,2024-02-26 17:51:00,23.3,76.10000000000001,99.4,72,0.0,18,Sunday,Noche (18-24),False,27.400000000000006,False
TKT-00678,2025-06-21 19:27:00,2025-06-23 10:21:00,email,Billing,Payment failure,High,Escalated,Negative,DataDash,Professional,North America,Japanese,Agent_001 (Priya S),Could you send me a detailed invoice for the period Oct–Dec 2024? I need it for tax purposes.,Escalated to engineering,38.9,,13.2,True,True,11,960,2025-06-22 08:39:00,13.2,25.7,38.9,24,0.0,19,Saturday,Noche (18-24),False,14.899999999999999,False
TKT-00679,2024-07-09 12:01:00,2024-07-14 14:55:00,whatsapp,Billing,Invoice request,Low,Closed,Neutral,DataDash,Professional,Europe,English,Agent_001 (Priya S),Could you send me a detailed invoice for the period Oct–Dec 2024? I need it for tax purposes.,Escalated to engineering,122.9,3.9,22.1,False,False,3,809,2024-07-10 10:07:00,22.1,100.80000000000001,122.9,72,0.0,12,Tuesday,Tarde (12-18),False,50.900000000000006,False
TKT-00680,2024-12-12 11:02:00,2024-12-12 23:26:00,chat,General Inquiry,Plan comparison,High,Resolved,Negative,InvoiceFlow,Free,North America,English,Agent_009 (Yuki T),Could you explain the difference between the Professional and Enterprise plans?,Issue fixed by agent,12.4,2.2,7.2,False,False,10,1211,2024-12-12 18:14:00,7.2,5.2,12.4,24,1.0,11,Thursday,Mañana (06-12),False,0.0,False
TKT-00681,2025-03-29 17:27:00,2025-03-30 19:39:00,helpdesk_portal,Account Access,Account deletion,High,Resolved,Positive,DataDash,Free,Europe,French,Agent_002 (James T),I can't log in to my account. The password reset email is not arriving.,Self-service guided,26.2,4.8,10.4,False,False,3,263,2025-03-30 03:51:00,10.4,15.799999999999999,26.2,24,0.0,17,Saturday,Tarde (12-18),False,2.1999999999999993,False
TKT-00682,2024-01-29 21:00:00,2024-01-31 05:54:00,email,Account Access,2FA issue,Medium,Closed,Neutral,DataDash,Professional,Southeast Asia,English,Agent_009 (Yuki T),I can't log in to my account. The password reset email is not arriving.,No action needed,32.9,3.7,3.3,False,False,1,1384,2024-01-30 00:18:00,3.3,29.599999999999998,32.9,48,1.0,21,Monday,Noche (18-24),True,0.0,False
TKT-00683,2024-01-15 08:15:00,2024-01-18 05:09:00,whatsapp,Feature Request,Export options,Medium,Resolved,Very Negative,CloudSync Pro,Free,Europe,English,Agent_009 (Yuki T),A dark mode option would be greatly appreciated for late-night work sessions.,Pending customer,68.9,1.5,5.3,False,False,10,1392,2024-01-15 13:33:00,5.3,63.60000000000001,68.9,48,0.0,8,Monday,Mañana (06-12),False,20.900000000000006,False
TKT-00684,2024-11-18 17:00:00,2024-11-22 01:24:00,phone,Account Access,Account deletion,Medium,Resolved,Negative,SecureVault,Starter,Southeast Asia,English,Agent_001 (Priya S),My account appears to be locked. I haven't violated any terms.,No action needed,80.4,2.1,17.3,False,False,9,1334,2024-11-19 10:18:00,17.3,63.10000000000001,80.4,48,0.0,17,Monday,Tarde (12-18),False,32.400000000000006,False
TKT-00685,2024-06-16 11:58:00,2024-06-17 02:10:00,email,Billing,Subscription upgrade,High,Resolved,Neutral,InvoiceFlow,Starter,Europe,English,Agent_007 (Elena V),My payment of $485.49 failed but the amount was still deducted from my account.,Self-service guided,14.2,3.9,3.2,False,False,11,1119,2024-06-16 15:10:00,3.2,11.0,14.2,24,1.0,11,Sunday,Mañana (06-12),False,0.0,False
TKT-00686,2025-01-13 19:19:00,2025-01-18 02:37:00,web_form,Feature Request,Dark mode,Low,Escalated,Negative,CloudSync Pro,Free,Europe,Japanese,Agent_002 (James T),A dark mode option would be greatly appreciated for late-night work sessions.,Escalated to engineering,103.3,,23.3,False,True,8,316,2025-01-14 18:37:00,23.3,80.0,103.3,72,0.0,19,Monday,Noche (18-24),False,31.299999999999997,False
TKT-00687,2024-11-22 21:43:00,2024-11-23 21:55:00,chat,Billing,Payment failure,High,Resolved,Positive,InvoiceFlow,Free,North America,English,Agent_004 (Omar F),My payment of $260.99 failed but the amount was still deducted from my account.,Self-service guided,24.2,4.3,0.3,False,False,8,692,2024-11-22 22:01:00,0.3,23.9,24.2,24,0.0,21,Friday,Noche (18-24),False,0.1999999999999993,False
TKT-00688,2024-09-19 16:16:00,2024-09-20 02:28:00,chat,Account Access,Account deletion,High,Closed,Very Negative,CloudSync Pro,Free,North America,English,Agent_001 (Priya S),I need to update the email address associated with my account.,Issue fixed by agent,,1.9,,False,False,4,837,,,,,24,,16,Thursday,Tarde (12-18),False,,True
TKT-00689,2024-08-16 07:38:00,2024-08-17 16:32:00,email,Billing,Payment failure,High,Closed,Neutral,CloudSync Pro,Professional,North America,English,Agent_007 (Elena V),"Hi, I was charged $113.49 twice on Jan 13, 2024. My invoice is INV-8098. Please refund the duplicate.",No action needed,32.9,3.6,2.7,False,False,10,554,2024-08-16 10:20:00,2.7,30.2,32.9,24,0.0,7,Friday,Mañana (06-12),False,8.899999999999999,False
TKT-00690,2024-11-25 22:40:00,2024-12-01 06:40:00,chat,Account Access,Account locked,Low,Resolved,Very Negative,DataDash,Professional,Southeast Asia,Japanese,Unassigned,I'm having trouble with 2FA — the codes aren't working on my new phone.,Issue fixed by agent,128.0,1.8,,False,False,6,1087,,,,128.0,72,0.0,22,Monday,Noche (18-24),False,56.0,False
TKT-00691,2025-04-15 22:18:00,2025-04-16 23:18:00,chat,Feature Request,API access,High,Resolved,Neutral,TaskBoard,Starter,North America,English,Agent_001 (Priya S),A dark mode option would be greatly appreciated for late-night work sessions.,No action needed,25.0,3.8,7.7,False,False,7,1427,2025-04-16 06:00:00,7.7,17.3,25.0,24,0.0,22,Tuesday,Noche (18-24),False,1.0,False
TKT-00692,2025-01-20 15:10:00,2025-01-20 23:40:00,phone,Account Access,Email change,Critical,Resolved,Neutral,CloudSync Pro,Free,Southeast Asia,English,Agent_006 (Raj P),I'm having trouble with 2FA — the codes aren't working on my new phone.,Escalated to engineering,,3.1,,False,False,2,960,,,,,8,,15,Monday,Tarde (12-18),False,,True
TKT-00693,2024-06-05 14:08:00,2024-06-09 20:26:00,chat,Account Access,Account locked,Low,Closed,Very Negative,TaskBoard,Professional,Middle East,Hindi,Agent_008 (Daniel N),My account appears to be locked. I haven't violated any terms.,Policy exception granted,102.3,1.8,21.0,False,False,11,1307,2024-06-06 11:08:00,21.0,81.3,102.3,72,0.0,14,Wednesday,Tarde (12-18),False,30.299999999999997,False
TKT-00694,2024-07-26 09:52:00,2024-07-29 19:10:00,email,Account Access,Account deletion,Medium,Closed,Negative,SecureVault,Professional,South Asia,Spanish,Agent_004 (Omar F),I can't log in to my account. The password reset email is not arriving.,Self-service guided,81.3,2.5,14.6,False,False,7,344,2024-07-27 00:28:00,14.6,66.7,81.3,48,0.0,9,Friday,Mañana (06-12),False,33.3,False
TKT-00695,2024-08-31 19:43:00,2024-09-01 21:31:00,email,Technical Issue,App crash,Medium,Resolved,Negative,DataDash,Free,North America,English,Agent_005 (Sophie M),The app keeps crashing when I try to export a report. I'm on macOS Sonoma.,Issue fixed by agent,25.8,2.0,9.7,False,False,10,76,2024-09-01 05:25:00,9.7,16.1,25.8,48,1.0,19,Saturday,Noche (18-24),False,0.0,False
TKT-00696,2025-06-07 20:42:00,,whatsapp,Refund / Return,Return request,Low,In Progress,Negative,TaskBoard,Free,South Asia,Arabic,Agent_002 (James T),What's the status of refund request #REF-9496? It's been 9 days.,Pending customer,,,23.9,False,False,6,1415,2025-06-08 20:36:00,23.9,,,72,,20,Saturday,Noche (18-24),False,,False
TKT-00697,2024-11-21 21:43:00,2024-11-23 10:43:00,helpdesk_portal,Account Access,2FA issue,High,Closed,Negative,TaskBoard,Professional,Middle East,English,Agent_003 (Lena K),My account appears to be locked. I haven't violated any terms.,Escalated to engineering,37.0,2.1,1.9,True,False,8,106,2024-11-21 23:37:00,1.9,35.1,37.0,24,0.0,21,Thursday,Noche (18-24),False,13.0,False
TKT-00698,2025-02-06 09:47:00,2025-02-06 18:59:00,email,Feature Request,API access,High,Closed,Very Negative,SecureVault,Enterprise,Southeast Asia,Hindi,Agent_004 (Omar F),Is there any plan to expose an API for the reporting module?,Self-service guided,9.2,1.6,7.1,False,False,4,867,2025-02-06 16:53:00,7.1,2.0999999999999996,9.2,24,1.0,9,Thursday,Mañana (06-12),False,0.0,False
TKT-00699,2024-05-01 18:37:00,,chat,Delivery / Shipping,Tracking issue,Medium,Open,Neutral,DataDash,Professional,Africa,German,Agent_005 (Sophie M),The item I received is damaged. I need a replacement or refund for order #14947.,Issue fixed by agent,,,8.0,False,False,12,1356,2024-05-02 02:37:00,8.0,,,48,,18,Wednesday,Noche (18-24),False,,False
TKT-00700,2024-09-10 20:51:00,,chat,Technical Issue,Feature not working,Low,In Progress,Very Negative,DataDash,Enterprise,Europe,Hindi,Agent_006 (Raj P),The app keeps crashing when I try to connect an integration. I'm on macOS Sonoma.,Issue fixed by agent,,,13.1,False,False,11,998,2024-09-11 09:57:00,13.1,,,72,,20,Tuesday,Noche (18-24),False,,False
TKT-00701,2024-03-14 16:57:00,,email,Technical Issue,App crash,Critical,Open,Very Negative,CloudSync Pro,Free,North America,English,Agent_005 (Sophie M),I'm unable to upload a file since the latest update. Getting error code ERR-936.,Issue fixed by agent,,,17.7,False,False,12,257,2024-03-15 10:39:00,17.7,,,8,,16,Thursday,Tarde (12-18),False,,False
TKT-00702,2024-01-31 19:45:00,,chat,Account Access,Account locked,Low,In Progress,Negative,CloudSync Pro,Enterprise,Africa,Arabic,Agent_003 (Lena K),I can't log in to my account. The password reset email is not arriving.,Policy exception granted,,,0.1,False,False,12,808,2024-01-31 19:51:00,0.1,,,72,,19,Wednesday,Noche (18-24),False,,False
TKT-00703,2024-02-10 09:57:00,2024-02-17 20:21:00,web_form,General Inquiry,Documentation,Low,Closed,Very Negative,CloudSync Pro,Free,Middle East,Japanese,Agent_003 (Lena K),I'm interested in a partnership opportunity with your company.,Refund processed,178.4,1.3,9.7,False,False,1,1264,2024-02-10 19:39:00,9.7,168.70000000000002,178.4,72,0.0,9,Saturday,Mañana (06-12),True,106.4,False
TKT-00704,2024-04-22 19:15:00,,phone,Billing,Invoice request,Low,Open,Very Negative,DataDash,Starter,Europe,English,Agent_008 (Daniel N),I noticed an incorrect charge of $199.00 on my last bill. Can you look into invoice INV-6844?,No action needed,,,20.4,False,False,2,612,2024-04-23 15:39:00,20.4,,,72,,19,Monday,Noche (18-24),False,,False
TKT-00705,2024-08-01 15:49:00,2024-08-04 21:25:00,email,Feature Request,UI improvement,Low,Escalated,Very Negative,SecureVault,Free,South Asia,Spanish,Agent_003 (Lena K),Is there any plan to expose an API for the reporting module?,Escalated to engineering,77.6,,6.7,False,True,12,172,2024-08-01 22:31:00,6.7,70.89999999999999,77.6,72,0.0,15,Thursday,Tarde (12-18),False,5.599999999999994,False
TKT-00706,2024-08-06 09:08:00,,whatsapp,Technical Issue,App crash,Medium,In Progress,Negative,DataDash,Professional,North America,Hindi,Agent_005 (Sophie M),Performance has been extremely slow on my end. Pages take 20+ seconds to load.,No action needed,,,16.8,False,False,9,106,2024-08-07 01:56:00,16.8,,,48,,9,Tuesday,Mañana (06-12),False,,False
TKT-00707,2025-02-26 12:40:00,2025-02-26 23:58:00,email,Billing,Duplicate charge,High,Escalated,Negative,CloudSync Pro,Free,North America,English,Agent_002 (James T),Could you send me a detailed invoice for the period Oct–Dec 2024? I need it for tax purposes.,Refund processed,11.3,,3.2,False,True,1,833,2025-02-26 15:52:00,3.2,8.100000000000001,11.3,24,1.0,12,Wednesday,Tarde (12-18),True,0.0,False
TKT-00708,2024-07-19 07:25:00,2024-07-20 03:49:00,helpdesk_portal,Feature Request,Export options,Medium,Closed,Positive,TaskBoard,Starter,South Asia,English,Agent_009 (Yuki T),"Can you add an option to export reports in Excel format, not just CSV?",Issue fixed by agent,20.4,4.3,3.8,False,False,8,76,2024-07-19 11:13:00,3.8,16.599999999999998,20.4,48,1.0,7,Friday,Mañana (06-12),False,0.0,False
TKT-00709,2024-05-11 11:54:00,2024-05-13 19:36:00,chat,Billing,Duplicate charge,Low,Resolved,Neutral,CloudSync Pro,Enterprise,North America,English,Agent_008 (Daniel N),"Hi, I was charged $168.00 twice on May 13, 2024. My invoice is INV-4017. Please refund the duplicate.",Refund processed,55.7,3.1,5.1,False,False,4,458,2024-05-11 17:00:00,5.1,50.6,55.7,72,1.0,11,Saturday,Mañana (06-12),False,0.0,False
TKT-00710,2025-02-25 16:21:00,2025-02-27 22:33:00,email,Feature Request,UI improvement,Low,Resolved,Negative,DataDash,Free,Latin America,English,Agent_006 (Raj P),"Can you add an option to export reports in Excel format, not just CSV?",Self-service guided,54.2,2.3,17.9,False,False,10,731,2025-02-26 10:15:00,17.9,36.300000000000004,54.2,72,1.0,16,Tuesday,Tarde (12-18),False,0.0,False
TKT-00711,2024-08-25 18:25:00,2024-08-27 05:07:00,whatsapp,Technical Issue,App crash,High,Resolved,Negative,SecureVault,Starter,Middle East,French,Agent_004 (Omar F),Performance has been extremely slow on my end. Pages take 20+ seconds to load.,Refund processed,34.7,2.6,10.1,False,False,5,969,2024-08-26 04:31:00,10.1,24.6,34.7,24,0.0,18,Sunday,Noche (18-24),False,10.700000000000003,False
TKT-00712,2024-11-21 14:21:00,2024-11-22 23:21:00,web_form,Delivery / Shipping,Missing package,Medium,Closed,Neutral,InvoiceFlow,Enterprise,North America,Japanese,Agent_009 (Yuki T),The tracking for order #87645 hasn't updated in 13 days.,Self-service guided,33.0,3.1,11.4,False,False,8,1321,2024-11-22 01:45:00,11.4,21.6,33.0,48,1.0,14,Thursday,Tarde (12-18),False,0.0,False
TKT-00713,2024-09-09 07:26:00,2024-09-12 09:56:00,web_form,Delivery / Shipping,Tracking issue,Medium,Resolved,Neutral,SecureVault,Starter,Europe,English,Agent_003 (Lena K),I received the wrong item in my package. Order #23304.,No action needed,74.5,3.7,2.2,False,False,8,427,2024-09-09 09:38:00,2.2,72.3,74.5,48,0.0,7,Monday,Mañana (06-12),False,26.5,False
TKT-00714,2024-01-20 11:24:00,,whatsapp,Account Access,2FA issue,Medium,In Progress,Negative,TaskBoard,Free,North America,English,Agent_005 (Sophie M),My account appears to be locked. I haven't violated any terms.,Refund processed,,,20.1,False,False,11,337,2024-01-21 07:30:00,20.1,,,48,,11,Saturday,Mañana (06-12),False,,False
TKT-00715,2024-11-03 07:13:00,2024-11-04 03:55:00,email,Technical Issue,Data sync issue,High,Resolved,Neutral,SecureVault,Free,North America,Japanese,Agent_008 (Daniel N),Performance has been extremely slow on my end. Pages take 20+ seconds to load.,Refund processed,20.7,4.0,0.7,False,False,9,460,2024-11-03 07:55:00,0.7,20.0,20.7,24,1.0,7,Sunday,Mañana (06-12),False,0.0,False
TKT-00716,2024-10-05 08:48:00,,whatsapp,Billing,Duplicate charge,Low,Open,Neutral,DataDash,Professional,North America,English,Agent_008 (Daniel N),I noticed an incorrect charge of $120.00 on my last bill. Can you look into invoice INV-5454?,Issue fixed by agent,,,1.2,False,False,12,544,2024-10-05 10:00:00,1.2,,,72,,8,Saturday,Mañana (06-12),False,,False
TKT-00717,2024-03-26 07:03:00,2024-04-01 21:15:00,phone,Billing,Incorrect amount,Low,Resolved,Positive,InvoiceFlow,Enterprise,North America,English,Agent_004 (Omar F),"Hi, I was charged $82.99 twice on Mar 03, 2025. My invoice is INV-7832. Please refund the duplicate.",,158.2,4.1,22.9,False,False,5,1028,2024-03-27 05:57:00,22.9,135.29999999999998,158.2,72,0.0,7,Tuesday,Mañana (06-12),False,86.19999999999999,False
TKT-00718,2024-04-08 22:53:00,,email,General Inquiry,Partnership,Critical,In Progress,Neutral,CloudSync Pro,Starter,North America,English,Agent_005 (Sophie M),Could you explain the difference between the Professional and Enterprise plans?,,,,18.8,False,False,11,634,2024-04-09 17:41:00,18.8,,,8,,22,Monday,Noche (18-24),False,,False
TKT-00719,2024-05-02 11:53:00,2024-05-03 12:59:00,phone,General Inquiry,Compatibility,High,Resolved,Very Negative,DataDash,Free,Middle East,Hindi,Agent_006 (Raj P),Where can I find documentation on setting up the API?,Issue fixed by agent,25.1,1.6,23.1,True,False,11,1023,2024-05-03 10:59:00,23.1,2.0,25.1,24,0.0,11,Thursday,Mañana (06-12),False,1.1000000000000014,False
TKT-00720,2024-08-31 09:58:00,2024-08-31 16:58:00,whatsapp,Technical Issue,Performance slow,Critical,Resolved,Negative,TaskBoard,Free,Latin America,English,Agent_003 (Lena K),The app keeps crashing when I try to upload a file. I'm on macOS Sonoma.,Issue fixed by agent,,2.8,,False,False,2,5,,,,,8,,9,Saturday,Mañana (06-12),False,,True
TKT-00721,2025-03-12 19:38:00,2025-03-14 09:56:00,web_form,Billing,Subscription upgrade,Medium,Closed,Negative,SecureVault,Professional,Europe,English,Agent_005 (Sophie M),I noticed an incorrect charge of $34.00 on my last bill. Can you look into invoice INV-2736?,Pending customer,38.3,2.9,20.5,False,False,11,177,2025-03-13 16:08:00,20.5,17.799999999999997,38.3,48,1.0,19,Wednesday,Noche (18-24),False,0.0,False
TKT-00722,2024-10-08 10:53:00,2024-10-09 20:53:00,email,Account Access,Email change,Medium,Resolved,Neutral,DataDash,Starter,North America,English,Agent_001 (Priya S),I need to update the email address associated with my account.,Issue fixed by agent,34.0,4.0,19.3,False,False,3,1099,2024-10-09 06:11:00,19.3,14.7,34.0,48,1.0,10,Tuesday,Mañana (06-12),False,0.0,False
TKT-00723,2024-06-07 16:00:00,2024-06-10 00:36:00,email,Billing,Invoice request,Medium,Resolved,Neutral,CloudSync Pro,Professional,Europe,English,Agent_005 (Sophie M),My payment of $448.00 failed but the amount was still deducted from my account.,Issue fixed by agent,56.6,3.6,2.9,False,False,2,1443,2024-06-07 18:54:00,2.9,53.7,56.6,48,0.0,16,Friday,Tarde (12-18),False,8.600000000000001,False
TKT-00724,2025-06-27 11:59:00,2025-07-03 22:53:00,web_form,Billing,Invoice request,Low,Closed,Negative,SecureVault,Starter,Europe,English,Agent_002 (James T),My payment of $65.99 failed but the amount was still deducted from my account.,No action needed,154.9,2.1,7.0,False,False,6,497,2025-06-27 18:59:00,7.0,147.9,154.9,72,0.0,11,Friday,Mañana (06-12),False,82.9,False
TKT-00725,2024-10-21 11:35:00,,web_form,Technical Issue,App crash,Medium,In Progress,Very Negative,TaskBoard,Free,Southeast Asia,English,Agent_005 (Sophie M),I'm unable to connect an integration since the latest update. Getting error code ERR-874.,No action needed,,,11.2,False,False,2,1368,2024-10-21 22:47:00,11.2,,,48,,11,Monday,Mañana (06-12),False,,False
TKT-00726,2024-12-05 17:22:00,2024-12-12 17:10:00,email,Billing,Payment failure,Low,Closed,Negative,InvoiceFlow,Enterprise,North America,German,Agent_006 (Raj P),My payment of $362.00 failed but the amount was still deducted from my account.,Issue fixed by agent,167.8,2.0,1.7,True,False,6,861,2024-12-05 19:04:00,1.7,166.10000000000002,167.8,72,0.0,17,Thursday,Tarde (12-18),False,95.80000000000001,False
TKT-00727,2024-03-11 16:37:00,2024-03-18 14:01:00,chat,Account Access,Password reset,Low,Resolved,Very Negative,SecureVault,Starter,North America,English,Agent_002 (James T),My account appears to be locked. I haven't violated any terms.,Escalated to engineering,165.4,1.3,11.1,False,False,3,662,2024-03-12 03:43:00,11.1,154.3,165.4,72,0.0,16,Monday,Tarde (12-18),False,93.4,False
TKT-00728,2025-04-10 11:19:00,2025-04-10 22:49:00,email,Refund / Return,Return request,High,Resolved,Negative,CloudSync Pro,Starter,North America,English,Agent_007 (Elena V),I want to return an item from order #32821 — it doesn't meet my needs.,Issue fixed by agent,11.5,2.0,6.7,False,False,1,490,2025-04-10 18:01:00,6.7,4.8,11.5,24,1.0,11,Thursday,Mañana (06-12),True,0.0,False
TKT-00729,2024-05-22 19:14:00,2024-05-24 13:50:00,phone,Complaint,Long wait time,Low,Resolved,Negative,DataDash,Starter,South Asia,Spanish,Agent_003 (Lena K),I've contacted support 3 times about the same issue and it's still unresolved.,Refund processed,42.6,2.0,2.2,False,False,3,245,2024-05-22 21:26:00,2.2,40.4,42.6,72,1.0,19,Wednesday,Noche (18-24),False,0.0,False
TKT-00730,2024-02-03 13:07:00,2024-02-10 01:55:00,email,Technical Issue,Data sync issue,Low,Resolved,Neutral,InvoiceFlow,Enterprise,Europe,English,Agent_002 (James T),I'm unable to upload a file since the latest update. Getting error code ERR-254.,Self-service guided,156.8,3.6,15.5,False,False,10,463,2024-02-04 04:37:00,15.5,141.3,156.8,72,0.0,13,Saturday,Tarde (12-18),False,84.80000000000001,False
TKT-00731,2025-01-20 15:44:00,,chat,Account Access,Email change,Medium,Open,Negative,InvoiceFlow,Professional,North America,English,Agent_002 (James T),I can't log in to my account. The password reset email is not arriving.,Pending customer,,,17.5,False,False,3,480,2025-01-21 09:14:00,17.5,,,48,,15,Monday,Tarde (12-18),False,,False
TKT-00732,2024-01-14 10:39:00,2024-01-16 01:57:00,chat,Billing,Payment failure,Medium,Resolved,Negative,TaskBoard,Starter,Southeast Asia,English,Agent_003 (Lena K),I noticed an incorrect charge of $351.99 on my last bill. Can you look into invoice INV-2315?,Issue fixed by agent,39.3,2.7,15.6,False,False,2,257,2024-01-15 02:15:00,15.6,23.699999999999996,39.3,48,1.0,10,Sunday,Mañana (06-12),False,0.0,False
TKT-00733,2024-09-08 09:43:00,2024-09-09 11:55:00,web_form,Billing,Invoice request,Medium,Closed,Negative,InvoiceFlow,Free,Europe,Spanish,Agent_006 (Raj P),Could you send me a detailed invoice for the period Apr–Jun 2024? I need it for tax purposes.,Issue fixed by agent,26.2,2.6,1.8,False,False,11,1059,2024-09-08 11:31:00,1.8,24.4,26.2,48,1.0,9,Sunday,Mañana (06-12),False,0.0,False
TKT-00734,2024-09-07 21:53:00,,whatsapp,Delivery / Shipping,Damaged item,Medium,In Progress,Negative,DataDash,Enterprise,North America,English,Agent_001 (Priya S),I received the wrong item in my package. Order #96337.,Policy exception granted,,,9.2,False,False,8,1097,2024-09-08 07:05:00,9.2,,,48,,21,Saturday,Noche (18-24),False,,False
TKT-00735,2024-02-12 10:06:00,,phone,Delivery / Shipping,Damaged item,Low,In Progress,Negative,InvoiceFlow,Professional,Europe,English,Agent_002 (James T),"My order #58339 was supposed to arrive on Dec 27, 2024 but it's still not here.",Refund processed,,,11.8,False,False,6,708,2024-02-12 21:54:00,11.8,,,72,,10,Monday,Mañana (06-12),False,,False
TKT-00736,2025-06-07 16:37:00,2025-06-08 14:13:00,chat,Technical Issue,Login error,High,Escalated,Neutral,DataDash,Enterprise,Europe,English,Agent_004 (Omar F),Performance has been extremely slow on my end. Pages take 20+ seconds to load.,Refund processed,,,,False,True,7,1094,,,,,24,,16,Saturday,Tarde (12-18),False,,True
TKT-00737,2024-11-23 07:39:00,2024-11-24 05:45:00,helpdesk_portal,General Inquiry,Plan comparison,High,Resolved,Neutral,TaskBoard,Professional,Southeast Asia,German,Agent_002 (James T),Where can I find documentation on setting up the API?,Policy exception granted,22.1,3.3,11.9,False,False,12,1433,2024-11-23 19:33:00,11.9,10.200000000000001,22.1,24,1.0,7,Saturday,Mañana (06-12),False,0.0,False
TKT-00738,2024-02-23 21:01:00,2024-02-25 05:43:00,email,Feature Request,Dark mode,Medium,Resolved,Neutral,DataDash,Enterprise,South Asia,English,Agent_005 (Sophie M),"Can you add an option to export reports in Excel format, not just CSV?",Escalated to engineering,32.7,3.1,22.1,False,False,12,912,2024-02-24 19:07:00,22.1,10.600000000000001,32.7,48,1.0,21,Friday,Noche (18-24),False,0.0,False
TKT-00739,2024-06-04 07:52:00,2024-06-11 12:34:00,chat,Billing,Duplicate charge,Low,Resolved,Negative,TaskBoard,Enterprise,Southeast Asia,English,Agent_001 (Priya S),My payment of $262.49 failed but the amount was still deducted from my account.,Issue fixed by agent,172.7,2.9,12.3,False,False,12,1107,2024-06-04 20:10:00,12.3,160.39999999999998,172.7,72,0.0,7,Tuesday,Mañana (06-12),False,100.69999999999999,False
TKT-00740,2024-05-16 07:35:00,,web_form,Feature Request,UI improvement,Medium,Open,Negative,CloudSync Pro,Starter,North America,Hindi,Agent_003 (Lena K),Is there any plan to expose an API for the reporting module?,Self-service guided,,,19.8,False,False,1,159,2024-05-17 03:23:00,19.8,,,48,,7,Thursday,Mañana (06-12),True,,False
TKT-00741,2025-06-20 08:18:00,2025-06-21 20:42:00,web_form,Billing,Duplicate charge,Medium,Resolved,Negative,TaskBoard,Professional,South Asia,English,Agent_009 (Yuki T),"Hi, I was charged $149.00 twice on Oct 05, 2024. My invoice is INV-4964. Please refund the duplicate.",Issue fixed by agent,36.4,2.5,15.7,False,False,11,445,2025-06-21 00:00:00,15.7,20.7,36.4,48,1.0,8,Friday,Mañana (06-12),False,0.0,False
TKT-00742,2025-05-13 21:35:00,,chat,Account Access,2FA issue,Medium,Open,Negative,CloudSync Pro,Free,South Asia,Japanese,Agent_004 (Omar F),I can't log in to my account. The password reset email is not arriving.,Self-service guided,,,2.3,False,False,7,869,2025-05-13 23:53:00,2.3,,,48,,21,Tuesday,Noche (18-24),False,,False
TKT-00743,2024-06-12 20:04:00,,chat,Complaint,Policy dissatisfaction,Medium,Open,Negative,InvoiceFlow,Starter,Middle East,German,Agent_005 (Sophie M),I've been waiting 7 days for a response. This is unacceptable.,Escalated to engineering,,,7.9,False,False,9,757,2024-06-13 03:58:00,7.9,,,48,,20,Wednesday,Noche (18-24),False,,False
TKT-00744,2025-05-08 17:35:00,2025-05-08 21:05:00,email,Technical Issue,Performance slow,Critical,Resolved,Very Negative,InvoiceFlow,Free,Southeast Asia,English,Agent_002 (James T),Performance has been extremely slow on my end. Pages take 20+ seconds to load.,Self-service guided,,1.2,,False,False,8,787,,,,,8,,17,Thursday,Tarde (12-18),False,,True
TKT-00745,2024-11-03 20:06:00,,email,Account Access,Account locked,Medium,In Progress,Negative,CloudSync Pro,Professional,Europe,English,Agent_009 (Yuki T),I can't log in to my account. The password reset email is not arriving.,Self-service guided,,,19.1,False,False,12,238,2024-11-04 15:12:00,19.1,,,48,,20,Sunday,Noche (18-24),False,,False
TKT-00746,2024-03-25 11:04:00,2024-03-25 20:34:00,chat,Billing,Incorrect amount,High,Resolved,Neutral,InvoiceFlow,Professional,Europe,English,Agent_006 (Raj P),My payment of $77.00 failed but the amount was still deducted from my account.,Issue fixed by agent,,3.9,,False,False,8,222,,,,,24,,11,Monday,Mañana (06-12),False,,True
TKT-00747,2024-07-18 16:49:00,2024-07-19 09:19:00,whatsapp,Technical Issue,App crash,High,Closed,Negative,DataDash,Starter,Europe,German,Agent_004 (Omar F),Performance has been extremely slow on my end. Pages take 20+ seconds to load.,Pending customer,,2.6,,False,False,10,1441,,,,,24,,16,Thursday,Tarde (12-18),False,,True
TKT-00748,2024-12-02 08:47:00,2024-12-08 01:53:00,chat,Billing,Duplicate charge,Low,Resolved,Negative,CloudSync Pro,Free,North America,French,Agent_001 (Priya S),"Hi, I was charged $208.99 twice on Jun 04, 2024. My invoice is INV-7865. Please refund the duplicate.",Pending customer,137.1,2.8,21.8,False,False,9,417,2024-12-03 06:35:00,21.8,115.3,137.1,72,0.0,8,Monday,Mañana (06-12),False,65.1,False
TKT-00749,2025-01-28 14:57:00,,chat,Technical Issue,Data sync issue,Low,In Progress,Negative,DataDash,Starter,North America,English,Agent_006 (Raj P),My data isn't syncing across devices. Last successful sync was 9 days ago.,No action needed,,,18.7,False,False,7,1104,2025-01-29 09:39:00,18.7,,,72,,14,Tuesday,Tarde (12-18),False,,False
TKT-00750,2024-05-24 07:34:00,,email,Technical Issue,Feature not working,High,In Progress,Negative,TaskBoard,Starter,South Asia,English,Agent_009 (Yuki T),The app keeps crashing when I try to upload a file. I'm on Android 14.,Escalated to engineering,,,21.1,False,False,11,416,2024-05-25 04:40:00,21.1,,,24,,7,Friday,Mañana (06-12),False,,False
TKT-00751,2024-07-24 07:05:00,,phone,Delivery / Shipping,Late delivery,High,In Progress,Negative,CloudSync Pro,Enterprise,Africa,English,Agent_007 (Elena V),"My order #79690 was supposed to arrive on Feb 23, 2024 but it's still not here.",Pending customer,,,12.7,False,False,4,688,2024-07-24 19:47:00,12.7,,,24,,7,Wednesday,Mañana (06-12),False,,False
TKT-00752,2025-03-30 20:27:00,2025-04-01 21:09:00,whatsapp,Delivery / Shipping,Tracking issue,Low,Closed,Neutral,InvoiceFlow,Professional,North America,English,Agent_009 (Yuki T),The tracking for order #18752 hasn't updated in 12 days.,Escalated to engineering,48.7,3.8,21.5,False,False,8,8,2025-03-31 17:57:00,21.5,27.200000000000003,48.7,72,1.0,20,Sunday,Noche (18-24),False,0.0,False
TKT-00753,2024-01-09 20:31:00,2024-01-11 10:19:00,web_form,Refund / Return,Policy inquiry,High,Escalated,Neutral,TaskBoard,Enterprise,North America,Japanese,Agent_007 (Elena V),What's the status of refund request #REF-8772? It's been 12 days.,No action needed,37.8,,17.6,False,True,1,213,2024-01-10 14:07:00,17.6,20.199999999999996,37.8,24,0.0,20,Tuesday,Noche (18-24),True,13.799999999999997,False
TKT-00754,2024-08-29 20:34:00,2024-09-01 04:28:00,email,Technical Issue,Performance slow,Medium,Closed,Negative,DataDash,Enterprise,Europe,Hindi,Agent_008 (Daniel N),The app keeps crashing when I try to connect an integration. I'm on iOS 17.,Issue fixed by agent,55.9,2.5,16.6,True,False,12,1409,2024-08-30 13:10:00,16.6,39.3,55.9,48,0.0,20,Thursday,Noche (18-24),False,7.899999999999999,False
TKT-00755,2024-01-01 21:18:00,2024-01-04 09:06:00,whatsapp,Billing,Incorrect amount,Medium,Resolved,Positive,TaskBoard,Professional,North America,French,Agent_007 (Elena V),My payment of $294.99 failed but the amount was still deducted from my account.,,59.8,4.3,13.2,False,False,9,757,2024-01-02 10:30:00,13.2,46.599999999999994,59.8,48,0.0,21,Monday,Noche (18-24),False,11.799999999999997,False
TKT-00756,2025-05-09 13:36:00,2025-05-10 12:36:00,web_form,Complaint,Rude agent,Medium,Closed,Neutral,SecureVault,Starter,Africa,English,Agent_009 (Yuki T),The agent I spoke to was dismissive and unhelpful. I'd like to escalate.,Self-service guided,23.0,3.8,0.2,False,False,5,553,2025-05-09 13:48:00,0.2,22.8,23.0,48,1.0,13,Friday,Tarde (12-18),False,0.0,False
TKT-00757,2024-07-19 07:07:00,2024-07-20 08:25:00,twitter_dm,Feature Request,Export options,Medium,Resolved,Negative,TaskBoard,Professional,Europe,French,Agent_006 (Raj P),A dark mode option would be greatly appreciated for late-night work sessions.,No action needed,25.3,3.0,4.0,False,False,7,1239,2024-07-19 11:07:00,4.0,21.3,25.3,48,1.0,7,Friday,Mañana (06-12),False,0.0,False
TKT-00758,2024-06-25 19:41:00,2024-07-01 13:59:00,whatsapp,Billing,Incorrect amount,Low,Resolved,Negative,SecureVault,Enterprise,North America,English,Agent_002 (James T),My payment of $364.99 failed but the amount was still deducted from my account.,Issue fixed by agent,138.3,2.4,16.0,False,False,7,1390,2024-06-26 11:41:00,16.0,122.30000000000001,138.3,72,0.0,19,Tuesday,Noche (18-24),False,66.30000000000001,False
TKT-00759,2024-03-08 15:24:00,2024-03-11 08:36:00,chat,Delivery / Shipping,Missing package,Medium,Resolved,Positive,SecureVault,Starter,Southeast Asia,Japanese,Agent_002 (James T),The tracking for order #92572 hasn't updated in 7 days.,Self-service guided,65.2,4.8,5.3,False,False,5,1061,2024-03-08 20:42:00,5.3,59.900000000000006,65.2,48,0.0,15,Friday,Tarde (12-18),False,17.200000000000003,False
TKT-00760,2025-02-22 13:42:00,2025-03-01 01:06:00,whatsapp,Technical Issue,Performance slow,Low,Closed,Very Negative,DataDash,Free,South Asia,Hindi,Agent_003 (Lena K),Performance has been extremely slow on my end. Pages take 20+ seconds to load.,No action needed,155.4,1.6,12.8,False,False,3,17,2025-02-23 02:30:00,12.8,142.6,155.4,72,0.0,13,Saturday,Tarde (12-18),False,83.4,False
TKT-00761,2024-11-18 15:40:00,2024-11-24 21:10:00,chat,Billing,Payment failure,Low,Escalated,Neutral,InvoiceFlow,Free,North America,English,Agent_007 (Elena V),"Hi, I was charged $128.99 twice on Jan 30, 2024. My invoice is INV-2039. Please refund the duplicate.",Pending customer,149.5,,7.3,False,True,11,379,2024-11-18 22:58:00,7.3,142.2,149.5,72,0.0,15,Monday,Tarde (12-18),False,77.5,False
TKT-00762,2025-05-18 17:12:00,,web_form,Complaint,Long wait time,Low,In Progress,Neutral,CloudSync Pro,Professional,Africa,French,Agent_007 (Elena V),I've been waiting 7 days for a response. This is unacceptable.,No action needed,,,20.2,False,False,3,1368,2025-05-19 13:24:00,20.2,,,72,,17,Sunday,Tarde (12-18),False,,False
TKT-00763,2025-03-17 08:51:00,2025-03-19 22:21:00,chat,Technical Issue,App crash,Medium,Resolved,Negative,InvoiceFlow,Professional,South Asia,English,Agent_001 (Priya S),I'm unable to invite a team member since the latest update. Getting error code ERR-420.,Escalated to engineering,61.5,2.5,13.1,False,False,8,410,2025-03-17 21:57:00,13.1,48.4,61.5,48,0.0,8,Monday,Mañana (06-12),False,13.5,False
TKT-00764,2024-06-19 20:16:00,2024-06-26 15:22:00,chat,Technical Issue,Login error,Low,Closed,Positive,TaskBoard,Enterprise,South Asia,English,Agent_007 (Elena V),My data isn't syncing across devices. Last successful sync was 2 days ago.,Pending customer,163.1,4.1,20.0,False,False,4,1267,2024-06-20 16:16:00,20.0,143.1,163.1,72,0.0,20,Wednesday,Noche (18-24),False,91.1,False
TKT-00765,2024-05-08 20:28:00,2024-05-09 02:10:00,web_form,Feature Request,New integration,Critical,Resolved,Negative,CloudSync Pro,Professional,Europe,Spanish,Agent_005 (Sophie M),"Can you add an option to export reports in Excel format, not just CSV?",Policy exception granted,,2.6,,False,False,1,1392,,,,,8,,20,Wednesday,Noche (18-24),True,,True
TKT-00766,2024-12-05 16:37:00,,chat,Billing,Duplicate charge,Low,Open,Negative,CloudSync Pro,Professional,Europe,English,Agent_006 (Raj P),My payment of $326.49 failed but the amount was still deducted from my account.,Issue fixed by agent,,,16.0,False,False,8,244,2024-12-06 08:37:00,16.0,,,72,,16,Thursday,Tarde (12-18),False,,False
TKT-00767,2024-03-06 21:13:00,,whatsapp,Feature Request,Export options,Low,In Progress,Positive,InvoiceFlow,Enterprise,Africa,English,Agent_008 (Daniel N),It would be really helpful if DataDash supported direct integration with Slack.,Self-service guided,,,13.7,True,False,6,907,2024-03-07 10:55:00,13.7,,,72,,21,Wednesday,Noche (18-24),False,,False
TKT-00768,2024-03-23 18:55:00,,chat,Billing,Incorrect amount,Medium,Open,Very Negative,CloudSync Pro,Professional,North America,English,Agent_006 (Raj P),"Hi, I was charged $135.49 twice on Nov 21, 2024. My invoice is INV-1837. Please refund the duplicate.",Self-service guided,,,21.3,False,False,5,1307,2024-03-24 16:13:00,21.3,,,48,,18,Saturday,Noche (18-24),False,,False
TKT-00769,2024-07-29 15:26:00,2024-08-04 06:02:00,web_form,Technical Issue,Feature not working,Low,Resolved,Negative,DataDash,Starter,Europe,English,Agent_006 (Raj P),Performance has been extremely slow on my end. Pages take 20+ seconds to load.,Escalated to engineering,134.6,2.4,1.8,False,False,6,206,2024-07-29 17:14:00,1.8,132.79999999999998,134.6,72,0.0,15,Monday,Tarde (12-18),False,62.599999999999994,False
TKT-00770,2024-07-20 09:56:00,2024-07-26 10:14:00,web_form,Technical Issue,Feature not working,Low,Resolved,Positive,CloudSync Pro,Starter,North America,English,Agent_008 (Daniel N),The app keeps crashing when I try to upload a file. I'm on iOS 17.,Issue fixed by agent,144.3,4.5,12.3,False,False,11,996,2024-07-20 22:14:00,12.3,132.0,144.3,72,0.0,9,Saturday,Mañana (06-12),False,72.30000000000001,False
TKT-00771,2024-09-04 15:35:00,2024-09-08 08:11:00,email,Account Access,Password reset,Low,Resolved,Positive,CloudSync Pro,Free,Southeast Asia,English,Agent_001 (Priya S),I'm having trouble with 2FA — the codes aren't working on my new phone.,Issue fixed by agent,88.6,4.4,22.4,False,False,8,291,2024-09-05 13:59:00,22.4,66.19999999999999,88.6,72,0.0,15,Wednesday,Tarde (12-18),False,16.599999999999994,False
TKT-00772,2025-05-28 20:48:00,,chat,Feature Request,Export options,Medium,Open,Negative,CloudSync Pro,Free,Europe,German,Agent_008 (Daniel N),Is there any plan to expose an API for the reporting module?,Escalated to engineering,,,8.8,False,False,2,401,2025-05-29 05:36:00,8.8,,,48,,20,Wednesday,Noche (18-24),False,,False
TKT-00773,2025-01-24 09:19:00,2025-01-25 02:49:00,web_form,Account Access,Email change,High,Resolved,Negative,SecureVault,Free,North America,Japanese,Agent_007 (Elena V),I need to update the email address associated with my account.,Issue fixed by agent,17.5,2.2,16.1,False,False,5,1048,2025-01-25 01:25:00,16.1,1.3999999999999986,17.5,24,1.0,9,Friday,Mañana (06-12),False,0.0,False
TKT-00774,2025-01-31 22:59:00,2025-02-01 18:35:00,email,Technical Issue,Feature not working,Medium,Closed,Very Negative,CloudSync Pro,Starter,Africa,English,Agent_003 (Lena K),I'm unable to connect an integration since the latest update. Getting error code ERR-511.,Refund processed,19.6,1.8,17.0,False,False,2,1355,2025-02-01 15:59:00,17.0,2.6000000000000014,19.6,48,1.0,22,Friday,Noche (18-24),False,0.0,False
TKT-00775,2024-03-24 21:10:00,2024-03-26 00:22:00,email,Feature Request,Export options,Medium,Resolved,Positive,CloudSync Pro,Enterprise,North America,German,Agent_007 (Elena V),A dark mode option would be greatly appreciated for late-night work sessions.,Refund processed,27.2,4.3,10.8,False,False,12,1067,2024-03-25 07:58:00,10.8,16.4,27.2,48,1.0,21,Sunday,Noche (18-24),False,0.0,False
TKT-00776,2024-10-12 20:50:00,2024-10-13 15:32:00,email,Feature Request,API access,High,Resolved,Negative,InvoiceFlow,Free,South Asia,Arabic,Agent_001 (Priya S),A dark mode option would be greatly appreciated for late-night work sessions.,Issue fixed by agent,18.7,3.0,4.9,False,False,10,945,2024-10-13 01:44:00,4.9,13.799999999999999,18.7,24,1.0,20,Saturday,Noche (18-24),False,0.0,False
TKT-00777,2025-06-03 09:05:00,2025-06-05 20:23:00,whatsapp,Complaint,Rude agent,Medium,Closed,Negative,TaskBoard,Free,Southeast Asia,Hindi,Agent_002 (James T),I've been waiting 3 days for a response. This is unacceptable.,Policy exception granted,59.3,2.1,5.4,False,False,4,864,2025-06-03 14:29:00,5.4,53.9,59.3,48,0.0,9,Tuesday,Mañana (06-12),False,11.299999999999997,False
TKT-00778,2024-09-05 22:43:00,2024-09-06 11:55:00,web_form,General Inquiry,Compatibility,High,Resolved,Neutral,TaskBoard,Professional,Europe,English,Agent_007 (Elena V),Where can I find documentation on setting up the API?,Pending customer,13.2,3.5,6.8,False,False,10,1295,2024-09-06 05:31:00,6.8,6.3999999999999995,13.2,24,1.0,22,Thursday,Noche (18-24),False,0.0,False
TKT-00779,2024-03-09 15:53:00,2024-03-10 15:41:00,whatsapp,Billing,Invoice request,High,Closed,Very Negative,CloudSync Pro,Free,Middle East,German,Agent_003 (Lena K),I noticed an incorrect charge of $468.00 on my last bill. Can you look into invoice INV-4078?,Pending customer,23.8,1.3,19.8,False,False,9,516,2024-03-10 11:41:00,19.8,4.0,23.8,24,1.0,15,Saturday,Tarde (12-18),False,0.0,False
TKT-00780,2024-02-17 20:44:00,2024-02-23 08:02:00,chat,Technical Issue,Performance slow,Low,Closed,Negative,InvoiceFlow,Professional,North America,English,Agent_006 (Raj P),My data isn't syncing across devices. Last successful sync was 12 days ago.,Self-service guided,131.3,2.4,1.6,False,False,4,1274,2024-02-17 22:20:00,1.6,129.70000000000002,131.3,72,0.0,20,Saturday,Noche (18-24),False,59.30000000000001,False
TKT-00781,2024-06-24 12:47:00,2024-06-25 01:59:00,chat,Account Access,2FA issue,Critical,Resolved,Negative,CloudSync Pro,Starter,Europe,English,Agent_009 (Yuki T),I can't log in to my account. The password reset email is not arriving.,Self-service guided,13.2,2.1,13.1,False,False,5,595,2024-06-25 01:53:00,13.1,0.09999999999999964,13.2,8,0.0,12,Monday,Tarde (12-18),False,5.199999999999999,False
TKT-00782,2024-01-08 16:28:00,2024-01-12 15:40:00,email,Technical Issue,App crash,Low,Closed,Very Negative,CloudSync Pro,Professional,South Asia,English,Agent_008 (Daniel N),The app keeps crashing when I try to invite a team member. I'm on macOS Sonoma.,No action needed,95.2,1.5,4.7,False,False,12,134,2024-01-08 21:10:00,4.7,90.5,95.2,72,0.0,16,Monday,Tarde (12-18),False,23.200000000000003,False
TKT-00783,2025-01-29 09:42:00,2025-02-01 20:36:00,web_form,General Inquiry,Pricing info,Medium,Closed,Neutral,CloudSync Pro,Enterprise,Middle East,French,Agent_005 (Sophie M),Could you explain the difference between the Professional and Enterprise plans?,No action needed,82.9,3.5,17.1,False,False,11,868,2025-01-30 02:48:00,17.1,65.80000000000001,82.9,48,0.0,9,Wednesday,Mañana (06-12),False,34.900000000000006,False
TKT-00784,2024-01-17 14:50:00,,helpdesk_portal,Feature Request,UI improvement,High,In Progress,Negative,InvoiceFlow,Starter,North America,French,Agent_005 (Sophie M),"Can you add an option to export reports in Excel format, not just CSV?",No action needed,,,4.9,False,False,9,1104,2024-01-17 19:44:00,4.9,,,24,,14,Wednesday,Tarde (12-18),False,,False
TKT-00785,2025-01-05 16:11:00,2025-01-05 22:35:00,chat,Feature Request,Dark mode,Critical,Resolved,Neutral,CloudSync Pro,Professional,Latin America,Hindi,Agent_007 (Elena V),"Can you add an option to export reports in Excel format, not just CSV?",Refund processed,,4.0,,False,False,9,1273,,,,,8,,16,Sunday,Tarde (12-18),False,,True
TKT-00786,2024-11-30 13:20:00,2024-12-03 02:38:00,chat,Complaint,Policy dissatisfaction,Medium,Closed,Very Negative,TaskBoard,Starter,Middle East,Arabic,Agent_009 (Yuki T),Your refund policy is very unfair. I'm considering leaving the platform.,Self-service guided,61.3,1.6,22.8,False,False,5,584,2024-12-01 12:08:00,22.8,38.5,61.3,48,0.0,13,Saturday,Tarde (12-18),False,13.299999999999997,False
TKT-00787,2025-04-13 07:55:00,2025-04-16 16:07:00,whatsapp,Delivery / Shipping,Tracking issue,Medium,Resolved,Negative,SecureVault,Professional,Europe,English,Agent_001 (Priya S),"My order #23451 was supposed to arrive on Mar 26, 2025 but it's still not here.",Escalated to engineering,80.2,2.5,8.7,False,False,6,1,2025-04-13 16:37:00,8.7,71.5,80.2,48,0.0,7,Sunday,Mañana (06-12),False,32.2,False
TKT-00788,2024-10-17 13:23:00,2024-10-22 17:17:00,chat,Feature Request,API access,Low,Resolved,Negative,CloudSync Pro,Professional,North America,Hindi,Agent_007 (Elena V),A dark mode option would be greatly appreciated for late-night work sessions.,Issue fixed by agent,123.9,2.0,19.8,False,False,5,365,2024-10-18 09:11:00,19.8,104.10000000000001,123.9,72,0.0,13,Thursday,Tarde (12-18),False,51.900000000000006,False
TKT-00789,2024-09-03 17:55:00,2024-09-06 14:43:00,email,Refund / Return,Refund status,Medium,Resolved,Negative,InvoiceFlow,Enterprise,Africa,Japanese,Agent_008 (Daniel N),What's the status of refund request #REF-7671? It's been 12 days.,Self-service guided,68.8,2.7,4.8,False,False,4,39,2024-09-03 22:43:00,4.8,64.0,68.8,48,0.0,17,Tuesday,Tarde (12-18),False,20.799999999999997,False
TKT-00790,2024-10-28 18:09:00,2024-11-04 16:39:00,chat,Delivery / Shipping,Tracking issue,Low,Closed,Very Negative,CloudSync Pro,Starter,South Asia,Japanese,Agent_006 (Raj P),The tracking for order #35467 hasn't updated in 8 days.,Issue fixed by agent,166.5,1.3,16.4,False,False,10,529,2024-10-29 10:33:00,16.4,150.1,166.5,72,0.0,18,Monday,Noche (18-24),False,94.5,False
TKT-00791,2024-03-31 22:45:00,2024-04-02 09:45:00,twitter_dm,Technical Issue,App crash,High,Closed,Negative,CloudSync Pro,Free,North America,English,Agent_004 (Omar F),My data isn't syncing across devices. Last successful sync was 9 days ago.,Escalated to engineering,35.0,2.4,22.6,False,False,6,1427,2024-04-01 21:21:00,22.6,12.399999999999999,35.0,24,0.0,22,Sunday,Noche (18-24),False,11.0,False
TKT-00792,2024-10-20 14:18:00,2024-10-23 20:42:00,chat,Billing,Payment failure,Medium,Closed,Very Negative,InvoiceFlow,Starter,Middle East,Spanish,Agent_004 (Omar F),I noticed an incorrect charge of $305.49 on my last bill. Can you look into invoice INV-8309?,Issue fixed by agent,78.4,1.6,6.8,False,False,3,47,2024-10-20 21:06:00,6.8,71.60000000000001,78.4,48,0.0,14,Sunday,Tarde (12-18),False,30.400000000000006,False
TKT-00793,2024-07-31 08:39:00,,email,Complaint,Repeat issue,Medium,Open,Negative,InvoiceFlow,Starter,Europe,German,Agent_007 (Elena V),I've been waiting 7 days for a response. This is unacceptable.,Escalated to engineering,,,8.3,False,False,6,1341,2024-07-31 16:57:00,8.3,,,48,,8,Wednesday,Mañana (06-12),False,,False
TKT-00794,2024-01-14 08:16:00,,chat,Feature Request,API access,Medium,In Progress,Neutral,CloudSync Pro,Enterprise,South Asia,English,Agent_007 (Elena V),It would be really helpful if TaskBoard supported direct integration with HubSpot.,Policy exception granted,,,20.0,False,False,2,1122,2024-01-15 04:16:00,20.0,,,48,,8,Sunday,Mañana (06-12),False,,False
TKT-00795,2024-04-05 20:32:00,2024-04-06 20:08:00,email,Billing,Duplicate charge,High,Closed,Negative,DataDash,Starter,Africa,German,Agent_005 (Sophie M),My payment of $373.49 failed but the amount was still deducted from my account.,Self-service guided,23.6,2.0,15.4,True,False,12,337,2024-04-06 11:56:00,15.4,8.200000000000001,23.6,24,1.0,20,Friday,Noche (18-24),False,0.0,False
TKT-00796,2025-03-08 12:58:00,,helpdesk_portal,Delivery / Shipping,Wrong item,Medium,In Progress,Positive,InvoiceFlow,Enterprise,Europe,English,Agent_008 (Daniel N),"My order #50308 was supposed to arrive on Dec 29, 2024 but it's still not here.",Escalated to engineering,,,5.2,False,False,2,519,2025-03-08 18:10:00,5.2,,,48,,12,Saturday,Tarde (12-18),False,,False
TKT-00797,2024-06-19 14:50:00,,email,Account Access,Account deletion,High,In Progress,Neutral,CloudSync Pro,Free,Europe,Hindi,Agent_003 (Lena K),I need to update the email address associated with my account.,Issue fixed by agent,,,23.3,False,False,2,1036,2024-06-20 14:08:00,23.3,,,24,,14,Wednesday,Tarde (12-18),False,,False
TKT-00798,2025-06-23 18:40:00,2025-06-26 06:52:00,chat,Feature Request,New integration,Low,Resolved,Negative,CloudSync Pro,Starter,Africa,Spanish,Agent_003 (Lena K),Is there any plan to expose an API for the reporting module?,Policy exception granted,60.2,2.4,8.3,False,False,4,1102,2025-06-24 02:58:00,8.3,51.900000000000006,60.2,72,1.0,18,Monday,Noche (18-24),False,0.0,False
TKT-00799,2025-06-29 09:52:00,2025-06-30 02:10:00,web_form,Billing,Invoice request,High,Resolved,Negative,TaskBoard,Professional,South Asia,English,Agent_001 (Priya S),I noticed an incorrect charge of $137.00 on my last bill. Can you look into invoice INV-6107?,Issue fixed by agent,16.3,2.1,7.6,False,False,4,605,2025-06-29 17:28:00,7.6,8.700000000000001,16.3,24,1.0,9,Sunday,Mañana (06-12),False,0.0,False
TKT-00800,2024-02-09 13:03:00,,chat,Billing,Payment failure,Low,Open,Negative,CloudSync Pro,Professional,Europe,Spanish,Agent_009 (Yuki T),My payment of $10.49 failed but the amount was still deducted from my account.,Self-service guided,,,16.0,False,False,8,834,2024-02-10 05:03:00,16.0,,,72,,13,Friday,Tarde (12-18),False,,False
TKT-00801,2025-02-20 15:21:00,2025-02-21 04:15:00,whatsapp,Delivery / Shipping,Tracking issue,High,Closed,Neutral,DataDash,Free,Africa,Japanese,Agent_006 (Raj P),The item I received is damaged. I need a replacement or refund for order #12263.,Issue fixed by agent,12.9,3.2,6.1,False,False,2,829,2025-02-20 21:27:00,6.1,6.800000000000001,12.9,24,1.0,15,Thursday,Tarde (12-18),False,0.0,False
TKT-00802,2025-01-25 11:01:00,,phone,Account Access,Account deletion,Medium,In Progress,Negative,InvoiceFlow,Professional,South Asia,English,Agent_006 (Raj P),My account appears to be locked. I haven't violated any terms.,Self-service guided,,,13.3,False,False,12,413,2025-01-26 00:19:00,13.3,,,48,,11,Saturday,Mañana (06-12),False,,False
TKT-00803,2024-05-05 11:39:00,2024-05-09 01:57:00,chat,Billing,Payment failure,Low,Resolved,Very Negative,SecureVault,Starter,North America,English,Agent_008 (Daniel N),My payment of $100.99 failed but the amount was still deducted from my account.,Refund processed,86.3,1.8,20.0,False,False,7,735,2024-05-06 07:39:00,20.0,66.3,86.3,72,0.0,11,Sunday,Mañana (06-12),False,14.299999999999997,False
TKT-00804,2025-05-29 17:27:00,2025-05-30 13:57:00,email,Refund / Return,Return request,High,Escalated,Neutral,DataDash,Enterprise,Latin America,Hindi,Agent_003 (Lena K),I was overcharged and would like a partial refund for the difference.,Issue fixed by agent,20.5,,17.5,False,True,7,1428,2025-05-30 10:57:00,17.5,3.0,20.5,24,1.0,17,Thursday,Tarde (12-18),False,0.0,False
TKT-00805,2024-03-31 10:51:00,,whatsapp,Complaint,Rude agent,Critical,In Progress,Negative,CloudSync Pro,Free,South Asia,Arabic,Agent_002 (James T),Your refund policy is very unfair. I'm considering leaving the platform.,Refund processed,,,20.6,False,False,6,504,2024-04-01 07:27:00,20.6,,,8,,10,Sunday,Mañana (06-12),False,,False
TKT-00806,2025-03-27 11:35:00,2025-03-27 17:29:00,helpdesk_portal,Account Access,2FA issue,Critical,Resolved,Negative,InvoiceFlow,Starter,Southeast Asia,German,Agent_009 (Yuki T),I can't log in to my account. The password reset email is not arriving.,Issue fixed by agent,,2.9,,False,False,11,1083,,,,,8,,11,Thursday,Mañana (06-12),False,,True
TKT-00807,2024-06-11 12:45:00,2024-06-13 21:21:00,web_form,Delivery / Shipping,Late delivery,Medium,Resolved,Very Negative,InvoiceFlow,Free,South Asia,Japanese,Agent_005 (Sophie M),"My order #65980 was supposed to arrive on Jun 06, 2024 but it's still not here.",Issue fixed by agent,56.6,1.7,20.0,False,False,7,1309,2024-06-12 08:45:00,20.0,36.6,56.6,48,0.0,12,Tuesday,Tarde (12-18),False,8.600000000000001,False
TKT-00808,2024-05-30 09:14:00,2024-06-03 00:44:00,web_form,Account Access,Account locked,Low,Resolved,Very Negative,TaskBoard,Enterprise,North America,Hindi,Agent_008 (Daniel N),I can't log in to my account. The password reset email is not arriving.,Self-service guided,87.5,2.0,9.3,False,False,3,878,2024-05-30 18:32:00,9.3,78.2,87.5,72,0.0,9,Thursday,Mañana (06-12),False,15.5,False
TKT-00809,2024-03-14 18:49:00,2024-03-15 23:19:00,chat,Account Access,2FA issue,High,Resolved,Very Negative,TaskBoard,Starter,South Asia,English,Agent_004 (Omar F),I can't log in to my account. The password reset email is not arriving.,No action needed,28.5,1.1,2.7,False,False,1,176,2024-03-14 21:31:00,2.7,25.8,28.5,24,0.0,18,Thursday,Noche (18-24),True,4.5,False
TKT-00810,2024-06-20 22:24:00,2024-06-22 21:54:00,chat,Delivery / Shipping,Late delivery,Medium,Resolved,Negative,CloudSync Pro,Free,Europe,Hindi,Agent_007 (Elena V),The item I received is damaged. I need a replacement or refund for order #82554.,Self-service guided,47.5,2.8,8.1,False,False,12,496,2024-06-21 06:30:00,8.1,39.4,47.5,48,1.0,22,Thursday,Noche (18-24),False,0.0,False
TKT-00811,2025-02-06 08:39:00,2025-02-07 21:09:00,email,Technical Issue,Feature not working,High,Escalated,Negative,DataDash,Starter,Africa,Arabic,Agent_003 (Lena K),Performance has been extremely slow on my end. Pages take 20+ seconds to load.,Refund processed,36.5,,14.4,False,True,9,715,2025-02-06 23:03:00,14.4,22.1,36.5,24,0.0,8,Thursday,Mañana (06-12),False,12.5,False
TKT-00812,2024-08-10 14:55:00,,email,Technical Issue,App crash,High,In Progress,Very Negative,DataDash,Free,Southeast Asia,Arabic,Agent_004 (Omar F),My data isn't syncing across devices. Last successful sync was 4 days ago.,Self-service guided,,,11.5,False,False,5,810,2024-08-11 02:25:00,11.5,,,24,,14,Saturday,Tarde (12-18),False,,False
TKT-00813,2024-03-07 21:30:00,,phone,Billing,Payment failure,Medium,Open,Very Negative,DataDash,Professional,Europe,French,Agent_009 (Yuki T),My payment of $40.00 failed but the amount was still deducted from my account.,Refund processed,,,12.5,False,False,4,1060,2024-03-08 10:00:00,12.5,,,48,,21,Thursday,Noche (18-24),False,,False
TKT-00814,2024-09-26 13:40:00,2024-09-29 19:46:00,whatsapp,Delivery / Shipping,Wrong item,Medium,Resolved,Negative,DataDash,Professional,Europe,English,Agent_001 (Priya S),The tracking for order #44816 hasn't updated in 13 days.,Self-service guided,78.1,2.4,22.8,False,False,2,709,2024-09-27 12:28:00,22.8,55.3,78.1,48,0.0,13,Thursday,Tarde (12-18),False,30.099999999999994,False
TKT-00815,2024-09-26 14:42:00,2024-09-27 13:54:00,whatsapp,Billing,Payment failure,Medium,Escalated,Negative,InvoiceFlow,Enterprise,North America,English,Agent_008 (Daniel N),Could you send me a detailed invoice for the period Oct–Dec 2024? I need it for tax purposes.,No action needed,23.2,,2.4,False,True,11,767,2024-09-26 17:06:00,2.4,20.8,23.2,48,1.0,14,Thursday,Tarde (12-18),False,0.0,False
TKT-00816,2024-12-18 22:47:00,,whatsapp,Account Access,Account deletion,Medium,In Progress,Neutral,CloudSync Pro,Starter,Europe,Spanish,Agent_007 (Elena V),I'm having trouble with 2FA — the codes aren't working on my new phone.,Refund processed,,,9.9,False,False,12,1342,2024-12-19 08:41:00,9.9,,,48,,22,Wednesday,Noche (18-24),False,,False
TKT-00817,2025-05-19 22:46:00,2025-05-23 03:04:00,twitter_dm,Delivery / Shipping,Wrong item,Medium,Resolved,Negative,DataDash,Enterprise,North America,English,Agent_007 (Elena V),The item I received is damaged. I need a replacement or refund for order #14860.,Issue fixed by agent,76.3,2.0,14.6,False,False,1,160,2025-05-20 13:22:00,14.6,61.699999999999996,76.3,48,0.0,22,Monday,Noche (18-24),True,28.299999999999997,False
TKT-00818,2025-05-15 20:44:00,2025-05-18 09:44:00,chat,Account Access,Account deletion,Medium,Closed,Positive,TaskBoard,Free,Europe,Hindi,Agent_006 (Raj P),I'm having trouble with 2FA — the codes aren't working on my new phone.,Refund processed,61.0,4.4,6.1,False,False,7,997,2025-05-16 02:50:00,6.1,54.9,61.0,48,0.0,20,Thursday,Noche (18-24),False,13.0,False
TKT-00819,2024-03-28 13:14:00,2024-03-31 16:56:00,chat,Complaint,Long wait time,Medium,Resolved,Negative,InvoiceFlow,Professional,Europe,English,Agent_005 (Sophie M),I've contacted support 3 times about the same issue and it's still unresolved.,Issue fixed by agent,75.7,2.4,20.4,False,False,6,983,2024-03-29 09:38:00,20.4,55.300000000000004,75.7,48,0.0,13,Thursday,Tarde (12-18),False,27.700000000000003,False
TKT-00820,2024-01-12 08:58:00,2024-01-13 07:34:00,twitter_dm,Delivery / Shipping,Wrong item,High,Closed,Negative,SecureVault,Starter,Latin America,English,Agent_007 (Elena V),The item I received is damaged. I need a replacement or refund for order #97738.,,22.6,2.9,11.4,False,False,5,1450,2024-01-12 20:22:00,11.4,11.200000000000001,22.6,24,1.0,8,Friday,Mañana (06-12),False,0.0,False
TKT-00821,2024-06-19 09:16:00,2024-06-24 15:28:00,email,Delivery / Shipping,Wrong item,Low,Closed,Very Negative,InvoiceFlow,Professional,Europe,English,Agent_002 (James T),The item I received is damaged. I need a replacement or refund for order #61683.,Issue fixed by agent,126.2,2.0,15.1,False,False,6,1434,2024-06-20 00:22:00,15.1,111.10000000000001,126.2,72,0.0,9,Wednesday,Mañana (06-12),False,54.2,False
TKT-00822,2024-12-16 09:13:00,2024-12-18 06:43:00,web_form,Billing,Invoice request,Medium,Resolved,Very Negative,SecureVault,Free,North America,Hindi,Agent_008 (Daniel N),I noticed an incorrect charge of $266.00 on my last bill. Can you look into invoice INV-3365?,Pending customer,45.5,1.8,12.9,False,False,8,165,2024-12-16 22:07:00,12.9,32.6,45.5,48,1.0,9,Monday,Mañana (06-12),False,0.0,False
TKT-00823,2025-03-29 12:34:00,2025-03-30 21:28:00,chat,Technical Issue,Feature not working,Medium,Escalated,Neutral,CloudSync Pro,Starter,South Asia,Japanese,Agent_009 (Yuki T),The app keeps crashing when I try to invite a team member. I'm on macOS Sonoma.,Issue fixed by agent,32.9,,2.7,False,True,8,773,2025-03-29 15:16:00,2.7,30.2,32.9,48,1.0,12,Saturday,Tarde (12-18),False,0.0,False
TKT-00824,2025-06-20 19:35:00,2025-06-21 17:11:00,email,Billing,Payment failure,Medium,Resolved,Positive,DataDash,Professional,Middle East,English,Agent_002 (James T),"Hi, I was charged $261.49 twice on Aug 15, 2024. My invoice is INV-1732. Please refund the duplicate.",Issue fixed by agent,21.6,4.3,14.2,False,False,1,662,2025-06-21 09:47:00,14.2,7.400000000000002,21.6,48,1.0,19,Friday,Noche (18-24),True,0.0,False
TKT-00825,2024-01-16 14:19:00,2024-01-17 17:43:00,whatsapp,Delivery / Shipping,Late delivery,Medium,Resolved,Neutral,DataDash,Professional,Africa,Japanese,Agent_007 (Elena V),The tracking for order #61283 hasn't updated in 10 days.,No action needed,27.4,3.5,4.3,False,False,4,138,2024-01-16 18:37:00,4.3,23.099999999999998,27.4,48,1.0,14,Tuesday,Tarde (12-18),False,0.0,False
TKT-00826,2024-01-26 21:23:00,,email,Feature Request,UI improvement,Medium,In Progress,Negative,SecureVault,Starter,Latin America,English,Agent_004 (Omar F),It would be really helpful if CloudSync Pro supported direct integration with Zapier.,No action needed,,,10.8,False,False,6,173,2024-01-27 08:11:00,10.8,,,48,,21,Friday,Noche (18-24),False,,False
TKT-00827,2024-03-31 11:58:00,2024-04-02 21:04:00,helpdesk_portal,Account Access,Account locked,Medium,Resolved,Neutral,TaskBoard,Free,Southeast Asia,German,Agent_003 (Lena K),I can't log in to my account. The password reset email is not arriving.,Pending customer,57.1,3.1,11.7,True,False,1,708,2024-03-31 23:40:00,11.7,45.400000000000006,57.1,48,0.0,11,Sunday,Mañana (06-12),True,9.100000000000001,False
TKT-00828,2024-08-25 17:13:00,2024-08-27 04:25:00,chat,Technical Issue,Feature not working,Medium,Resolved,Positive,CloudSync Pro,Enterprise,North America,English,Unassigned,Performance has been extremely slow on my end. Pages take 20+ seconds to load.,Issue fixed by agent,35.2,4.3,,False,False,12,1203,,,,35.2,48,1.0,17,Sunday,Tarde (12-18),False,0.0,False
TKT-00829,2025-03-06 21:21:00,2025-03-10 09:03:00,email,Refund / Return,Refund status,Medium,Closed,Negative,TaskBoard,Starter,South Asia,English,Agent_002 (James T),I want to return an item from order #25344 — it doesn't meet my needs.,Refund processed,83.7,3.0,9.3,False,False,5,333,2025-03-07 06:39:00,9.3,74.4,83.7,48,0.0,21,Thursday,Noche (18-24),False,35.7,False
TKT-00830,2024-02-22 22:36:00,2024-02-25 02:36:00,chat,Account Access,2FA issue,Medium,Resolved,Very Negative,SecureVault,Professional,Middle East,English,Agent_008 (Daniel N),I need to update the email address associated with my account.,Issue fixed by agent,52.0,1.3,8.2,False,False,11,51,2024-02-23 06:48:00,8.2,43.8,52.0,48,0.0,22,Thursday,Noche (18-24),False,4.0,False
TKT-00831,2024-07-05 20:04:00,,chat,Delivery / Shipping,Wrong item,Medium,In Progress,Negative,InvoiceFlow,Starter,South Asia,Spanish,Agent_004 (Omar F),I received the wrong item in my package. Order #15358.,Refund processed,,,3.5,False,False,8,1207,2024-07-05 23:34:00,3.5,,,48,,20,Friday,Noche (18-24),False,,False
TKT-00832,2025-03-05 12:11:00,2025-03-06 17:17:00,web_form,Billing,Duplicate charge,High,Resolved,Very Negative,InvoiceFlow,Enterprise,North America,Japanese,Agent_002 (James T),Could you send me a detailed invoice for the period Apr–Jun 2024? I need it for tax purposes.,Refund processed,29.1,1.3,9.2,False,False,12,57,2025-03-05 21:23:00,9.2,19.900000000000002,29.1,24,0.0,12,Wednesday,Tarde (12-18),False,5.100000000000001,False
TKT-00833,2025-02-05 17:49:00,2025-02-05 22:31:00,chat,Refund / Return,Return request,Critical,Escalated,Negative,CloudSync Pro,Enterprise,North America,English,Agent_002 (James T),I'd like to request a full refund for my recent purchase. Order #79607.,Self-service guided,,,,False,True,6,503,,,,,8,,17,Wednesday,Tarde (12-18),False,,True
TKT-00834,2024-11-27 14:28:00,2024-11-27 22:22:00,chat,Billing,Payment failure,Critical,Closed,Negative,InvoiceFlow,Free,North America,English,Agent_002 (James T),I noticed an incorrect charge of $191.49 on my last bill. Can you look into invoice INV-8858?,No action needed,,2.1,,False,False,1,191,,,,,8,,14,Wednesday,Tarde (12-18),True,,True
TKT-00835,2025-05-10 12:58:00,2025-05-12 01:16:00,whatsapp,Feature Request,API access,High,Resolved,Neutral,DataDash,Professional,North America,English,Agent_008 (Daniel N),"Can you add an option to export reports in Excel format, not just CSV?",Refund processed,36.3,3.3,2.8,True,False,4,375,2025-05-10 15:46:00,2.8,33.5,36.3,24,0.0,12,Saturday,Tarde (12-18),False,12.299999999999997,False
TKT-00836,2024-06-12 07:05:00,,chat,Account Access,Email change,Medium,Open,Negative,CloudSync Pro,Professional,North America,French,Agent_002 (James T),I'm having trouble with 2FA — the codes aren't working on my new phone.,Issue fixed by agent,,,3.2,False,False,11,37,2024-06-12 10:17:00,3.2,,,48,,7,Wednesday,Mañana (06-12),False,,False
TKT-00837,2024-12-15 16:47:00,2024-12-18 01:53:00,email,Delivery / Shipping,Wrong item,Medium,Resolved,Negative,DataDash,Enterprise,North America,German,Agent_001 (Priya S),I received the wrong item in my package. Order #80111.,Refund processed,57.1,2.0,2.2,False,False,8,1218,2024-12-15 18:59:00,2.2,54.9,57.1,48,0.0,16,Sunday,Tarde (12-18),False,9.100000000000001,False
TKT-00838,2024-04-19 20:31:00,,whatsapp,Billing,Subscription upgrade,Low,In Progress,Negative,InvoiceFlow,Professional,Europe,English,Agent_001 (Priya S),Could you send me a detailed invoice for the period Jul–Sep 2024? I need it for tax purposes.,Issue fixed by agent,,,5.8,False,False,10,922,2024-04-20 02:19:00,5.8,,,72,,20,Friday,Noche (18-24),False,,False
TKT-00839,2025-01-15 17:51:00,2025-01-16 05:51:00,whatsapp,Refund / Return,Refund status,High,Closed,Negative,TaskBoard,Professional,South Asia,English,Agent_005 (Sophie M),I was overcharged and would like a partial refund for the difference.,Policy exception granted,12.0,2.9,7.2,False,False,4,1194,2025-01-16 01:03:00,7.2,4.8,12.0,24,1.0,17,Wednesday,Tarde (12-18),False,0.0,False
TKT-00840,2025-04-26 21:15:00,,chat,Technical Issue,Feature not working,Medium,Open,Neutral,SecureVault,Free,North America,Hindi,Unassigned,My data isn't syncing across devices. Last successful sync was 7 days ago.,No action needed,,,,False,False,7,742,,,,,48,,21,Saturday,Noche (18-24),False,,False
TKT-00841,2024-08-19 15:59:00,2024-08-22 00:23:00,whatsapp,Account Access,Password reset,Medium,Resolved,Negative,DataDash,Enterprise,Africa,Spanish,Agent_006 (Raj P),I'm having trouble with 2FA — the codes aren't working on my new phone.,Refund processed,56.4,2.5,11.5,False,False,3,831,2024-08-20 03:29:00,11.5,44.9,56.4,48,0.0,15,Monday,Tarde (12-18),False,8.399999999999999,False
TKT-00842,2024-03-27 15:59:00,,email,Technical Issue,App crash,High,In Progress,Negative,DataDash,Enterprise,South Asia,Spanish,Agent_002 (James T),The app keeps crashing when I try to upload a file. I'm on Android 14.,Refund processed,,,6.3,False,False,6,863,2024-03-27 22:17:00,6.3,,,24,,15,Wednesday,Tarde (12-18),False,,False
TKT-00843,2024-10-06 21:51:00,2024-10-07 15:39:00,email,Feature Request,Export options,High,Resolved,Very Negative,InvoiceFlow,Professional,North America,Japanese,Agent_006 (Raj P),"Can you add an option to export reports in Excel format, not just CSV?",,,1.2,,False,False,5,953,,,,,24,,21,Sunday,Noche (18-24),False,,True
TKT-00844,2025-04-09 20:04:00,,email,Delivery / Shipping,Damaged item,Low,Open,Neutral,CloudSync Pro,Free,South Asia,Japanese,Agent_001 (Priya S),The item I received is damaged. I need a replacement or refund for order #33073.,Self-service guided,,,9.7,False,False,3,1445,2025-04-10 05:46:00,9.7,,,72,,20,Wednesday,Noche (18-24),False,,False
TKT-00845,2024-01-20 15:20:00,2024-01-22 02:38:00,email,Delivery / Shipping,Missing package,High,Resolved,Negative,TaskBoard,Starter,Africa,Japanese,Agent_007 (Elena V),I received the wrong item in my package. Order #22924.,Self-service guided,35.3,2.0,11.6,False,False,4,1289,2024-01-21 02:56:00,11.6,23.699999999999996,35.3,24,0.0,15,Saturday,Tarde (12-18),False,11.299999999999997,False
TKT-00846,2025-01-18 13:45:00,2025-01-21 18:45:00,chat,General Inquiry,Plan comparison,Medium,Escalated,Positive,DataDash,Free,North America,English,Agent_003 (Lena K),Could you explain the difference between the Professional and Enterprise plans?,Escalated to engineering,77.0,,11.8,False,True,6,665,2025-01-19 01:33:00,11.8,65.2,77.0,48,0.0,13,Saturday,Tarde (12-18),False,29.0,False
TKT-00847,2024-12-15 19:19:00,2024-12-16 18:25:00,email,Account Access,Account deletion,Medium,Escalated,Very Negative,CloudSync Pro,Free,Latin America,Arabic,Agent_008 (Daniel N),My account appears to be locked. I haven't violated any terms.,Escalated to engineering,23.1,,19.8,False,True,6,44,2024-12-16 15:07:00,19.8,3.3000000000000007,23.1,48,1.0,19,Sunday,Noche (18-24),False,0.0,False
TKT-00848,2024-11-17 18:31:00,2024-11-19 08:55:00,whatsapp,Technical Issue,Feature not working,High,Resolved,Negative,SecureVault,Enterprise,Africa,Arabic,Agent_001 (Priya S),My data isn't syncing across devices. Last successful sync was 2 days ago.,Escalated to engineering,38.4,2.7,21.0,False,False,12,886,2024-11-18 15:31:00,21.0,17.4,38.4,24,0.0,18,Sunday,Noche (18-24),False,14.399999999999999,False
TKT-00849,2025-01-02 20:38:00,,email,Technical Issue,Feature not working,Low,Open,Very Negative,DataDash,Free,North America,English,Agent_005 (Sophie M),My data isn't syncing across devices. Last successful sync was 2 days ago.,Self-service guided,,,22.0,False,False,7,197,2025-01-03 18:38:00,22.0,,,72,,20,Thursday,Noche (18-24),False,,False
TKT-00850,2024-04-27 19:15:00,2024-04-28 21:03:00,whatsapp,Refund / Return,Full refund,High,Resolved,Negative,DataDash,Free,South Asia,English,Agent_008 (Daniel N),What's the status of refund request #REF-1576? It's been 11 days.,Pending customer,25.8,2.3,9.7,False,False,3,779,2024-04-28 04:57:00,9.7,16.1,25.8,24,0.0,19,Saturday,Noche (18-24),False,1.8000000000000007,False
TKT-00851,2024-10-24 21:09:00,2024-10-27 12:39:00,whatsapp,Account Access,Email change,Medium,Escalated,Positive,InvoiceFlow,Free,North America,Hindi,Agent_007 (Elena V),My account appears to be locked. I haven't violated any terms.,Policy exception granted,63.5,,2.6,False,True,5,1245,2024-10-24 23:45:00,2.6,60.9,63.5,48,0.0,21,Thursday,Noche (18-24),False,15.5,False
TKT-00852,2024-12-11 22:57:00,,chat,Account Access,Password reset,Medium,In Progress,Very Negative,DataDash,Enterprise,South Asia,English,Agent_004 (Omar F),I can't log in to my account. The password reset email is not arriving.,Self-service guided,,,22.0,False,False,4,1206,2024-12-12 20:57:00,22.0,,,48,,22,Wednesday,Noche (18-24),False,,False
TKT-00853,2024-09-04 07:43:00,2024-09-07 00:31:00,helpdesk_portal,General Inquiry,Documentation,Low,Resolved,Positive,TaskBoard,Starter,Europe,English,Agent_005 (Sophie M),I'm interested in a partnership opportunity with your company.,Self-service guided,64.8,4.9,3.5,False,False,3,768,2024-09-04 11:13:00,3.5,61.3,64.8,72,1.0,7,Wednesday,Mañana (06-12),False,0.0,False
TKT-00854,2024-08-01 22:25:00,2024-08-07 05:19:00,whatsapp,Complaint,Rude agent,Low,Resolved,Neutral,SecureVault,Enterprise,Europe,German,Agent_001 (Priya S),Your refund policy is very unfair. I'm considering leaving the platform.,Refund processed,126.9,3.0,14.0,False,False,6,323,2024-08-02 12:25:00,14.0,112.9,126.9,72,0.0,22,Thursday,Noche (18-24),False,54.900000000000006,False
TKT-00855,2024-10-04 20:48:00,,twitter_dm,Feature Request,API access,Medium,Open,Neutral,InvoiceFlow,Free,Southeast Asia,Hindi,Agent_006 (Raj P),"Can you add an option to export reports in Excel format, not just CSV?",Self-service guided,,,1.4,False,False,4,77,2024-10-04 22:12:00,1.4,,,48,,20,Friday,Noche (18-24),False,,False
TKT-00856,2024-02-14 15:06:00,2024-02-16 04:36:00,phone,Billing,Incorrect amount,High,Resolved,Neutral,TaskBoard,Enterprise,Europe,English,Agent_001 (Priya S),"Hi, I was charged $177.00 twice on Feb 26, 2025. My invoice is INV-7595. Please refund the duplicate.",Self-service guided,37.5,3.8,11.7,False,False,10,1141,2024-02-15 02:48:00,11.7,25.8,37.5,24,0.0,15,Wednesday,Tarde (12-18),False,13.5,False
TKT-00857,2024-05-28 12:51:00,,helpdesk_portal,Technical Issue,Performance slow,Low,In Progress,Positive,DataDash,Professional,Europe,Arabic,Agent_003 (Lena K),I'm unable to export a report since the latest update. Getting error code ERR-340.,Issue fixed by agent,,,22.6,False,False,2,1092,2024-05-29 11:27:00,22.6,,,72,,12,Tuesday,Tarde (12-18),False,,False
TKT-00858,2024-03-28 07:16:00,2024-04-01 12:40:00,whatsapp,Billing,Duplicate charge,Low,Resolved,Negative,TaskBoard,Professional,Africa,English,Agent_006 (Raj P),"Hi, I was charged $430.00 twice on May 08, 2024. My invoice is INV-6166. Please refund the duplicate.",Issue fixed by agent,101.4,2.1,1.2,False,False,5,191,2024-03-28 08:28:00,1.2,100.2,101.4,72,0.0,7,Thursday,Mañana (06-12),False,29.400000000000006,False
TKT-00859,2024-08-25 12:20:00,2024-08-30 19:56:00,email,Billing,Invoice request,Low,Escalated,Neutral,SecureVault,Free,South Asia,Japanese,Agent_009 (Yuki T),"Hi, I was charged $163.49 twice on Apr 06, 2025. My invoice is INV-1631. Please refund the duplicate.",Escalated to engineering,127.6,,7.2,False,True,8,1079,2024-08-25 19:32:00,7.2,120.39999999999999,127.6,72,0.0,12,Sunday,Tarde (12-18),False,55.599999999999994,False
TKT-00860,2025-04-28 15:50:00,2025-04-30 11:44:00,chat,Billing,Payment failure,Low,Closed,Neutral,DataDash,Starter,Africa,Japanese,Agent_002 (James T),"Hi, I was charged $118.00 twice on Apr 05, 2025. My invoice is INV-5350. Please refund the duplicate.",Self-service guided,43.9,3.7,24.0,False,False,3,1291,2025-04-29 15:50:00,24.0,19.9,43.9,72,1.0,15,Monday,Tarde (12-18),False,0.0,False
TKT-00861,2024-12-22 22:59:00,2024-12-26 13:17:00,chat,Technical Issue,Login error,Medium,Resolved,Positive,CloudSync Pro,Enterprise,Europe,Japanese,Agent_007 (Elena V),The app keeps crashing when I try to invite a team member. I'm on Windows 11.,Refund processed,86.3,4.0,22.4,True,False,5,903,2024-12-23 21:23:00,22.4,63.9,86.3,48,0.0,22,Sunday,Noche (18-24),False,38.3,False
TKT-00862,2025-04-23 07:57:00,2025-04-26 00:45:00,helpdesk_portal,Technical Issue,Feature not working,Medium,Resolved,Negative,InvoiceFlow,Professional,Southeast Asia,Hindi,Agent_005 (Sophie M),The app keeps crashing when I try to upload a file. I'm on macOS Sonoma.,Refund processed,64.8,2.8,19.6,False,False,8,1081,2025-04-24 03:33:00,19.6,45.199999999999996,64.8,48,0.0,7,Wednesday,Mañana (06-12),False,16.799999999999997,False
TKT-00863,2024-10-20 16:05:00,,email,Billing,Payment failure,Critical,Open,Positive,InvoiceFlow,Free,Europe,Hindi,Agent_002 (James T),My payment of $439.99 failed but the amount was still deducted from my account.,Issue fixed by agent,,,9.0,False,False,10,224,2024-10-21 01:05:00,9.0,,,8,,16,Sunday,Tarde (12-18),False,,False
TKT-00864,2024-07-03 19:40:00,2024-07-05 18:46:00,web_form,Account Access,2FA issue,Medium,Closed,Very Negative,DataDash,Enterprise,Africa,English,Agent_007 (Elena V),My account appears to be locked. I haven't violated any terms.,Refund processed,47.1,1.5,17.3,False,False,4,1148,2024-07-04 12:58:00,17.3,29.8,47.1,48,1.0,19,Wednesday,Noche (18-24),False,0.0,False
TKT-00865,2024-09-24 09:59:00,2024-09-26 00:41:00,chat,Refund / Return,Return request,High,Resolved,Negative,InvoiceFlow,Free,Middle East,Spanish,Agent_005 (Sophie M),I was overcharged and would like a partial refund for the difference.,Escalated to engineering,38.7,2.9,19.8,False,False,3,243,2024-09-25 05:47:00,19.8,18.900000000000002,38.7,24,0.0,9,Tuesday,Mañana (06-12),False,14.700000000000003,False
TKT-00866,2024-08-01 21:00:00,,phone,General Inquiry,Pricing info,Low,Open,Neutral,InvoiceFlow,Professional,South Asia,English,Agent_003 (Lena K),Where can I find documentation on setting up the API?,Self-service guided,,,16.7,False,False,12,1108,2024-08-02 13:42:00,16.7,,,72,,21,Thursday,Noche (18-24),False,,False
TKT-00867,2024-02-24 07:03:00,2024-02-27 01:03:00,whatsapp,Complaint,Long wait time,Medium,Escalated,Negative,DataDash,Enterprise,North America,English,Agent_006 (Raj P),I've been waiting 10 days for a response. This is unacceptable.,Issue fixed by agent,66.0,,3.4,False,True,4,3,2024-02-24 10:27:00,3.4,62.6,66.0,48,0.0,7,Saturday,Mañana (06-12),False,18.0,False
TKT-00868,2025-02-18 22:08:00,2025-02-19 12:26:00,chat,Billing,Incorrect amount,High,Resolved,Negative,CloudSync Pro,Professional,Middle East,Hindi,Agent_001 (Priya S),"Hi, I was charged $36.49 twice on Sep 25, 2024. My invoice is INV-9670. Please refund the duplicate.",Escalated to engineering,14.3,2.6,3.1,True,False,9,1121,2025-02-19 01:14:00,3.1,11.200000000000001,14.3,24,1.0,22,Tuesday,Noche (18-24),False,0.0,False
TKT-00869,2024-08-16 07:09:00,2024-08-18 22:27:00,email,Billing,Payment failure,Low,Closed,Negative,InvoiceFlow,Enterprise,Latin America,English,Agent_006 (Raj P),"Hi, I was charged $358.99 twice on Mar 22, 2025. My invoice is INV-4911. Please refund the duplicate.",Refund processed,63.3,2.3,20.1,False,False,10,1365,2024-08-17 03:15:00,20.1,43.199999999999996,63.3,72,1.0,7,Friday,Mañana (06-12),False,0.0,False
TKT-00870,2024-04-14 12:24:00,,phone,Billing,Subscription upgrade,Medium,In Progress,Neutral,DataDash,Professional,Southeast Asia,French,Agent_004 (Omar F),I noticed an incorrect charge of $241.99 on my last bill. Can you look into invoice INV-6257?,Self-service guided,,,18.3,False,False,12,1290,2024-04-15 06:42:00,18.3,,,48,,12,Sunday,Tarde (12-18),False,,False
TKT-00871,2025-06-16 07:20:00,2025-06-17 09:20:00,helpdesk_portal,Account Access,Email change,High,Resolved,Negative,SecureVault,Free,Africa,English,Agent_001 (Priya S),I can't log in to my account. The password reset email is not arriving.,Issue fixed by agent,26.0,2.9,13.9,False,False,1,546,2025-06-16 21:14:00,13.9,12.1,26.0,24,0.0,7,Monday,Mañana (06-12),True,2.0,False
TKT-00872,2024-03-15 07:11:00,,web_form,Complaint,Repeat issue,Critical,Open,Negative,CloudSync Pro,Starter,Southeast Asia,English,Agent_002 (James T),The agent I spoke to was dismissive and unhelpful. I'd like to escalate.,Refund processed,,,13.6,False,False,3,522,2024-03-15 20:47:00,13.6,,,8,,7,Friday,Mañana (06-12),False,,False
TKT-00873,2024-12-29 19:41:00,,chat,Delivery / Shipping,Tracking issue,Low,Open,Positive,InvoiceFlow,Enterprise,Latin America,English,Agent_005 (Sophie M),The tracking for order #15631 hasn't updated in 2 days.,Issue fixed by agent,,,23.0,True,False,9,1433,2024-12-30 18:41:00,23.0,,,72,,19,Sunday,Noche (18-24),False,,False
TKT-00874,2025-04-28 13:05:00,2025-04-28 18:11:00,phone,Billing,Invoice request,Critical,Escalated,Negative,InvoiceFlow,Starter,South Asia,Arabic,Agent_008 (Daniel N),I noticed an incorrect charge of $371.49 on my last bill. Can you look into invoice INV-5761?,Issue fixed by agent,,,,False,True,8,519,,,,,8,,13,Monday,Tarde (12-18),False,,True
TKT-00875,2024-12-01 18:21:00,,whatsapp,Refund / Return,Full refund,Low,In Progress,Negative,InvoiceFlow,Enterprise,Europe,English,Agent_002 (James T),I'd like to request a full refund for my recent purchase. Order #32664.,No action needed,,,0.4,False,False,8,276,2024-12-01 18:45:00,0.4,,,72,,18,Sunday,Noche (18-24),False,,False
TKT-00876,2025-04-12 17:51:00,2025-04-14 02:33:00,email,Billing,Duplicate charge,Medium,Resolved,Neutral,CloudSync Pro,Starter,Southeast Asia,English,Agent_008 (Daniel N),Could you send me a detailed invoice for the period Jan–Mar 2024? I need it for tax purposes.,Issue fixed by agent,32.7,3.7,7.4,False,False,1,521,2025-04-13 01:15:00,7.4,25.300000000000004,32.7,48,1.0,17,Saturday,Tarde (12-18),True,0.0,False
TKT-00877,2024-12-05 07:06:00,,email,Technical Issue,Performance slow,High,Open,Positive,CloudSync Pro,Professional,Europe,French,Agent_003 (Lena K),The app keeps crashing when I try to export a report. I'm on Android 14.,No action needed,,,7.7,True,False,10,836,2024-12-05 14:48:00,7.7,,,24,,7,Thursday,Mañana (06-12),False,,False
TKT-00878,2024-05-16 08:20:00,2024-05-16 17:20:00,web_form,Feature Request,Dark mode,Critical,Closed,Negative,TaskBoard,Enterprise,North America,English,Agent_007 (Elena V),"Can you add an option to export reports in Excel format, not just CSV?",Escalated to engineering,,2.7,,False,False,1,219,,,,,8,,8,Thursday,Mañana (06-12),True,,True
TKT-00879,2024-02-11 14:05:00,2024-02-13 05:35:00,chat,Billing,Payment failure,High,Closed,Very Negative,DataDash,Enterprise,Southeast Asia,German,Agent_005 (Sophie M),"Hi, I was charged $126.00 twice on Sep 17, 2024. My invoice is INV-6877. Please refund the duplicate.",Issue fixed by agent,39.5,1.6,21.4,False,False,12,673,2024-02-12 11:29:00,21.4,18.1,39.5,24,0.0,14,Sunday,Tarde (12-18),False,15.5,False
TKT-00880,2024-03-31 10:43:00,2024-04-01 00:43:00,chat,Complaint,Policy dissatisfaction,High,Resolved,Negative,SecureVault,Professional,North America,English,Agent_003 (Lena K),I've contacted support 2 times about the same issue and it's still unresolved.,Refund processed,,2.5,,False,False,9,1169,,,,,24,,10,Sunday,Mañana (06-12),False,,True
TKT-00881,2025-01-19 08:00:00,,email,Account Access,Account deletion,Critical,Open,Very Negative,DataDash,Free,Africa,English,Agent_004 (Omar F),My account appears to be locked. I haven't violated any terms.,Refund processed,,,17.6,False,False,11,982,2025-01-20 01:36:00,17.6,,,8,,8,Sunday,Mañana (06-12),False,,False
TKT-00882,2025-06-17 22:47:00,2025-06-19 00:05:00,phone,Feature Request,Dark mode,High,Resolved,Negative,InvoiceFlow,Professional,Africa,Arabic,Agent_008 (Daniel N),A dark mode option would be greatly appreciated for late-night work sessions.,Issue fixed by agent,25.3,2.7,21.5,True,False,1,964,2025-06-18 20:17:00,21.5,3.8000000000000007,25.3,24,0.0,22,Tuesday,Noche (18-24),True,1.3000000000000007,False
TKT-00883,2024-09-15 16:17:00,2024-09-16 18:11:00,chat,Technical Issue,App crash,Medium,Escalated,Negative,TaskBoard,Professional,Africa,English,Agent_005 (Sophie M),My data isn't syncing across devices. Last successful sync was 12 days ago.,Pending customer,25.9,,16.6,True,True,12,531,2024-09-16 08:53:00,16.6,9.299999999999997,25.9,48,1.0,16,Sunday,Tarde (12-18),False,0.0,False
TKT-00884,2025-03-15 18:32:00,,web_form,Technical Issue,Performance slow,Medium,In Progress,Very Negative,InvoiceFlow,Professional,Europe,Hindi,Agent_001 (Priya S),My data isn't syncing across devices. Last successful sync was 10 days ago.,No action needed,,,20.2,False,False,1,907,2025-03-16 14:44:00,20.2,,,48,,18,Saturday,Noche (18-24),True,,False
TKT-00885,2024-01-03 22:32:00,2024-01-08 15:32:00,whatsapp,Feature Request,API access,Low,Resolved,Negative,SecureVault,Enterprise,North America,English,Agent_006 (Raj P),"Can you add an option to export reports in Excel format, not just CSV?",Escalated to engineering,113.0,3.0,8.1,False,False,12,384,2024-01-04 06:38:00,8.1,104.9,113.0,72,0.0,22,Wednesday,Noche (18-24),False,41.0,False
TKT-00886,2024-05-01 16:39:00,2024-05-02 15:03:00,chat,Technical Issue,Performance slow,High,Closed,Very Negative,InvoiceFlow,Starter,Europe,English,Agent_007 (Elena V),The app keeps crashing when I try to connect an integration. I'm on macOS Sonoma.,Self-service guided,22.4,1.7,7.6,False,False,8,86,2024-05-02 00:15:00,7.6,14.799999999999999,22.4,24,1.0,16,Wednesday,Tarde (12-18),False,0.0,False
TKT-00887,2025-04-26 19:07:00,,email,General Inquiry,Plan comparison,Low,Open,Positive,CloudSync Pro,Enterprise,North America,Japanese,Agent_004 (Omar F),Could you explain the difference between the Professional and Enterprise plans?,Issue fixed by agent,,,21.8,False,False,3,1109,2025-04-27 16:55:00,21.8,,,72,,19,Saturday,Noche (18-24),False,,False
TKT-00888,2024-12-14 17:03:00,2024-12-15 20:09:00,email,Feature Request,API access,Medium,Resolved,Negative,CloudSync Pro,Professional,Europe,English,Agent_003 (Lena K),"Can you add an option to export reports in Excel format, not just CSV?",Self-service guided,27.1,2.5,20.6,False,False,12,1231,2024-12-15 13:39:00,20.6,6.5,27.1,48,1.0,17,Saturday,Tarde (12-18),False,0.0,False
TKT-00889,2025-03-10 07:11:00,,whatsapp,Billing,Incorrect amount,Medium,Open,Negative,CloudSync Pro,Starter,Southeast Asia,German,Unassigned,I noticed an incorrect charge of $36.99 on my last bill. Can you look into invoice INV-7136?,Pending customer,,,,False,False,2,698,,,,,48,,7,Monday,Mañana (06-12),False,,False
TKT-00890,2024-07-05 09:35:00,2024-07-10 19:05:00,chat,Feature Request,Export options,Low,Resolved,Positive,CloudSync Pro,Free,Europe,English,Agent_002 (James T),"Can you add an option to export reports in Excel format, not just CSV?",Issue fixed by agent,129.5,4.2,10.1,False,False,9,258,2024-07-05 19:41:00,10.1,119.4,129.5,72,0.0,9,Friday,Mañana (06-12),False,57.5,False
TKT-00891,2025-03-31 12:57:00,2025-04-02 22:21:00,chat,General Inquiry,Plan comparison,Medium,Resolved,Negative,CloudSync Pro,Free,Europe,Hindi,Agent_005 (Sophie M),Could you explain the difference between the Professional and Enterprise plans?,Refund processed,57.4,2.7,8.8,False,False,3,555,2025-03-31 21:45:00,8.8,48.599999999999994,57.4,48,0.0,12,Monday,Tarde (12-18),False,9.399999999999999,False
TKT-00892,2024-12-16 12:23:00,2024-12-20 18:47:00,phone,Account Access,Email change,Low,Closed,Negative,TaskBoard,Enterprise,South Asia,English,Agent_007 (Elena V),I need to update the email address associated with my account.,Issue fixed by agent,102.4,2.5,18.6,True,False,7,177,2024-12-17 06:59:00,18.6,83.80000000000001,102.4,72,0.0,12,Monday,Tarde (12-18),False,30.400000000000006,False
TKT-00893,2024-05-30 19:43:00,2024-06-02 17:31:00,whatsapp,Billing,Invoice request,Medium,Resolved,Negative,SecureVault,Free,South Asia,Spanish,Agent_002 (James T),My payment of $66.49 failed but the amount was still deducted from my account.,No action needed,69.8,2.7,9.6,False,False,4,153,2024-05-31 05:19:00,9.6,60.199999999999996,69.8,48,0.0,19,Thursday,Noche (18-24),False,21.799999999999997,False
TKT-00894,2024-05-06 12:48:00,2024-05-07 00:54:00,whatsapp,Feature Request,UI improvement,Critical,Resolved,Negative,DataDash,Enterprise,Middle East,English,Agent_006 (Raj P),"Can you add an option to export reports in Excel format, not just CSV?",Issue fixed by agent,,2.6,,True,False,12,243,,,,,8,,12,Monday,Tarde (12-18),False,,True
TKT-00895,2025-04-27 16:03:00,2025-04-29 06:33:00,email,Account Access,Account locked,Medium,Resolved,Very Negative,DataDash,Starter,Africa,English,Agent_001 (Priya S),I need to update the email address associated with my account.,Policy exception granted,38.5,2.0,2.3,False,False,10,2,2025-04-27 18:21:00,2.3,36.2,38.5,48,1.0,16,Sunday,Tarde (12-18),False,0.0,False
TKT-00896,2024-06-16 14:45:00,2024-06-19 09:57:00,chat,Billing,Incorrect amount,Medium,Resolved,Very Negative,TaskBoard,Free,North America,English,Agent_006 (Raj P),"Hi, I was charged $46.00 twice on Jun 25, 2024. My invoice is INV-8711. Please refund the duplicate.",Refund processed,67.2,1.6,18.0,False,False,5,522,2024-06-17 08:45:00,18.0,49.2,67.2,48,0.0,14,Sunday,Tarde (12-18),False,19.200000000000003,False
TKT-00897,2024-12-23 13:28:00,2024-12-26 19:28:00,whatsapp,Refund / Return,Return request,Low,Resolved,Neutral,InvoiceFlow,Starter,Southeast Asia,English,Agent_001 (Priya S),I'd like to request a full refund for my recent purchase. Order #89681.,Issue fixed by agent,78.0,3.5,17.9,False,False,1,1086,2024-12-24 07:22:00,17.9,60.1,78.0,72,0.0,13,Monday,Tarde (12-18),True,6.0,False
TKT-00898,2024-10-08 15:37:00,2024-10-11 05:43:00,whatsapp,Technical Issue,Data sync issue,Medium,Closed,Positive,DataDash,Professional,South Asia,Hindi,Agent_004 (Omar F),The app keeps crashing when I try to invite a team member. I'm on Android 14.,Refund processed,62.1,4.6,13.9,False,False,3,530,2024-10-09 05:31:00,13.9,48.2,62.1,48,0.0,15,Tuesday,Tarde (12-18),False,14.100000000000001,False
TKT-00899,2024-03-13 15:26:00,2024-03-19 04:56:00,web_form,Technical Issue,Data sync issue,Low,Resolved,Neutral,InvoiceFlow,Free,North America,English,Agent_007 (Elena V),Performance has been extremely slow on my end. Pages take 20+ seconds to load.,Self-service guided,133.5,3.7,16.7,False,False,1,82,2024-03-14 08:08:00,16.7,116.8,133.5,72,0.0,15,Wednesday,Tarde (12-18),True,61.5,False
TKT-00900,2024-06-16 22:58:00,,phone,General Inquiry,Partnership,Low,In Progress,Very Negative,DataDash,Professional,Latin America,English,Agent_008 (Daniel N),Could you explain the difference between the Professional and Enterprise plans?,Issue fixed by agent,,,0.2,False,False,4,934,2024-06-16 23:10:00,0.2,,,72,,22,Sunday,Noche (18-24),False,,False
TKT-00901,2024-02-18 15:22:00,,email,Complaint,Rude agent,Medium,In Progress,Negative,DataDash,Starter,Southeast Asia,English,Agent_002 (James T),I've contacted support 5 times about the same issue and it's still unresolved.,Self-service guided,,,18.2,False,False,4,569,2024-02-19 09:34:00,18.2,,,48,,15,Sunday,Tarde (12-18),False,,False
TKT-00902,2025-03-21 12:44:00,,chat,Billing,Invoice request,High,In Progress,Very Negative,SecureVault,Enterprise,Latin America,Arabic,Agent_001 (Priya S),My payment of $344.00 failed but the amount was still deducted from my account.,Self-service guided,,,14.5,False,False,11,716,2025-03-22 03:14:00,14.5,,,24,,12,Friday,Tarde (12-18),False,,False
TKT-00903,2025-04-21 07:42:00,2025-04-21 15:42:00,web_form,Technical Issue,Data sync issue,Critical,Resolved,Positive,InvoiceFlow,Professional,Europe,English,Agent_009 (Yuki T),Performance has been extremely slow on my end. Pages take 20+ seconds to load.,,8.0,4.2,5.2,False,False,11,361,2025-04-21 12:54:00,5.2,2.8,8.0,8,1.0,7,Monday,Mañana (06-12),False,0.0,False
TKT-00904,2024-03-05 10:08:00,2024-03-06 14:08:00,chat,Refund / Return,Partial refund,High,Closed,Negative,CloudSync Pro,Professional,Europe,English,Agent_009 (Yuki T),I'd like to request a full refund for my recent purchase. Order #91603.,Self-service guided,28.0,2.5,9.1,False,False,6,1452,2024-03-05 19:14:00,9.1,18.9,28.0,24,0.0,10,Tuesday,Mañana (06-12),False,4.0,False
TKT-00905,2025-01-25 20:37:00,,email,Refund / Return,Full refund,Low,In Progress,Very Negative,TaskBoard,Free,Southeast Asia,Japanese,Agent_009 (Yuki T),I want to return an item from order #14719 — it doesn't meet my needs.,Refund processed,,,1.2,True,False,4,1382,2025-01-25 21:49:00,1.2,,,72,,20,Saturday,Noche (18-24),False,,False
TKT-00906,2025-01-25 20:18:00,2025-01-26 23:24:00,email,Billing,Invoice request,Medium,Closed,Negative,CloudSync Pro,Enterprise,Southeast Asia,English,Agent_001 (Priya S),Could you send me a detailed invoice for the period Jul–Sep 2024? I need it for tax purposes.,Pending customer,27.1,2.0,23.9,False,False,9,464,2025-01-26 20:12:00,23.9,3.200000000000003,27.1,48,1.0,20,Saturday,Noche (18-24),False,0.0,False
TKT-00907,2025-01-12 22:15:00,2025-01-14 16:51:00,email,Refund / Return,Refund status,Medium,Closed,Positive,DataDash,Starter,South Asia,French,Agent_003 (Lena K),I was overcharged and would like a partial refund for the difference.,Pending customer,42.6,4.2,22.6,False,False,4,1303,2025-01-13 20:51:00,22.6,20.0,42.6,48,1.0,22,Sunday,Noche (18-24),False,0.0,False
TKT-00908,2024-06-05 17:21:00,2024-06-09 05:57:00,web_form,Feature Request,API access,Low,Closed,Negative,TaskBoard,Free,Africa,Spanish,Agent_001 (Priya S),"Can you add an option to export reports in Excel format, not just CSV?",Escalated to engineering,84.6,2.6,20.8,False,False,11,943,2024-06-06 14:09:00,20.8,63.8,84.6,72,0.0,17,Wednesday,Tarde (12-18),False,12.599999999999994,False
TKT-00909,2025-03-17 22:47:00,2025-03-19 09:11:00,email,Technical Issue,Login error,Medium,Closed,Very Negative,DataDash,Enterprise,North America,French,Agent_009 (Yuki T),I'm unable to invite a team member since the latest update. Getting error code ERR-806.,No action needed,34.4,1.2,14.8,False,False,10,1215,2025-03-18 13:35:00,14.8,19.599999999999998,34.4,48,1.0,22,Monday,Noche (18-24),False,0.0,False
TKT-00910,2024-08-18 14:36:00,2024-08-23 04:18:00,chat,Feature Request,New integration,Low,Resolved,Neutral,DataDash,Professional,North America,English,Agent_002 (James T),"Can you add an option to export reports in Excel format, not just CSV?",Escalated to engineering,109.7,3.9,13.2,False,False,1,1108,2024-08-19 03:48:00,13.2,96.5,109.7,72,0.0,14,Sunday,Tarde (12-18),True,37.7,False
TKT-00911,2024-06-18 21:04:00,,chat,Feature Request,UI improvement,Critical,In Progress,Negative,DataDash,Starter,Middle East,English,Agent_006 (Raj P),Is there any plan to expose an API for the reporting module?,Self-service guided,,,0.7,False,False,11,492,2024-06-18 21:46:00,0.7,,,8,,21,Tuesday,Noche (18-24),False,,False
TKT-00912,2024-12-19 12:44:00,2024-12-21 05:14:00,phone,Feature Request,UI improvement,Medium,Resolved,Negative,DataDash,Starter,Europe,Spanish,Agent_009 (Yuki T),"Can you add an option to export reports in Excel format, not just CSV?",Refund processed,40.5,2.3,21.8,False,False,12,606,2024-12-20 10:32:00,21.8,18.7,40.5,48,1.0,12,Thursday,Tarde (12-18),False,0.0,False
TKT-00913,2024-05-24 16:03:00,2024-05-27 07:15:00,whatsapp,Technical Issue,Performance slow,Low,Closed,Neutral,InvoiceFlow,Starter,Europe,English,Agent_002 (James T),I'm unable to invite a team member since the latest update. Getting error code ERR-854.,Refund processed,63.2,3.3,20.1,False,False,10,514,2024-05-25 12:09:00,20.1,43.1,63.2,72,1.0,16,Friday,Tarde (12-18),False,0.0,False
TKT-00914,2024-01-28 16:59:00,2024-01-30 03:11:00,chat,Billing,Subscription upgrade,High,Resolved,Positive,CloudSync Pro,Professional,Southeast Asia,Hindi,Agent_006 (Raj P),My payment of $50.00 failed but the amount was still deducted from my account.,Issue fixed by agent,34.2,4.8,17.8,False,False,4,537,2024-01-29 10:47:00,17.8,16.400000000000002,34.2,24,0.0,16,Sunday,Tarde (12-18),False,10.200000000000003,False
TKT-00915,2025-05-20 14:18:00,,email,Refund / Return,Partial refund,High,In Progress,Negative,InvoiceFlow,Starter,Southeast Asia,English,Agent_005 (Sophie M),I'd like to request a full refund for my recent purchase. Order #22093.,Issue fixed by agent,,,13.5,False,False,9,1234,2025-05-21 03:48:00,13.5,,,24,,14,Tuesday,Tarde (12-18),False,,False
TKT-00916,2024-02-06 11:04:00,,email,Billing,Incorrect amount,Medium,Open,Negative,DataDash,Enterprise,Europe,English,Agent_006 (Raj P),I noticed an incorrect charge of $169.49 on my last bill. Can you look into invoice INV-2541?,Escalated to engineering,,,21.9,False,False,11,446,2024-02-07 08:58:00,21.9,,,48,,11,Tuesday,Mañana (06-12),False,,False
TKT-00917,2024-06-11 07:48:00,,chat,Delivery / Shipping,Wrong item,High,Open,Positive,DataDash,Starter,Southeast Asia,Arabic,Agent_001 (Priya S),The item I received is damaged. I need a replacement or refund for order #55212.,Escalated to engineering,,,10.9,False,False,3,734,2024-06-11 18:42:00,10.9,,,24,,7,Tuesday,Mañana (06-12),False,,False
TKT-00918,2024-03-19 09:41:00,,email,Delivery / Shipping,Late delivery,Medium,Open,Neutral,DataDash,Free,Southeast Asia,English,Agent_005 (Sophie M),The item I received is damaged. I need a replacement or refund for order #12976.,Escalated to engineering,,,14.3,False,False,10,813,2024-03-19 23:59:00,14.3,,,48,,9,Tuesday,Mañana (06-12),False,,False
TKT-00919,2024-01-10 07:37:00,,email,Technical Issue,Feature not working,Medium,In Progress,Very Negative,TaskBoard,Starter,North America,English,Agent_007 (Elena V),The app keeps crashing when I try to export a report. I'm on iOS 17.,Refund processed,,,7.1,False,False,9,1421,2024-01-10 14:43:00,7.1,,,48,,7,Wednesday,Mañana (06-12),False,,False
TKT-00920,2024-05-24 18:35:00,,whatsapp,Account Access,2FA issue,Low,In Progress,Very Negative,DataDash,Free,South Asia,English,Agent_005 (Sophie M),I'm having trouble with 2FA — the codes aren't working on my new phone.,Pending customer,,,13.1,False,False,9,1455,2024-05-25 07:41:00,13.1,,,72,,18,Friday,Noche (18-24),False,,False
TKT-00921,2024-11-14 20:26:00,2024-11-18 07:08:00,email,Account Access,2FA issue,Medium,Resolved,Negative,CloudSync Pro,Free,North America,English,Agent_003 (Lena K),I need to update the email address associated with my account.,Self-service guided,82.7,2.5,8.4,False,False,8,985,2024-11-15 04:50:00,8.4,74.3,82.7,48,0.0,20,Thursday,Noche (18-24),False,34.7,False
TKT-00922,2024-11-15 13:44:00,2024-11-19 08:20:00,email,Technical Issue,App crash,Low,Resolved,Negative,DataDash,Professional,North America,English,Agent_004 (Omar F),The app keeps crashing when I try to invite a team member. I'm on macOS Sonoma.,Refund processed,90.6,2.4,18.0,False,False,6,696,2024-11-16 07:44:00,18.0,72.6,90.6,72,0.0,13,Friday,Tarde (12-18),False,18.599999999999994,False
TKT-00923,2024-08-25 22:28:00,2024-08-27 23:22:00,chat,Delivery / Shipping,Damaged item,Low,Closed,Very Negative,CloudSync Pro,Enterprise,Europe,German,Agent_009 (Yuki T),"My order #11162 was supposed to arrive on Oct 06, 2024 but it's still not here.",Policy exception granted,48.9,1.9,2.3,False,False,11,282,2024-08-26 00:46:00,2.3,46.6,48.9,72,1.0,22,Sunday,Noche (18-24),False,0.0,False
TKT-00924,2025-03-31 13:24:00,2025-04-01 22:54:00,web_form,Billing,Incorrect amount,High,Escalated,Very Negative,DataDash,Enterprise,South Asia,French,Agent_006 (Raj P),My payment of $341.00 failed but the amount was still deducted from my account.,Escalated to engineering,33.5,,0.9,False,True,4,844,2025-03-31 14:18:00,0.9,32.6,33.5,24,0.0,13,Monday,Tarde (12-18),False,9.5,False
TKT-00925,2025-04-30 21:02:00,2025-05-01 05:32:00,whatsapp,Refund / Return,Refund status,High,Closed,Very Negative,SecureVault,Enterprise,North America,Hindi,Agent_002 (James T),I was overcharged and would like a partial refund for the difference.,No action needed,8.5,1.6,7.1,False,False,12,1427,2025-05-01 04:08:00,7.1,1.4000000000000004,8.5,24,1.0,21,Wednesday,Noche (18-24),False,0.0,False
TKT-00926,2024-03-09 21:13:00,2024-03-11 10:43:00,twitter_dm,Account Access,Email change,Medium,Closed,Very Negative,CloudSync Pro,Professional,Europe,English,Unassigned,I'm having trouble with 2FA — the codes aren't working on my new phone.,No action needed,37.5,1.9,,False,False,8,187,,,,37.5,48,1.0,21,Saturday,Noche (18-24),False,0.0,False
TKT-00927,2025-04-04 19:04:00,,email,Feature Request,Export options,Medium,Open,Positive,CloudSync Pro,Enterprise,South Asia,German,Agent_003 (Lena K),It would be really helpful if InvoiceFlow supported direct integration with Slack.,Escalated to engineering,,,15.4,False,False,11,1096,2025-04-05 10:28:00,15.4,,,48,,19,Friday,Noche (18-24),False,,False
TKT-00928,2025-04-12 22:06:00,2025-04-14 08:36:00,email,Refund / Return,Return request,High,Resolved,Very Negative,InvoiceFlow,Professional,South Asia,English,Agent_009 (Yuki T),I was overcharged and would like a partial refund for the difference.,Self-service guided,34.5,2.0,3.0,False,False,7,528,2025-04-13 01:06:00,3.0,31.5,34.5,24,0.0,22,Saturday,Noche (18-24),False,10.5,False
TKT-00929,2024-11-05 22:13:00,,whatsapp,Technical Issue,Data sync issue,High,Open,Positive,InvoiceFlow,Free,South Asia,English,Agent_003 (Lena K),Performance has been extremely slow on my end. Pages take 20+ seconds to load.,No action needed,,,8.2,False,False,2,322,2024-11-06 06:25:00,8.2,,,24,,22,Tuesday,Noche (18-24),False,,False
TKT-00930,2025-02-19 20:46:00,2025-02-20 16:10:00,chat,Billing,Subscription upgrade,Medium,Closed,Very Negative,InvoiceFlow,Free,North America,Japanese,Agent_001 (Priya S),Could you send me a detailed invoice for the period Apr–Jun 2024? I need it for tax purposes.,Self-service guided,19.4,2.0,18.5,True,False,1,387,2025-02-20 15:16:00,18.5,0.8999999999999986,19.4,48,1.0,20,Wednesday,Noche (18-24),True,0.0,False
TKT-00931,2025-06-08 20:58:00,2025-06-10 03:46:00,helpdesk_portal,Feature Request,API access,High,Closed,Positive,InvoiceFlow,Starter,Latin America,English,Agent_008 (Daniel N),"Can you add an option to export reports in Excel format, not just CSV?",Refund processed,30.8,4.9,22.4,False,False,7,712,2025-06-09 19:22:00,22.4,8.400000000000002,30.8,24,0.0,20,Sunday,Noche (18-24),False,6.800000000000001,False
TKT-00932,2025-06-06 12:32:00,2025-06-07 13:56:00,chat,Billing,Subscription upgrade,Medium,Closed,Neutral,TaskBoard,Starter,Europe,English,Agent_007 (Elena V),My payment of $260.49 failed but the amount was still deducted from my account.,Issue fixed by agent,25.4,4.0,9.6,False,False,4,120,2025-06-06 22:08:00,9.6,15.799999999999999,25.4,48,1.0,12,Friday,Tarde (12-18),False,0.0,False
TKT-00933,2024-02-03 21:48:00,2024-02-05 06:36:00,phone,Billing,Payment failure,High,Escalated,Negative,CloudSync Pro,Enterprise,North America,English,Agent_001 (Priya S),"Hi, I was charged $380.49 twice on Aug 20, 2024. My invoice is INV-6488. Please refund the duplicate.",Policy exception granted,32.8,,8.9,False,True,12,1143,2024-02-04 06:42:00,8.9,23.9,32.8,24,0.0,21,Saturday,Noche (18-24),False,8.799999999999997,False
TKT-00934,2024-08-01 13:08:00,2024-08-02 12:56:00,helpdesk_portal,Billing,Incorrect amount,High,Escalated,Negative,CloudSync Pro,Enterprise,Southeast Asia,English,Agent_009 (Yuki T),I noticed an incorrect charge of $137.00 on my last bill. Can you look into invoice INV-9729?,Self-service guided,23.8,,12.0,False,True,6,1188,2024-08-02 01:08:00,12.0,11.8,23.8,24,1.0,13,Thursday,Tarde (12-18),False,0.0,False
TKT-00935,2024-07-31 15:59:00,2024-08-07 12:59:00,email,Billing,Incorrect amount,Low,Resolved,Very Negative,TaskBoard,Professional,Southeast Asia,Hindi,Agent_006 (Raj P),Could you send me a detailed invoice for the period Apr–Jun 2024? I need it for tax purposes.,Issue fixed by agent,165.0,1.4,15.3,False,False,3,738,2024-08-01 07:17:00,15.3,149.7,165.0,72,0.0,15,Wednesday,Tarde (12-18),False,93.0,False
TKT-00936,2024-04-26 22:26:00,,helpdesk_portal,Feature Request,Dark mode,High,Open,Negative,DataDash,Professional,Europe,French,Agent_004 (Omar F),Is there any plan to expose an API for the reporting module?,Policy exception granted,,,11.2,False,False,7,593,2024-04-27 09:38:00,11.2,,,24,,22,Friday,Noche (18-24),False,,False
TKT-00937,2024-05-15 13:40:00,2024-05-21 21:16:00,chat,Billing,Duplicate charge,Low,Closed,Neutral,CloudSync Pro,Enterprise,Latin America,Hindi,Agent_006 (Raj P),I noticed an incorrect charge of $313.49 on my last bill. Can you look into invoice INV-9484?,Issue fixed by agent,151.6,3.8,19.8,False,False,6,744,2024-05-16 09:28:00,19.8,131.79999999999998,151.6,72,0.0,13,Wednesday,Tarde (12-18),False,79.6,False
TKT-00938,2025-02-16 21:14:00,,web_form,Delivery / Shipping,Damaged item,Medium,In Progress,Negative,CloudSync Pro,Enterprise,Europe,Hindi,Agent_006 (Raj P),The tracking for order #21668 hasn't updated in 11 days.,No action needed,,,12.7,False,False,3,962,2025-02-17 09:56:00,12.7,,,48,,21,Sunday,Noche (18-24),False,,False
TKT-00939,2024-09-20 17:58:00,2024-09-25 19:52:00,email,Technical Issue,App crash,Low,Resolved,Neutral,DataDash,Starter,Africa,French,Agent_004 (Omar F),I'm unable to connect an integration since the latest update. Getting error code ERR-545.,Refund processed,121.9,3.5,5.3,True,False,12,187,2024-09-20 23:16:00,5.3,116.60000000000001,121.9,72,0.0,17,Friday,Tarde (12-18),False,49.900000000000006,False
TKT-00940,2025-04-17 13:46:00,2025-04-23 07:10:00,web_form,Billing,Incorrect amount,Low,Resolved,Very Negative,CloudSync Pro,Starter,South Asia,English,Agent_007 (Elena V),I noticed an incorrect charge of $489.99 on my last bill. Can you look into invoice INV-5670?,Escalated to engineering,137.4,1.0,0.3,False,False,7,812,2025-04-17 14:04:00,0.3,137.1,137.4,72,0.0,13,Thursday,Tarde (12-18),False,65.4,False
TKT-00941,2024-07-21 22:32:00,,phone,Delivery / Shipping,Damaged item,High,In Progress,Negative,TaskBoard,Starter,North America,English,Agent_007 (Elena V),The item I received is damaged. I need a replacement or refund for order #64373.,Pending customer,,,15.4,False,False,1,585,2024-07-22 13:56:00,15.4,,,24,,22,Sunday,Noche (18-24),True,,False
TKT-00942,2025-03-27 08:47:00,2025-03-30 10:17:00,phone,Technical Issue,Performance slow,Medium,Resolved,Neutral,DataDash,Starter,South Asia,Spanish,Agent_007 (Elena V),I'm unable to connect an integration since the latest update. Getting error code ERR-189.,,73.5,3.4,14.3,False,False,9,1030,2025-03-27 23:05:00,14.3,59.2,73.5,48,0.0,8,Thursday,Mañana (06-12),False,25.5,False
TKT-00943,2024-02-29 11:15:00,,whatsapp,Technical Issue,App crash,Medium,In Progress,Neutral,CloudSync Pro,Professional,Middle East,English,Agent_004 (Omar F),My data isn't syncing across devices. Last successful sync was 6 days ago.,No action needed,,,23.9,False,False,2,1405,2024-03-01 11:09:00,23.9,,,48,,11,Thursday,Mañana (06-12),False,,False
TKT-00944,2024-11-02 08:13:00,2024-11-06 16:55:00,helpdesk_portal,Technical Issue,Performance slow,Low,Resolved,Neutral,CloudSync Pro,Starter,South Asia,English,Agent_003 (Lena K),My data isn't syncing across devices. Last successful sync was 4 days ago.,Self-service guided,104.7,3.7,23.5,False,False,7,1455,2024-11-03 07:43:00,23.5,81.2,104.7,72,0.0,8,Saturday,Mañana (06-12),False,32.7,False
TKT-00945,2024-05-14 20:45:00,2024-05-15 08:21:00,email,Account Access,Email change,Critical,Resolved,Positive,InvoiceFlow,Enterprise,North America,Hindi,Agent_002 (James T),I can't log in to my account. The password reset email is not arriving.,Issue fixed by agent,,4.1,,True,False,3,603,,,,,8,,20,Tuesday,Noche (18-24),False,,True
TKT-00946,2024-04-28 13:58:00,2024-04-29 10:46:00,phone,Refund / Return,Return request,High,Resolved,Positive,SecureVault,Starter,South Asia,Spanish,Agent_006 (Raj P),I'd like to request a full refund for my recent purchase. Order #66767.,Refund processed,20.8,4.5,12.9,False,False,10,303,2024-04-29 02:52:00,12.9,7.9,20.8,24,1.0,13,Sunday,Tarde (12-18),False,0.0,False
TKT-00947,2024-04-13 20:05:00,2024-04-16 06:11:00,helpdesk_portal,Feature Request,Dark mode,Low,Closed,Neutral,SecureVault,Professional,South Asia,Japanese,Agent_004 (Omar F),"Can you add an option to export reports in Excel format, not just CSV?",Refund processed,58.1,3.5,16.3,False,False,8,1016,2024-04-14 12:23:00,16.3,41.8,58.1,72,1.0,20,Saturday,Noche (18-24),False,0.0,False
TKT-00948,2025-02-28 11:46:00,2025-03-01 08:10:00,email,Technical Issue,Login error,Medium,Resolved,Negative,CloudSync Pro,Starter,North America,Arabic,Agent_009 (Yuki T),The app keeps crashing when I try to invite a team member. I'm on macOS Sonoma.,Issue fixed by agent,20.4,2.8,1.6,False,False,2,1367,2025-02-28 13:22:00,1.6,18.799999999999997,20.4,48,1.0,11,Friday,Mañana (06-12),False,0.0,False
TKT-00949,2025-06-04 22:37:00,2025-06-06 05:43:00,email,Delivery / Shipping,Wrong item,High,Closed,Negative,SecureVault,Professional,South Asia,English,Agent_003 (Lena K),"My order #23822 was supposed to arrive on Aug 14, 2024 but it's still not here.",Refund processed,31.1,2.6,13.7,False,False,9,100,2025-06-05 12:19:00,13.7,17.400000000000002,31.1,24,0.0,22,Wednesday,Noche (18-24),False,7.100000000000001,False
TKT-00950,2024-04-15 07:16:00,,chat,Complaint,Unresolved issue,Medium,Open,Neutral,CloudSync Pro,Starter,North America,English,Agent_004 (Omar F),Your refund policy is very unfair. I'm considering leaving the platform.,Issue fixed by agent,,,6.4,False,False,6,62,2024-04-15 13:40:00,6.4,,,48,,7,Monday,Mañana (06-12),False,,False
TKT-00951,2025-02-11 20:38:00,2025-02-16 16:56:00,chat,Refund / Return,Policy inquiry,Low,Closed,Negative,DataDash,Professional,Africa,English,Agent_009 (Yuki T),I want to return an item from order #96235 — it doesn't meet my needs.,Issue fixed by agent,116.3,2.6,11.0,False,False,11,908,2025-02-12 07:38:00,11.0,105.3,116.3,72,0.0,20,Tuesday,Noche (18-24),False,44.3,False
TKT-00952,2024-02-15 10:25:00,2024-02-22 13:31:00,chat,General Inquiry,Compatibility,Low,Resolved,Very Negative,InvoiceFlow,Starter,Europe,English,Agent_006 (Raj P),I'm interested in a partnership opportunity with your company.,Self-service guided,171.1,1.6,10.8,False,False,2,800,2024-02-15 21:13:00,10.8,160.29999999999998,171.1,72,0.0,10,Thursday,Mañana (06-12),False,99.1,False
TKT-00953,2025-02-26 22:41:00,2025-02-27 08:11:00,email,Technical Issue,Feature not working,High,Resolved,Negative,TaskBoard,Professional,Europe,Japanese,Agent_009 (Yuki T),Performance has been extremely slow on my end. Pages take 20+ seconds to load.,Refund processed,9.5,2.3,6.6,False,False,6,311,2025-02-27 05:17:00,6.6,2.9000000000000004,9.5,24,1.0,22,Wednesday,Noche (18-24),False,0.0,False
TKT-00954,2025-01-05 08:21:00,,chat,Technical Issue,Login error,High,Open,Very Negative,DataDash,Enterprise,Middle East,English,Agent_001 (Priya S),The app keeps crashing when I try to upload a file. I'm on iOS 17.,Issue fixed by agent,,,8.0,False,False,10,471,2025-01-05 16:21:00,8.0,,,24,,8,Sunday,Mañana (06-12),False,,False
TKT-00955,2024-08-19 10:50:00,2024-08-25 20:08:00,email,Technical Issue,App crash,Low,Closed,Neutral,InvoiceFlow,Free,North America,Arabic,Agent_003 (Lena K),Performance has been extremely slow on my end. Pages take 20+ seconds to load.,Issue fixed by agent,153.3,3.7,7.4,False,False,2,236,2024-08-19 18:14:00,7.4,145.9,153.3,72,0.0,10,Monday,Mañana (06-12),False,81.30000000000001,False
TKT-00956,2024-02-13 19:09:00,,web_form,Account Access,2FA issue,Medium,In Progress,Neutral,InvoiceFlow,Professional,South Asia,English,Agent_001 (Priya S),My account appears to be locked. I haven't violated any terms.,Issue fixed by agent,,,10.1,False,False,5,1029,2024-02-14 05:15:00,10.1,,,48,,19,Tuesday,Noche (18-24),False,,False
TKT-00957,2024-04-29 09:57:00,2024-05-01 13:27:00,chat,Account Access,Account deletion,Medium,Closed,Neutral,DataDash,Starter,South Asia,English,Agent_006 (Raj P),My account appears to be locked. I haven't violated any terms.,Issue fixed by agent,51.5,3.2,23.7,False,False,8,892,2024-04-30 09:39:00,23.7,27.8,51.5,48,0.0,9,Monday,Mañana (06-12),False,3.5,False
TKT-00958,2024-02-26 22:20:00,,web_form,Technical Issue,Login error,Medium,In Progress,Positive,InvoiceFlow,Starter,Europe,English,Agent_001 (Priya S),The app keeps crashing when I try to upload a file. I'm on Windows 11.,Escalated to engineering,,,11.6,False,False,2,527,2024-02-27 09:56:00,11.6,,,48,,22,Monday,Noche (18-24),False,,False
TKT-00959,2024-11-09 18:45:00,2024-11-14 01:09:00,chat,Refund / Return,Return request,Low,Closed,Positive,CloudSync Pro,Starter,Europe,English,Agent_008 (Daniel N),I was overcharged and would like a partial refund for the difference.,Refund processed,102.4,4.8,11.3,False,False,1,422,2024-11-10 06:03:00,11.3,91.10000000000001,102.4,72,0.0,18,Saturday,Noche (18-24),True,30.400000000000006,False
TKT-00960,2025-06-27 09:53:00,2025-06-30 22:59:00,chat,Refund / Return,Policy inquiry,Medium,Resolved,Neutral,DataDash,Professional,Southeast Asia,Hindi,Agent_004 (Omar F),What's the status of refund request #REF-4597? It's been 6 days.,Issue fixed by agent,85.1,3.5,7.0,False,False,4,440,2025-06-27 16:53:00,7.0,78.1,85.1,48,0.0,9,Friday,Mañana (06-12),False,37.099999999999994,False
TKT-00961,2025-06-21 13:51:00,2025-06-25 10:57:00,email,Billing,Invoice request,Low,Resolved,Neutral,CloudSync Pro,Enterprise,North America,English,Agent_007 (Elena V),My payment of $240.49 failed but the amount was still deducted from my account.,,93.1,3.0,23.2,False,False,12,286,2025-06-22 13:03:00,23.2,69.89999999999999,93.1,72,0.0,13,Saturday,Tarde (12-18),False,21.099999999999994,False
TKT-00962,2025-05-30 20:55:00,,email,Billing,Subscription upgrade,Critical,In Progress,Very Negative,SecureVault,Professional,Southeast Asia,Hindi,Agent_009 (Yuki T),I noticed an incorrect charge of $251.99 on my last bill. Can you look into invoice INV-8214?,Pending customer,,,21.8,False,False,6,1319,2025-05-31 18:43:00,21.8,,,8,,20,Friday,Noche (18-24),False,,False
TKT-00963,2024-04-06 12:12:00,2024-04-07 04:18:00,chat,Feature Request,UI improvement,High,Resolved,Negative,CloudSync Pro,Professional,Europe,Arabic,Agent_005 (Sophie M),"Can you add an option to export reports in Excel format, not just CSV?",,,2.9,,False,False,11,181,,,,,24,,12,Saturday,Tarde (12-18),False,,True
TKT-00964,2024-12-24 18:47:00,2024-12-26 10:17:00,phone,Account Access,Account deletion,High,Resolved,Neutral,SecureVault,Starter,Southeast Asia,English,Agent_007 (Elena V),I'm having trouble with 2FA — the codes aren't working on my new phone.,Escalated to engineering,39.5,3.2,9.7,False,False,8,976,2024-12-25 04:29:00,9.7,29.8,39.5,24,0.0,18,Tuesday,Noche (18-24),False,15.5,False
TKT-00965,2024-01-25 16:11:00,2024-01-27 17:17:00,chat,Account Access,Email change,Medium,Resolved,Negative,CloudSync Pro,Starter,Middle East,Japanese,Agent_001 (Priya S),My account appears to be locked. I haven't violated any terms.,Self-service guided,49.1,2.6,8.1,False,False,1,631,2024-01-26 00:17:00,8.1,41.0,49.1,48,0.0,16,Thursday,Tarde (12-18),True,1.1000000000000014,False
TKT-00966,2025-02-07 10:51:00,,whatsapp,Technical Issue,Feature not working,High,In Progress,Negative,InvoiceFlow,Starter,Southeast Asia,English,Agent_001 (Priya S),Performance has been extremely slow on my end. Pages take 20+ seconds to load.,Escalated to engineering,,,16.0,False,False,3,75,2025-02-08 02:51:00,16.0,,,24,,10,Friday,Mañana (06-12),False,,False
TKT-00967,2025-03-25 12:57:00,,web_form,Feature Request,UI improvement,Medium,In Progress,Positive,CloudSync Pro,Starter,North America,English,Agent_005 (Sophie M),A dark mode option would be greatly appreciated for late-night work sessions.,Self-service guided,,,16.4,False,False,10,197,2025-03-26 05:21:00,16.4,,,48,,12,Tuesday,Tarde (12-18),False,,False
TKT-00968,2025-03-06 09:02:00,2025-03-09 21:50:00,helpdesk_portal,Refund / Return,Policy inquiry,Medium,Resolved,Negative,CloudSync Pro,Starter,Middle East,Hindi,Agent_005 (Sophie M),I want to return an item from order #35499 — it doesn't meet my needs.,Self-service guided,84.8,2.3,12.0,False,False,4,308,2025-03-06 21:02:00,12.0,72.8,84.8,48,0.0,9,Thursday,Mañana (06-12),False,36.8,False
TKT-00969,2025-01-31 19:39:00,2025-02-01 11:57:00,helpdesk_portal,Account Access,Account deletion,High,Closed,Negative,TaskBoard,Starter,Europe,English,Agent_003 (Lena K),I'm having trouble with 2FA — the codes aren't working on my new phone.,Self-service guided,,2.3,,False,False,8,348,,,,,24,,19,Friday,Noche (18-24),False,,True
TKT-00970,2025-03-27 18:17:00,2025-04-01 14:05:00,email,Feature Request,New integration,Low,Resolved,Negative,TaskBoard,Starter,South Asia,French,Agent_003 (Lena K),Is there any plan to expose an API for the reporting module?,Issue fixed by agent,115.8,2.4,9.2,False,False,9,88,2025-03-28 03:29:00,9.2,106.6,115.8,72,0.0,18,Thursday,Noche (18-24),False,43.8,False
TKT-00971,2024-06-29 15:53:00,2024-07-01 08:05:00,email,Delivery / Shipping,Late delivery,Low,Resolved,Very Negative,DataDash,Enterprise,North America,English,Agent_007 (Elena V),"My order #36488 was supposed to arrive on May 24, 2024 but it's still not here.",Self-service guided,40.2,1.5,15.6,False,False,7,885,2024-06-30 07:29:00,15.6,24.6,40.2,72,1.0,15,Saturday,Tarde (12-18),False,0.0,False
TKT-00972,2024-02-24 16:52:00,2024-03-02 02:22:00,whatsapp,Delivery / Shipping,Late delivery,Low,Escalated,Very Negative,SecureVault,Professional,North America,English,Agent_003 (Lena K),"My order #61346 was supposed to arrive on May 15, 2025 but it's still not here.",Issue fixed by agent,153.5,,14.2,False,True,10,1299,2024-02-25 07:04:00,14.2,139.3,153.5,72,0.0,16,Saturday,Tarde (12-18),False,81.5,False
TKT-00973,2025-04-29 13:54:00,2025-05-01 08:30:00,phone,Account Access,2FA issue,Medium,Closed,Very Negative,CloudSync Pro,Starter,North America,English,Agent_006 (Raj P),My account appears to be locked. I haven't violated any terms.,Issue fixed by agent,42.6,1.9,14.4,False,False,12,818,2025-04-30 04:18:00,14.4,28.200000000000003,42.6,48,1.0,13,Tuesday,Tarde (12-18),False,0.0,False
TKT-00974,2024-07-31 14:31:00,,whatsapp,General Inquiry,Documentation,High,In Progress,Negative,DataDash,Professional,North America,Japanese,Agent_009 (Yuki T),I'm interested in a partnership opportunity with your company.,Issue fixed by agent,,,6.5,False,False,8,1081,2024-07-31 21:01:00,6.5,,,24,,14,Wednesday,Tarde (12-18),False,,False
TKT-00975,2024-08-06 20:59:00,2024-08-10 05:23:00,email,Billing,Payment failure,Medium,Resolved,Negative,TaskBoard,Starter,South Asia,English,Agent_008 (Daniel N),"Hi, I was charged $449.49 twice on Sep 25, 2024. My invoice is INV-3118. Please refund the duplicate.",Self-service guided,80.4,2.8,18.9,False,False,5,504,2024-08-07 15:53:00,18.9,61.50000000000001,80.4,48,0.0,20,Tuesday,Noche (18-24),False,32.400000000000006,False
TKT-00976,2024-11-19 13:01:00,2024-11-22 05:49:00,email,Delivery / Shipping,Wrong item,Low,Resolved,Negative,TaskBoard,Starter,South Asia,English,Agent_001 (Priya S),"My order #26278 was supposed to arrive on Jan 15, 2025 but it's still not here.",Refund processed,64.8,2.2,21.9,True,False,3,1244,2024-11-20 10:55:00,21.9,42.9,64.8,72,1.0,13,Tuesday,Tarde (12-18),False,0.0,False
TKT-00977,2024-01-04 14:01:00,,phone,General Inquiry,Documentation,Medium,In Progress,Negative,CloudSync Pro,Enterprise,South Asia,English,Unassigned,Could you explain the difference between the Professional and Enterprise plans?,Self-service guided,,,,False,False,6,9,,,,,48,,14,Thursday,Tarde (12-18),False,,False
TKT-00978,2024-11-04 10:50:00,2024-11-10 02:38:00,helpdesk_portal,Billing,Subscription upgrade,Low,Escalated,Positive,CloudSync Pro,Enterprise,North America,Japanese,Agent_002 (James T),I noticed an incorrect charge of $470.00 on my last bill. Can you look into invoice INV-5871?,Pending customer,135.8,,14.1,False,True,12,308,2024-11-05 00:56:00,14.1,121.70000000000002,135.8,72,0.0,10,Monday,Mañana (06-12),False,63.80000000000001,False
TKT-00979,2025-06-11 11:27:00,2025-06-13 01:15:00,whatsapp,Technical Issue,Login error,High,Resolved,Negative,InvoiceFlow,Enterprise,North America,English,Agent_008 (Daniel N),Performance has been extremely slow on my end. Pages take 20+ seconds to load.,Issue fixed by agent,37.8,2.9,14.2,False,False,9,254,2025-06-12 01:39:00,14.2,23.599999999999998,37.8,24,0.0,11,Wednesday,Mañana (06-12),False,13.799999999999997,False
TKT-00980,2024-10-28 16:37:00,2024-10-30 00:19:00,chat,Feature Request,UI improvement,High,Resolved,Very Negative,TaskBoard,Professional,North America,French,Agent_003 (Lena K),It would be really helpful if CloudSync Pro supported direct integration with HubSpot.,No action needed,31.7,1.3,8.5,False,False,4,755,2024-10-29 01:07:00,8.5,23.2,31.7,24,0.0,16,Monday,Tarde (12-18),False,7.699999999999999,False
TKT-00981,2025-05-23 22:17:00,,chat,Refund / Return,Return request,Medium,Open,Positive,TaskBoard,Free,North America,English,Agent_004 (Omar F),I was overcharged and would like a partial refund for the difference.,Pending customer,,,0.5,True,False,5,678,2025-05-23 22:47:00,0.5,,,48,,22,Friday,Noche (18-24),False,,False
TKT-00982,2024-05-15 13:43:00,2024-05-18 00:19:00,email,General Inquiry,Documentation,Medium,Closed,Neutral,InvoiceFlow,Starter,Southeast Asia,German,Agent_009 (Yuki T),I'm interested in a partnership opportunity with your company.,Self-service guided,58.6,3.4,3.1,False,False,3,1006,2024-05-15 16:49:00,3.1,55.5,58.6,48,0.0,13,Wednesday,Tarde (12-18),False,10.600000000000001,False
TKT-00983,2024-02-20 08:21:00,2024-02-21 22:45:00,web_form,Billing,Payment failure,Medium,Closed,Negative,SecureVault,Enterprise,Middle East,English,Agent_001 (Priya S),My payment of $289.00 failed but the amount was still deducted from my account.,Pending customer,38.4,2.4,23.3,False,False,12,850,2024-02-21 07:39:00,23.3,15.099999999999998,38.4,48,1.0,8,Tuesday,Mañana (06-12),False,0.0,False
TKT-00984,2024-10-27 13:05:00,2024-10-31 21:17:00,whatsapp,Technical Issue,Performance slow,Low,Resolved,Very Negative,TaskBoard,Enterprise,Europe,English,Agent_004 (Omar F),Performance has been extremely slow on my end. Pages take 20+ seconds to load.,Escalated to engineering,104.2,1.7,10.1,False,False,9,1037,2024-10-27 23:11:00,10.1,94.10000000000001,104.2,72,0.0,13,Sunday,Tarde (12-18),False,32.2,False
TKT-00985,2024-02-14 12:25:00,,whatsapp,Account Access,2FA issue,Medium,Open,Positive,DataDash,Professional,Southeast Asia,English,Agent_004 (Omar F),I can't log in to my account. The password reset email is not arriving.,Issue fixed by agent,,,12.5,False,False,2,1147,2024-02-15 00:55:00,12.5,,,48,,12,Wednesday,Tarde (12-18),False,,False
TKT-00986,2024-05-18 07:34:00,2024-05-21 05:04:00,web_form,Account Access,Account deletion,Low,Escalated,Neutral,DataDash,Professional,North America,English,Agent_003 (Lena K),I can't log in to my account. The password reset email is not arriving.,Pending customer,69.5,,11.2,False,True,11,341,2024-05-18 18:46:00,11.2,58.3,69.5,72,1.0,7,Saturday,Mañana (06-12),False,0.0,False
TKT-00987,2024-10-06 12:19:00,,web_form,Delivery / Shipping,Tracking issue,Medium,In Progress,Negative,InvoiceFlow,Professional,South Asia,Hindi,Agent_004 (Omar F),The tracking for order #67299 hasn't updated in 3 days.,Pending customer,,,15.7,False,False,5,21,2024-10-07 04:01:00,15.7,,,48,,12,Sunday,Tarde (12-18),False,,False
TKT-00988,2025-06-15 09:57:00,2025-06-16 12:45:00,chat,General Inquiry,Partnership,Medium,Resolved,Very Negative,CloudSync Pro,Professional,South Asia,German,Agent_006 (Raj P),Does DataDash integrate with Salesforce?,Self-service guided,26.8,1.2,11.7,False,False,5,110,2025-06-15 21:39:00,11.7,15.100000000000001,26.8,48,1.0,9,Sunday,Mañana (06-12),False,0.0,False
TKT-00989,2024-09-28 17:20:00,2024-10-01 05:26:00,whatsapp,Complaint,Unresolved issue,Medium,Resolved,Positive,DataDash,Enterprise,Europe,English,Agent_005 (Sophie M),Your refund policy is very unfair. I'm considering leaving the platform.,Issue fixed by agent,60.1,4.3,6.2,False,False,4,849,2024-09-28 23:32:00,6.2,53.9,60.1,48,0.0,17,Saturday,Tarde (12-18),False,12.100000000000001,False
TKT-00990,2024-03-30 20:28:00,2024-04-02 20:28:00,email,General Inquiry,Pricing info,Low,Resolved,Positive,CloudSync Pro,Starter,Europe,English,Agent_001 (Priya S),Where can I find documentation on setting up the API?,Issue fixed by agent,72.0,4.2,7.7,False,False,6,102,2024-03-31 04:10:00,7.7,64.3,72.0,72,1.0,20,Saturday,Noche (18-24),False,0.0,False
TKT-00991,2024-07-09 22:42:00,2024-07-12 11:18:00,phone,Account Access,Password reset,Medium,Closed,Very Negative,TaskBoard,Professional,Southeast Asia,Arabic,Agent_004 (Omar F),I'm having trouble with 2FA — the codes aren't working on my new phone.,,60.6,1.0,3.7,False,False,9,548,2024-07-10 02:24:00,3.7,56.9,60.6,48,0.0,22,Tuesday,Noche (18-24),False,12.600000000000001,False
TKT-00992,2024-07-03 18:39:00,2024-07-04 22:33:00,whatsapp,Technical Issue,App crash,High,Closed,Negative,CloudSync Pro,Starter,Middle East,English,Agent_008 (Daniel N),The app keeps crashing when I try to upload a file. I'm on Windows 11.,Self-service guided,27.9,2.0,1.9,False,False,3,287,2024-07-03 20:33:00,1.9,26.0,27.9,24,0.0,18,Wednesday,Noche (18-24),False,3.8999999999999986,False
TKT-00993,2024-09-08 09:39:00,2024-09-09 12:45:00,twitter_dm,Billing,Payment failure,Medium,Resolved,Negative,SecureVault,Free,Middle East,English,Agent_008 (Daniel N),I noticed an incorrect charge of $414.00 on my last bill. Can you look into invoice INV-7779?,Issue fixed by agent,27.1,2.9,23.2,False,False,1,858,2024-09-09 08:51:00,23.2,3.900000000000002,27.1,48,1.0,9,Sunday,Mañana (06-12),True,0.0,False
TKT-00994,2024-05-27 21:46:00,2024-05-31 06:58:00,web_form,Delivery / Shipping,Late delivery,Low,Resolved,Neutral,DataDash,Enterprise,Africa,English,Agent_009 (Yuki T),"My order #33308 was supposed to arrive on Mar 23, 2025 but it's still not here.",No action needed,81.2,3.8,10.9,False,False,4,370,2024-05-28 08:40:00,10.9,70.3,81.2,72,0.0,21,Monday,Noche (18-24),False,9.200000000000003,False
TKT-00995,2024-11-23 09:55:00,2024-11-26 18:37:00,whatsapp,Complaint,Unresolved issue,Medium,Resolved,Very Negative,CloudSync Pro,Starter,Southeast Asia,English,Agent_005 (Sophie M),Your refund policy is very unfair. I'm considering leaving the platform.,No action needed,80.7,1.4,6.4,False,False,6,1287,2024-11-23 16:19:00,6.4,74.3,80.7,48,0.0,9,Saturday,Mañana (06-12),False,32.7,False
TKT-00996,2024-02-03 17:06:00,,web_form,General Inquiry,Pricing info,Medium,Open,Neutral,TaskBoard,Enterprise,Europe,English,Agent_007 (Elena V),Does CloudSync Pro integrate with Salesforce?,Refund processed,,,16.8,False,False,12,109,2024-02-04 09:54:00,16.8,,,48,,17,Saturday,Tarde (12-18),False,,False
TKT-00997,2024-01-11 15:28:00,,chat,Billing,Duplicate charge,High,Open,Very Negative,TaskBoard,Starter,North America,French,Agent_002 (James T),"Hi, I was charged $424.00 twice on Dec 15, 2024. My invoice is INV-3779. Please refund the duplicate.",No action needed,,,11.0,False,False,6,76,2024-01-12 02:28:00,11.0,,,24,,15,Thursday,Tarde (12-18),False,,False
TKT-00998,2024-03-26 19:38:00,,web_form,Technical Issue,Data sync issue,Low,In Progress,Very Negative,InvoiceFlow,Free,South Asia,Japanese,Agent_007 (Elena V),I'm unable to connect an integration since the latest update. Getting error code ERR-759.,Escalated to engineering,,,1.1,False,False,12,1290,2024-03-26 20:44:00,1.1,,,72,,19,Tuesday,Noche (18-24),False,,False
TKT-00999,2025-01-26 18:00:00,,chat,Technical Issue,Data sync issue,Critical,In Progress,Negative,TaskBoard,Enterprise,South Asia,English,Agent_005 (Sophie M),Performance has been extremely slow on my end. Pages take 20+ seconds to load.,Policy exception granted,,,0.7,False,False,11,1347,2025-01-26 18:42:00,0.7,,,8,,18,Sunday,Noche (18-24),False,,False
TKT-01000,2025-03-22 07:37:00,,email,Technical Issue,App crash,High,In Progress,Very Negative,DataDash,Free,Middle East,Japanese,Agent_009 (Yuki T),Performance has been extremely slow on my end. Pages take 20+ seconds to load.,No action needed,,,8.3,False,False,11,1366,2025-03-22 15:55:00,8.3,,,24,,7,Saturday,Mañana (06-12),False,,False
TKT-01001,2024-04-12 10:36:00,2024-04-14 04:48:00,chat,Delivery / Shipping,Missing package,Medium,Closed,Very Negative,TaskBoard,Professional,North America,French,Agent_005 (Sophie M),The tracking for order #99895 hasn't updated in 7 days.,Pending customer,42.2,1.1,8.6,False,False,2,420,2024-04-12 19:12:00,8.6,33.6,42.2,48,1.0,10,Friday,Mañana (06-12),False,0.0,False
TKT-01002,2024-02-19 22:22:00,2024-02-22 01:34:00,web_form,Technical Issue,Feature not working,Low,Closed,Very Negative,SecureVault,Professional,South Asia,Spanish,Agent_006 (Raj P),Performance has been extremely slow on my end. Pages take 20+ seconds to load.,Self-service guided,51.2,1.3,10.8,False,False,8,924,2024-02-20 09:10:00,10.8,40.400000000000006,51.2,72,1.0,22,Monday,Noche (18-24),False,0.0,False
TKT-01003,2025-04-25 10:11:00,2025-04-27 05:23:00,chat,Feature Request,New integration,Medium,Closed,Very Negative,InvoiceFlow,Professional,Africa,Hindi,Agent_004 (Omar F),It would be really helpful if CloudSync Pro supported direct integration with Jira.,Refund processed,43.2,2.0,13.8,False,False,4,1390,2025-04-25 23:59:00,13.8,29.400000000000002,43.2,48,1.0,10,Friday,Mañana (06-12),False,0.0,False
TKT-01004,2025-01-17 14:15:00,2025-01-19 07:57:00,whatsapp,Billing,Payment failure,Medium,Resolved,Neutral,InvoiceFlow,Professional,North America,English,Agent_007 (Elena V),I noticed an incorrect charge of $221.99 on my last bill. Can you look into invoice INV-1872?,No action needed,41.7,3.4,20.5,False,False,5,755,2025-01-18 10:45:00,20.5,21.200000000000003,41.7,48,1.0,14,Friday,Tarde (12-18),False,0.0,False
TKT-01005,2024-09-07 15:43:00,2024-09-13 11:37:00,chat,Billing,Invoice request,Low,Closed,Very Negative,CloudSync Pro,Starter,North America,English,Agent_009 (Yuki T),My payment of $433.99 failed but the amount was still deducted from my account.,Issue fixed by agent,139.9,1.1,3.1,False,False,5,1313,2024-09-07 18:49:00,3.1,136.8,139.9,72,0.0,15,Saturday,Tarde (12-18),False,67.9,False
TKT-01006,2024-10-05 08:46:00,2024-10-08 11:28:00,helpdesk_portal,Technical Issue,Feature not working,Medium,Resolved,Negative,CloudSync Pro,Starter,Europe,English,Unassigned,Performance has been extremely slow on my end. Pages take 20+ seconds to load.,Issue fixed by agent,74.7,3.0,,False,False,9,646,,,,74.7,48,0.0,8,Saturday,Mañana (06-12),False,26.700000000000003,False
TKT-01007,2024-05-29 22:49:00,,helpdesk_portal,Technical Issue,Data sync issue,Medium,In Progress,Very Negative,SecureVault,Starter,South Asia,English,Agent_007 (Elena V),My data isn't syncing across devices. Last successful sync was 3 days ago.,Issue fixed by agent,,,14.7,False,False,11,233,2024-05-30 13:31:00,14.7,,,48,,22,Wednesday,Noche (18-24),False,,False
TKT-01008,2024-04-13 09:20:00,2024-04-19 04:32:00,email,Billing,Duplicate charge,Low,Resolved,Very Negative,CloudSync Pro,Enterprise,Europe,English,Agent_005 (Sophie M),I noticed an incorrect charge of $158.49 on my last bill. Can you look into invoice INV-7481?,Escalated to engineering,139.2,1.9,6.9,False,False,1,365,2024-04-13 16:14:00,6.9,132.29999999999998,139.2,72,0.0,9,Saturday,Mañana (06-12),True,67.19999999999999,False
TKT-01009,2024-03-26 21:15:00,,web_form,Complaint,Unresolved issue,High,In Progress,Neutral,DataDash,Free,Southeast Asia,Hindi,Agent_001 (Priya S),I've contacted support 2 times about the same issue and it's still unresolved.,Pending customer,,,1.3,False,False,6,222,2024-03-26 22:33:00,1.3,,,24,,21,Tuesday,Noche (18-24),False,,False
TKT-01010,2024-03-09 19:32:00,2024-03-10 16:32:00,email,Technical Issue,Data sync issue,Medium,Resolved,Positive,TaskBoard,Free,Southeast Asia,English,Agent_001 (Priya S),Performance has been extremely slow on my end. Pages take 20+ seconds to load.,Self-service guided,21.0,4.1,8.2,False,False,2,674,2024-03-10 03:44:00,8.2,12.8,21.0,48,1.0,19,Saturday,Noche (18-24),False,0.0,False
TKT-01011,2024-06-30 16:37:00,2024-07-01 23:25:00,web_form,General Inquiry,Pricing info,Medium,Resolved,Very Negative,DataDash,Professional,South Asia,Hindi,Agent_005 (Sophie M),Could you explain the difference between the Professional and Enterprise plans?,Escalated to engineering,30.8,1.7,9.6,False,False,4,1189,2024-07-01 02:13:00,9.6,21.200000000000003,30.8,48,1.0,16,Sunday,Tarde (12-18),False,0.0,False
TKT-01012,2025-06-02 16:44:00,,email,Billing,Payment failure,High,In Progress,Negative,SecureVault,Enterprise,Middle East,English,Agent_009 (Yuki T),Could you send me a detailed invoice for the period Oct–Dec 2024? I need it for tax purposes.,Issue fixed by agent,,,4.6,False,False,2,507,2025-06-02 21:20:00,4.6,,,24,,16,Monday,Tarde (12-18),False,,False
TKT-01013,2024-11-16 13:50:00,2024-11-17 18:38:00,email,Feature Request,New integration,Medium,Escalated,Negative,SecureVault,Starter,Africa,French,Agent_002 (James T),It would be really helpful if TaskBoard supported direct integration with HubSpot.,Pending customer,28.8,,7.0,False,True,12,26,2024-11-16 20:50:00,7.0,21.8,28.8,48,1.0,13,Saturday,Tarde (12-18),False,0.0,False
TKT-01014,2024-05-22 17:15:00,2024-05-29 20:15:00,helpdesk_portal,Delivery / Shipping,Damaged item,Low,Closed,Negative,CloudSync Pro,Starter,North America,French,Unassigned,I received the wrong item in my package. Order #91143.,Issue fixed by agent,171.0,2.6,,False,False,7,1451,,,,171.0,72,0.0,17,Wednesday,Tarde (12-18),False,99.0,False
TKT-01015,2024-10-26 08:01:00,2024-10-27 19:25:00,email,Technical Issue,Login error,Medium,Resolved,Positive,SecureVault,Professional,Middle East,English,Agent_006 (Raj P),The app keeps crashing when I try to export a report. I'm on Windows 11.,Issue fixed by agent,35.4,4.3,21.3,False,False,11,1090,2024-10-27 05:19:00,21.3,14.099999999999998,35.4,48,1.0,8,Saturday,Mañana (06-12),False,0.0,False
TKT-01016,2024-04-15 12:50:00,2024-04-22 14:26:00,web_form,Feature Request,Dark mode,Low,Escalated,Neutral,DataDash,Professional,Southeast Asia,Hindi,Agent_003 (Lena K),"Can you add an option to export reports in Excel format, not just CSV?",Issue fixed by agent,169.6,,21.7,False,True,11,474,2024-04-16 10:32:00,21.7,147.9,169.6,72,0.0,12,Monday,Tarde (12-18),False,97.6,False
TKT-01017,2024-11-15 21:46:00,,whatsapp,Billing,Duplicate charge,Medium,In Progress,Negative,TaskBoard,Professional,Southeast Asia,French,Agent_006 (Raj P),My payment of $8.49 failed but the amount was still deducted from my account.,Self-service guided,,,4.8,False,False,7,1034,2024-11-16 02:34:00,4.8,,,48,,21,Friday,Noche (18-24),False,,False
TKT-01018,2024-10-13 18:17:00,,whatsapp,Technical Issue,Login error,Critical,Open,Neutral,InvoiceFlow,Starter,North America,English,Agent_008 (Daniel N),I'm unable to export a report since the latest update. Getting error code ERR-824.,Issue fixed by agent,,,2.4,False,False,11,1411,2024-10-13 20:41:00,2.4,,,8,,18,Sunday,Noche (18-24),False,,False
TKT-01019,2024-08-22 19:48:00,2024-08-23 03:06:00,email,Technical Issue,Data sync issue,Critical,Closed,Negative,CloudSync Pro,Starter,Europe,English,Agent_008 (Daniel N),The app keeps crashing when I try to connect an integration. I'm on iOS 17.,Policy exception granted,,2.9,,False,False,8,81,,,,,8,,19,Thursday,Noche (18-24),False,,True
TKT-01020,2024-08-23 18:55:00,2024-08-27 03:07:00,whatsapp,Complaint,Policy dissatisfaction,Low,Resolved,Very Negative,CloudSync Pro,Free,Middle East,English,Agent_009 (Yuki T),The agent I spoke to was dismissive and unhelpful. I'd like to escalate.,Pending customer,80.2,1.3,20.2,False,False,2,34,2024-08-24 15:07:00,20.2,60.0,80.2,72,0.0,18,Friday,Noche (18-24),False,8.200000000000003,False
TKT-01021,2024-08-28 10:32:00,,twitter_dm,Complaint,Long wait time,Medium,In Progress,Neutral,TaskBoard,Starter,Southeast Asia,Arabic,Agent_007 (Elena V),I've contacted support 2 times about the same issue and it's still unresolved.,Issue fixed by agent,,,17.0,True,False,2,917,2024-08-29 03:32:00,17.0,,,48,,10,Wednesday,Mañana (06-12),False,,False
TKT-01022,2025-05-04 07:13:00,,helpdesk_portal,Billing,Incorrect amount,Medium,Open,Very Negative,InvoiceFlow,Starter,Europe,English,Agent_007 (Elena V),"Hi, I was charged $148.00 twice on Nov 14, 2024. My invoice is INV-9119. Please refund the duplicate.",Issue fixed by agent,,,1.7,True,False,1,603,2025-05-04 08:55:00,1.7,,,48,,7,Sunday,Mañana (06-12),True,,False
TKT-01023,2025-04-28 11:43:00,2025-05-04 01:49:00,twitter_dm,Refund / Return,Partial refund,Low,Resolved,Positive,CloudSync Pro,Starter,North America,English,Agent_003 (Lena K),I want to return an item from order #88631 — it doesn't meet my needs.,Issue fixed by agent,134.1,4.5,11.5,False,False,6,131,2025-04-28 23:13:00,11.5,122.6,134.1,72,0.0,11,Monday,Mañana (06-12),False,62.099999999999994,False
TKT-01024,2024-02-12 15:32:00,,whatsapp,Billing,Invoice request,Medium,In Progress,Negative,CloudSync Pro,Professional,South Asia,Hindi,Agent_006 (Raj P),I noticed an incorrect charge of $24.49 on my last bill. Can you look into invoice INV-2915?,No action needed,,,6.8,False,False,11,63,2024-02-12 22:20:00,6.8,,,48,,15,Monday,Tarde (12-18),False,,False
TKT-01025,2024-12-05 13:58:00,2024-12-05 23:46:00,helpdesk_portal,Account Access,Account deletion,Critical,Closed,Negative,TaskBoard,Professional,North America,English,Agent_005 (Sophie M),I'm having trouble with 2FA — the codes aren't working on my new phone.,Self-service guided,,2.1,,False,False,7,467,,,,,8,,13,Thursday,Tarde (12-18),False,,True
TKT-01026,2024-07-09 08:43:00,,email,Account Access,2FA issue,High,Open,Very Negative,SecureVault,Enterprise,Southeast Asia,English,Agent_004 (Omar F),I'm having trouble with 2FA — the codes aren't working on my new phone.,Escalated to engineering,,,11.3,False,False,9,1102,2024-07-09 20:01:00,11.3,,,24,,8,Tuesday,Mañana (06-12),False,,False
TKT-01027,2024-05-23 07:59:00,2024-05-24 21:59:00,email,Complaint,Repeat issue,Medium,Resolved,Very Negative,SecureVault,Enterprise,North America,Japanese,Agent_007 (Elena V),The agent I spoke to was dismissive and unhelpful. I'd like to escalate.,Self-service guided,38.0,1.1,21.3,False,False,5,1131,2024-05-24 05:17:00,21.3,16.7,38.0,48,1.0,7,Thursday,Mañana (06-12),False,0.0,False
TKT-01028,2024-09-21 20:30:00,,chat,Account Access,Password reset,Medium,In Progress,Negative,CloudSync Pro,Free,Latin America,Spanish,Unassigned,I can't log in to my account. The password reset email is not arriving.,Issue fixed by agent,,,,False,False,4,60,,,,,48,,20,Saturday,Noche (18-24),False,,False
TKT-01029,2024-03-02 13:40:00,2024-03-08 17:22:00,chat,Account Access,2FA issue,Low,Resolved,Very Negative,TaskBoard,Professional,South Asia,Arabic,Agent_006 (Raj P),My account appears to be locked. I haven't violated any terms.,No action needed,147.7,1.9,3.0,False,False,11,393,2024-03-02 16:40:00,3.0,144.7,147.7,72,0.0,13,Saturday,Tarde (12-18),False,75.69999999999999,False
TKT-01030,2024-05-07 12:29:00,2024-05-09 08:53:00,chat,Billing,Duplicate charge,Medium,Resolved,Very Negative,CloudSync Pro,Starter,North America,English,Agent_004 (Omar F),Could you send me a detailed invoice for the period Apr–Jun 2024? I need it for tax purposes.,Refund processed,44.4,1.0,19.5,False,False,12,678,2024-05-08 07:59:00,19.5,24.9,44.4,48,1.0,12,Tuesday,Tarde (12-18),False,0.0,False
TKT-01031,2024-01-28 11:01:00,2024-02-01 05:37:00,email,Billing,Invoice request,Low,Resolved,Positive,CloudSync Pro,Enterprise,North America,French,Agent_001 (Priya S),"Hi, I was charged $131.99 twice on Feb 15, 2025. My invoice is INV-4340. Please refund the duplicate.",Pending customer,90.6,4.2,20.8,False,False,8,1340,2024-01-29 07:49:00,20.8,69.8,90.6,72,0.0,11,Sunday,Mañana (06-12),False,18.599999999999994,False
TKT-01032,2024-11-16 16:17:00,2024-11-22 14:05:00,chat,Complaint,Policy dissatisfaction,Low,Closed,Very Negative,InvoiceFlow,Starter,South Asia,English,Agent_004 (Omar F),I've been waiting 4 days for a response. This is unacceptable.,,141.8,1.5,6.5,False,False,11,637,2024-11-16 22:47:00,6.5,135.3,141.8,72,0.0,16,Saturday,Tarde (12-18),False,69.80000000000001,False
TKT-01033,2024-12-07 12:32:00,,whatsapp,Complaint,Repeat issue,Low,In Progress,Neutral,InvoiceFlow,Enterprise,South Asia,French,Agent_009 (Yuki T),I've been waiting 12 days for a response. This is unacceptable.,No action needed,,,21.9,False,False,5,1442,2024-12-08 10:26:00,21.9,,,72,,12,Saturday,Tarde (12-18),False,,False
TKT-01034,2024-02-19 20:00:00,2024-02-21 17:48:00,whatsapp,Delivery / Shipping,Missing package,Medium,Resolved,Negative,SecureVault,Starter,South Asia,English,Agent_004 (Omar F),I received the wrong item in my package. Order #87816.,No action needed,45.8,2.9,20.8,False,False,7,43,2024-02-20 16:48:00,20.8,24.999999999999996,45.8,48,1.0,20,Monday,Noche (18-24),False,0.0,False
TKT-01035,2024-04-04 20:03:00,2024-04-09 18:39:00,helpdesk_portal,Feature Request,Dark mode,Low,Closed,Positive,CloudSync Pro,Starter,North America,English,Agent_002 (James T),"Can you add an option to export reports in Excel format, not just CSV?",Self-service guided,118.6,4.1,9.5,True,False,3,762,2024-04-05 05:33:00,9.5,109.1,118.6,72,0.0,20,Thursday,Noche (18-24),False,46.599999999999994,False
TKT-01036,2024-06-07 21:35:00,2024-06-08 23:53:00,whatsapp,Billing,Incorrect amount,High,Escalated,Negative,TaskBoard,Professional,Europe,Japanese,Agent_003 (Lena K),I noticed an incorrect charge of $223.00 on my last bill. Can you look into invoice INV-5335?,Issue fixed by agent,26.3,,17.6,False,True,3,919,2024-06-08 15:11:00,17.6,8.7,26.3,24,0.0,21,Friday,Noche (18-24),False,2.3000000000000007,False
TKT-01037,2024-10-13 07:10:00,2024-10-13 21:58:00,chat,Delivery / Shipping,Wrong item,High,Closed,Negative,InvoiceFlow,Enterprise,Middle East,English,Agent_002 (James T),The tracking for order #15299 hasn't updated in 6 days.,Pending customer,14.8,2.3,8.9,False,False,9,774,2024-10-13 16:04:00,8.9,5.9,14.8,24,1.0,7,Sunday,Mañana (06-12),False,0.0,False
TKT-01038,2024-10-25 17:37:00,,email,Technical Issue,Performance slow,Low,Open,Neutral,CloudSync Pro,Enterprise,North America,German,Agent_002 (James T),I'm unable to connect an integration since the latest update. Getting error code ERR-913.,Self-service guided,,,16.8,False,False,4,1309,2024-10-26 10:25:00,16.8,,,72,,17,Friday,Tarde (12-18),False,,False
TKT-01039,2024-05-02 08:00:00,,web_form,Complaint,Rude agent,Medium,In Progress,Negative,DataDash,Professional,Latin America,Hindi,Agent_001 (Priya S),Your refund policy is very unfair. I'm considering leaving the platform.,Policy exception granted,,,5.3,False,False,6,731,2024-05-02 13:18:00,5.3,,,48,,8,Thursday,Mañana (06-12),False,,False
TKT-01040,2024-02-22 22:39:00,,chat,Account Access,Account locked,Low,In Progress,Positive,InvoiceFlow,Free,South Asia,English,Agent_008 (Daniel N),My account appears to be locked. I haven't violated any terms.,,,,16.5,False,False,6,1243,2024-02-23 15:09:00,16.5,,,72,,22,Thursday,Noche (18-24),False,,False
TKT-01041,2024-03-28 12:48:00,,chat,Feature Request,New integration,High,In Progress,Positive,InvoiceFlow,Professional,North America,English,Agent_005 (Sophie M),A dark mode option would be greatly appreciated for late-night work sessions.,Refund processed,,,22.7,False,False,6,913,2024-03-29 11:30:00,22.7,,,24,,12,Thursday,Tarde (12-18),False,,False
TKT-01042,2025-04-21 17:00:00,,chat,Delivery / Shipping,Wrong item,Low,Open,Neutral,SecureVault,Free,South Asia,English,Agent_006 (Raj P),The item I received is damaged. I need a replacement or refund for order #52538.,Policy exception granted,,,22.8,True,False,6,1178,2025-04-22 15:48:00,22.8,,,72,,17,Monday,Tarde (12-18),False,,False
TKT-01043,2025-05-28 20:21:00,2025-05-29 21:51:00,chat,Delivery / Shipping,Late delivery,Medium,Resolved,Positive,SecureVault,Starter,North America,English,Agent_004 (Omar F),The item I received is damaged. I need a replacement or refund for order #99388.,Self-service guided,25.5,4.1,11.7,False,False,11,397,2025-05-29 08:03:00,11.7,13.8,25.5,48,1.0,20,Wednesday,Noche (18-24),False,0.0,False
TKT-01044,2024-02-04 21:35:00,2024-02-08 07:59:00,phone,General Inquiry,Partnership,Medium,Resolved,Neutral,CloudSync Pro,Enterprise,Europe,German,Agent_004 (Omar F),I'm interested in a partnership opportunity with your company.,Issue fixed by agent,82.4,3.6,23.5,False,False,2,1033,2024-02-05 21:05:00,23.5,58.900000000000006,82.4,48,0.0,21,Sunday,Noche (18-24),False,34.400000000000006,False
TKT-01045,2024-04-22 20:47:00,2024-04-25 23:05:00,email,Account Access,Account deletion,Low,Resolved,Negative,SecureVault,Starter,North America,English,Agent_006 (Raj P),My account appears to be locked. I haven't violated any terms.,Pending customer,74.3,2.3,19.3,False,False,6,807,2024-04-23 16:05:00,19.3,55.0,74.3,72,0.0,20,Monday,Noche (18-24),False,2.299999999999997,False
TKT-01046,2024-06-11 22:13:00,2024-06-19 05:01:00,web_form,Delivery / Shipping,Tracking issue,Low,Resolved,Negative,InvoiceFlow,Enterprise,Southeast Asia,Japanese,Agent_002 (James T),"My order #82426 was supposed to arrive on Feb 02, 2025 but it's still not here.",,174.8,2.7,20.7,False,False,10,236,2024-06-12 18:55:00,20.7,154.10000000000002,174.8,72,0.0,22,Tuesday,Noche (18-24),False,102.80000000000001,False
TKT-01047,2025-05-17 13:26:00,2025-05-22 23:32:00,helpdesk_portal,Technical Issue,App crash,Low,Resolved,Neutral,DataDash,Professional,North America,Arabic,Agent_009 (Yuki T),I'm unable to connect an integration since the latest update. Getting error code ERR-769.,Self-service guided,130.1,3.7,12.9,False,False,11,1234,2025-05-18 02:20:00,12.9,117.19999999999999,130.1,72,0.0,13,Saturday,Tarde (12-18),False,58.099999999999994,False
TKT-01048,2024-10-11 14:15:00,2024-10-14 23:03:00,chat,Complaint,Long wait time,Medium,Resolved,Negative,SecureVault,Enterprise,Southeast Asia,English,Agent_003 (Lena K),I've been waiting 10 days for a response. This is unacceptable.,Self-service guided,80.8,2.5,16.9,False,False,2,733,2024-10-12 07:09:00,16.9,63.9,80.8,48,0.0,14,Friday,Tarde (12-18),False,32.8,False
TKT-01049,2025-05-26 16:04:00,2025-05-27 08:52:00,whatsapp,General Inquiry,Documentation,High,Closed,Very Negative,TaskBoard,Starter,North America,English,Agent_005 (Sophie M),Where can I find documentation on setting up the API?,Issue fixed by agent,,1.1,,False,False,10,1074,,,,,24,,16,Monday,Tarde (12-18),False,,True
TKT-01050,2024-10-23 15:32:00,2024-10-24 07:50:00,email,General Inquiry,Compatibility,High,Resolved,Neutral,TaskBoard,Professional,North America,Arabic,Agent_002 (James T),I'm interested in a partnership opportunity with your company.,Escalated to engineering,16.3,3.4,14.2,False,False,2,203,2024-10-24 05:44:00,14.2,2.1000000000000014,16.3,24,1.0,15,Wednesday,Tarde (12-18),False,0.0,False
TKT-01051,2025-04-30 20:24:00,2025-05-01 17:12:00,phone,Technical Issue,Performance slow,High,Resolved,Neutral,DataDash,Enterprise,Africa,German,Agent_004 (Omar F),My data isn't syncing across devices. Last successful sync was 8 days ago.,Self-service guided,20.8,3.5,1.6,False,False,9,1064,2025-04-30 22:00:00,1.6,19.2,20.8,24,1.0,20,Wednesday,Noche (18-24),False,0.0,False
TKT-01052,2025-01-05 08:26:00,2025-01-12 04:38:00,email,Account Access,Account locked,Low,Resolved,Negative,CloudSync Pro,Professional,Europe,English,Agent_001 (Priya S),I need to update the email address associated with my account.,Escalated to engineering,164.2,2.2,1.0,False,False,2,527,2025-01-05 09:26:00,1.0,163.2,164.2,72,0.0,8,Sunday,Mañana (06-12),False,92.19999999999999,False
TKT-01053,2025-06-04 15:42:00,,email,Technical Issue,App crash,Low,In Progress,Negative,InvoiceFlow,Starter,Africa,English,Agent_009 (Yuki T),My data isn't syncing across devices. Last successful sync was 7 days ago.,No action needed,,,2.6,True,False,4,844,2025-06-04 18:18:00,2.6,,,72,,15,Wednesday,Tarde (12-18),False,,False
TKT-01054,2024-04-01 14:21:00,2024-04-01 21:33:00,phone,Feature Request,API access,Critical,Resolved,Neutral,InvoiceFlow,Enterprise,Europe,Arabic,Agent_002 (James T),Is there any plan to expose an API for the reporting module?,Refund processed,,3.3,,False,False,12,252,,,,,8,,14,Monday,Tarde (12-18),False,,True
TKT-01055,2024-06-21 13:25:00,2024-06-22 23:07:00,chat,Feature Request,Dark mode,High,Closed,Very Negative,SecureVault,Starter,Europe,Hindi,Agent_006 (Raj P),A dark mode option would be greatly appreciated for late-night work sessions.,Self-service guided,33.7,1.8,0.2,False,False,8,158,2024-06-21 13:37:00,0.2,33.5,33.7,24,0.0,13,Friday,Tarde (12-18),False,9.700000000000003,False
TKT-01056,2024-04-13 11:07:00,2024-04-19 14:49:00,helpdesk_portal,Feature Request,UI improvement,Low,Resolved,Very Negative,TaskBoard,Enterprise,Southeast Asia,English,Agent_009 (Yuki T),It would be really helpful if TaskBoard supported direct integration with HubSpot.,Self-service guided,147.7,1.1,8.1,False,False,11,483,2024-04-13 19:13:00,8.1,139.6,147.7,72,0.0,11,Saturday,Mañana (06-12),False,75.69999999999999,False
TKT-01057,2024-08-28 08:41:00,2024-08-28 17:35:00,chat,Feature Request,UI improvement,Critical,Resolved,Negative,CloudSync Pro,Starter,Southeast Asia,French,Agent_001 (Priya S),A dark mode option would be greatly appreciated for late-night work sessions.,Issue fixed by agent,,2.4,,False,False,4,506,,,,,8,,8,Wednesday,Mañana (06-12),False,,True
TKT-01058,2024-03-29 07:58:00,2024-03-31 22:34:00,email,General Inquiry,Documentation,Medium,Resolved,Very Negative,SecureVault,Starter,South Asia,English,Agent_003 (Lena K),I'm interested in a partnership opportunity with your company.,No action needed,62.6,1.3,10.6,True,False,3,909,2024-03-29 18:34:00,10.6,52.0,62.6,48,0.0,7,Friday,Mañana (06-12),False,14.600000000000001,False
TKT-01059,2024-09-09 13:51:00,2024-09-10 02:09:00,email,Technical Issue,Login error,Critical,Resolved,Neutral,SecureVault,Enterprise,Europe,English,Agent_004 (Omar F),Performance has been extremely slow on my end. Pages take 20+ seconds to load.,Self-service guided,12.3,3.4,11.4,False,False,9,1256,2024-09-10 01:15:00,11.4,0.9000000000000004,12.3,8,0.0,13,Monday,Tarde (12-18),False,4.300000000000001,False
TKT-01060,2024-02-14 14:28:00,2024-02-18 02:40:00,helpdesk_portal,Feature Request,Dark mode,Medium,Resolved,Neutral,DataDash,Professional,North America,English,Agent_002 (James T),It would be really helpful if DataDash supported direct integration with HubSpot.,Pending customer,84.2,3.9,4.6,False,False,12,802,2024-02-14 19:04:00,4.6,79.60000000000001,84.2,48,0.0,14,Wednesday,Tarde (12-18),False,36.2,False
TKT-01061,2024-08-03 12:47:00,,chat,Refund / Return,Policy inquiry,High,Open,Neutral,CloudSync Pro,Starter,North America,Arabic,Agent_004 (Omar F),What's the status of refund request #REF-7520? It's been 12 days.,Issue fixed by agent,,,7.7,False,False,1,1285,2024-08-03 20:29:00,7.7,,,24,,12,Saturday,Tarde (12-18),True,,False
TKT-01062,2024-02-14 08:57:00,2024-02-14 18:51:00,email,Account Access,Email change,High,Resolved,Negative,InvoiceFlow,Professional,North America,Hindi,Agent_004 (Omar F),My account appears to be locked. I haven't violated any terms.,Issue fixed by agent,,2.5,,False,False,8,1340,,,,,24,,8,Wednesday,Mañana (06-12),False,,True
TKT-01063,2025-06-25 16:52:00,2025-07-01 19:58:00,chat,Billing,Payment failure,Low,Resolved,Very Negative,CloudSync Pro,Enterprise,Southeast Asia,Spanish,Agent_007 (Elena V),My payment of $388.49 failed but the amount was still deducted from my account.,Self-service guided,147.1,1.8,20.3,False,False,10,1382,2025-06-26 13:10:00,20.3,126.8,147.1,72,0.0,16,Wednesday,Tarde (12-18),False,75.1,False
TKT-01064,2024-08-12 21:47:00,2024-08-13 15:53:00,helpdesk_portal,Technical Issue,Login error,High,Closed,Negative,DataDash,Free,Southeast Asia,French,Agent_007 (Elena V),My data isn't syncing across devices. Last successful sync was 4 days ago.,Policy exception granted,18.1,2.3,11.6,False,False,6,406,2024-08-13 09:23:00,11.6,6.500000000000002,18.1,24,1.0,21,Monday,Noche (18-24),False,0.0,False
TKT-01065,2024-03-20 14:50:00,2024-03-25 00:56:00,chat,Account Access,Account locked,Low,Resolved,Negative,CloudSync Pro,Enterprise,Europe,English,Agent_006 (Raj P),My account appears to be locked. I haven't violated any terms.,Self-service guided,106.1,2.1,23.7,False,False,5,1163,2024-03-21 14:32:00,23.7,82.39999999999999,106.1,72,0.0,14,Wednesday,Tarde (12-18),False,34.099999999999994,False
TKT-01066,2024-08-05 16:48:00,2024-08-10 04:36:00,chat,Technical Issue,Feature not working,Low,Resolved,Neutral,DataDash,Professional,South Asia,Hindi,Agent_009 (Yuki T),The app keeps crashing when I try to invite a team member. I'm on macOS Sonoma.,Self-service guided,107.8,3.9,19.7,False,False,10,1298,2024-08-06 12:30:00,19.7,88.1,107.8,72,0.0,16,Monday,Tarde (12-18),False,35.8,False
TKT-01067,2024-06-18 22:50:00,2024-06-20 06:08:00,chat,Technical Issue,Feature not working,Medium,Closed,Negative,TaskBoard,Free,Africa,Hindi,Agent_003 (Lena K),I'm unable to connect an integration since the latest update. Getting error code ERR-747.,Escalated to engineering,31.3,3.0,17.5,False,False,3,395,2024-06-19 16:20:00,17.5,13.8,31.3,48,1.0,22,Tuesday,Noche (18-24),False,0.0,False
TKT-01068,2025-01-30 09:34:00,,email,Delivery / Shipping,Late delivery,Medium,In Progress,Neutral,SecureVault,Starter,Europe,English,Agent_009 (Yuki T),The tracking for order #12491 hasn't updated in 6 days.,Refund processed,,,2.1,False,False,10,1449,2025-01-30 11:40:00,2.1,,,48,,9,Thursday,Mañana (06-12),False,,False
TKT-01069,2024-01-29 10:25:00,2024-01-30 12:55:00,web_form,Technical Issue,Login error,High,Resolved,Neutral,CloudSync Pro,Professional,South Asia,English,Agent_001 (Priya S),Performance has been extremely slow on my end. Pages take 20+ seconds to load.,Issue fixed by agent,26.5,3.8,21.1,False,False,1,158,2024-01-30 07:31:00,21.1,5.399999999999999,26.5,24,0.0,10,Monday,Mañana (06-12),True,2.5,False
TKT-01070,2025-02-08 13:43:00,,chat,Technical Issue,App crash,Low,In Progress,Very Negative,CloudSync Pro,Professional,North America,English,Agent_009 (Yuki T),Performance has been extremely slow on my end. Pages take 20+ seconds to load.,Issue fixed by agent,,,4.6,False,False,3,1275,2025-02-08 18:19:00,4.6,,,72,,13,Saturday,Tarde (12-18),False,,False
TKT-01071,2024-01-06 10:41:00,,chat,Technical Issue,Data sync issue,Low,In Progress,Very Negative,InvoiceFlow,Professional,Europe,Hindi,Agent_007 (Elena V),The app keeps crashing when I try to export a report. I'm on Windows 11.,Issue fixed by agent,,,2.8,False,False,6,584,2024-01-06 13:29:00,2.8,,,72,,10,Saturday,Mañana (06-12),False,,False
TKT-01072,2024-07-09 08:54:00,,whatsapp,Delivery / Shipping,Damaged item,Medium,Open,Negative,SecureVault,Professional,North America,English,Agent_005 (Sophie M),"My order #33425 was supposed to arrive on Aug 31, 2024 but it's still not here.",Refund processed,,,2.8,False,False,1,52,2024-07-09 11:42:00,2.8,,,48,,8,Tuesday,Mañana (06-12),True,,False
TKT-01073,2025-01-04 11:41:00,,web_form,Technical Issue,App crash,Medium,In Progress,Negative,InvoiceFlow,Free,South Asia,English,Agent_007 (Elena V),I'm unable to connect an integration since the latest update. Getting error code ERR-842.,Self-service guided,,,11.9,True,False,12,171,2025-01-04 23:35:00,11.9,,,48,,11,Saturday,Mañana (06-12),False,,False
TKT-01074,2024-04-08 17:12:00,2024-04-10 23:42:00,chat,Technical Issue,Performance slow,Medium,Resolved,Neutral,SecureVault,Professional,Southeast Asia,English,Agent_006 (Raj P),I'm unable to export a report since the latest update. Getting error code ERR-729.,Issue fixed by agent,54.5,3.6,0.7,False,False,1,740,2024-04-08 17:54:00,0.7,53.8,54.5,48,0.0,17,Monday,Tarde (12-18),True,6.5,False
TKT-01075,2024-10-25 20:59:00,2024-10-30 07:29:00,helpdesk_portal,Refund / Return,Full refund,Low,Closed,Negative,CloudSync Pro,Starter,Europe,English,Agent_003 (Lena K),I was overcharged and would like a partial refund for the difference.,Self-service guided,106.5,2.7,9.5,False,False,1,696,2024-10-26 06:29:00,9.5,97.0,106.5,72,0.0,20,Friday,Noche (18-24),True,34.5,False
TKT-01076,2024-05-20 12:36:00,2024-05-22 04:18:00,chat,General Inquiry,Partnership,Low,Closed,Neutral,CloudSync Pro,Starter,Africa,Hindi,Agent_004 (Omar F),Does CloudSync Pro integrate with Salesforce?,Policy exception granted,39.7,3.5,1.8,False,False,1,746,2024-05-20 14:24:00,1.8,37.900000000000006,39.7,72,1.0,12,Monday,Tarde (12-18),True,0.0,False
TKT-01077,2024-02-20 19:17:00,,helpdesk_portal,Billing,Subscription upgrade,Medium,Open,Negative,InvoiceFlow,Enterprise,South Asia,English,Agent_001 (Priya S),My payment of $485.49 failed but the amount was still deducted from my account.,Issue fixed by agent,,,15.3,False,False,2,505,2024-02-21 10:35:00,15.3,,,48,,19,Tuesday,Noche (18-24),False,,False
TKT-01078,2025-02-15 21:28:00,,email,Account Access,Email change,Medium,Open,Neutral,CloudSync Pro,Enterprise,Latin America,Arabic,Agent_007 (Elena V),I can't log in to my account. The password reset email is not arriving.,Refund processed,,,7.4,True,False,8,956,2025-02-16 04:52:00,7.4,,,48,,21,Saturday,Noche (18-24),False,,False
TKT-01079,2025-04-16 11:20:00,2025-04-23 03:26:00,phone,Delivery / Shipping,Wrong item,Low,Resolved,Very Negative,InvoiceFlow,Enterprise,North America,English,Agent_005 (Sophie M),"My order #32891 was supposed to arrive on Jul 05, 2024 but it's still not here.",Issue fixed by agent,160.1,1.6,21.0,False,False,11,696,2025-04-17 08:20:00,21.0,139.1,160.1,72,0.0,11,Wednesday,Mañana (06-12),False,88.1,False
TKT-01080,2025-06-25 16:49:00,,email,Delivery / Shipping,Tracking issue,High,In Progress,Negative,SecureVault,Enterprise,North America,English,Agent_006 (Raj P),The item I received is damaged. I need a replacement or refund for order #27153.,Issue fixed by agent,,,13.3,False,False,11,930,2025-06-26 06:07:00,13.3,,,24,,16,Wednesday,Tarde (12-18),False,,False
TKT-01081,2024-02-27 10:26:00,,helpdesk_portal,Technical Issue,Feature not working,High,In Progress,Neutral,SecureVault,Enterprise,Middle East,Arabic,Agent_009 (Yuki T),I'm unable to export a report since the latest update. Getting error code ERR-483.,Escalated to engineering,,,5.2,False,False,9,1140,2024-02-27 15:38:00,5.2,,,24,,10,Tuesday,Mañana (06-12),False,,False
TKT-01082,2024-07-27 15:55:00,2024-07-28 09:13:00,web_form,Technical Issue,Login error,High,Resolved,Neutral,CloudSync Pro,Starter,North America,German,Agent_009 (Yuki T),The app keeps crashing when I try to invite a team member. I'm on Windows 11.,Policy exception granted,17.3,3.2,15.0,False,False,4,1036,2024-07-28 06:55:00,15.0,2.3000000000000007,17.3,24,1.0,15,Saturday,Tarde (12-18),False,0.0,False
TKT-01083,2024-07-01 21:11:00,,whatsapp,Billing,Payment failure,Medium,Open,Neutral,SecureVault,Professional,Europe,English,Agent_003 (Lena K),Could you send me a detailed invoice for the period Oct–Dec 2024? I need it for tax purposes.,Self-service guided,,,6.3,False,False,11,155,2024-07-02 03:29:00,6.3,,,48,,21,Monday,Noche (18-24),False,,False
TKT-01084,2024-11-28 13:04:00,2024-11-30 04:46:00,chat,Refund / Return,Policy inquiry,Low,Closed,Neutral,CloudSync Pro,Starter,Southeast Asia,English,Agent_009 (Yuki T),I'd like to request a full refund for my recent purchase. Order #93321.,Issue fixed by agent,39.7,3.6,0.4,False,False,12,1210,2024-11-28 13:28:00,0.4,39.300000000000004,39.7,72,1.0,13,Thursday,Tarde (12-18),False,0.0,False
TKT-01085,2024-03-06 22:38:00,2024-03-08 13:14:00,chat,Technical Issue,App crash,High,Closed,Negative,InvoiceFlow,Starter,North America,English,Agent_008 (Daniel N),My data isn't syncing across devices. Last successful sync was 11 days ago.,No action needed,38.6,2.0,17.5,False,False,7,91,2024-03-07 16:08:00,17.5,21.1,38.6,24,0.0,22,Wednesday,Noche (18-24),False,14.600000000000001,False
TKT-01086,2024-08-20 11:07:00,2024-08-27 12:25:00,whatsapp,Billing,Duplicate charge,Low,Closed,Positive,DataDash,Enterprise,South Asia,Spanish,Unassigned,Could you send me a detailed invoice for the period Jul–Sep 2024? I need it for tax purposes.,Refund processed,169.3,4.2,,False,False,11,139,,,,169.3,72,0.0,11,Tuesday,Mañana (06-12),False,97.30000000000001,False
TKT-01087,2024-12-28 18:10:00,,email,Technical Issue,Data sync issue,Low,In Progress,Neutral,CloudSync Pro,Enterprise,Europe,German,Agent_005 (Sophie M),Performance has been extremely slow on my end. Pages take 20+ seconds to load.,Self-service guided,,,0.8,False,False,8,1178,2024-12-28 18:58:00,0.8,,,72,,18,Saturday,Noche (18-24),False,,False
TKT-01088,2024-10-06 10:20:00,2024-10-06 18:26:00,chat,Account Access,2FA issue,High,Closed,Negative,CloudSync Pro,Free,Europe,French,Agent_001 (Priya S),My account appears to be locked. I haven't violated any terms.,Refund processed,,2.7,,False,False,6,630,,,,,24,,10,Sunday,Mañana (06-12),False,,True
TKT-01089,2024-05-20 19:19:00,2024-05-22 06:07:00,email,Feature Request,UI improvement,High,Closed,Negative,DataDash,Free,North America,English,Agent_002 (James T),It would be really helpful if DataDash supported direct integration with Zapier.,Issue fixed by agent,34.8,2.2,3.9,False,False,4,964,2024-05-20 23:13:00,3.9,30.9,34.8,24,0.0,19,Monday,Noche (18-24),False,10.799999999999997,False
TKT-01090,2024-08-16 22:56:00,2024-08-18 10:26:00,web_form,Delivery / Shipping,Missing package,High,Resolved,Very Negative,TaskBoard,Starter,Southeast Asia,English,Agent_008 (Daniel N),The item I received is damaged. I need a replacement or refund for order #64959.,Self-service guided,35.5,1.1,11.9,False,False,3,324,2024-08-17 10:50:00,11.9,23.6,35.5,24,0.0,22,Friday,Noche (18-24),False,11.5,False
TKT-01091,2025-05-23 15:43:00,,chat,Refund / Return,Policy inquiry,Medium,In Progress,Negative,CloudSync Pro,Enterprise,Southeast Asia,Arabic,Agent_002 (James T),I'd like to request a full refund for my recent purchase. Order #44370.,Refund processed,,,13.7,False,False,3,580,2025-05-24 05:25:00,13.7,,,48,,15,Friday,Tarde (12-18),False,,False
TKT-01092,2025-01-19 14:21:00,2025-01-20 19:57:00,web_form,Billing,Payment failure,Medium,Closed,Neutral,CloudSync Pro,Starter,Southeast Asia,English,Agent_009 (Yuki T),Could you send me a detailed invoice for the period Apr–Jun 2024? I need it for tax purposes.,Pending customer,29.6,3.2,21.3,True,False,9,1227,2025-01-20 11:39:00,21.3,8.3,29.6,48,1.0,14,Sunday,Tarde (12-18),False,0.0,False
TKT-01093,2024-10-20 10:45:00,2024-10-24 01:27:00,phone,Account Access,Password reset,Medium,Resolved,Negative,InvoiceFlow,Enterprise,Africa,English,Agent_002 (James T),I need to update the email address associated with my account.,Refund processed,86.7,2.2,15.7,False,False,1,1362,2024-10-21 02:27:00,15.7,71.0,86.7,48,0.0,10,Sunday,Mañana (06-12),True,38.7,False
TKT-01094,2025-03-01 22:46:00,,web_form,Billing,Invoice request,Low,In Progress,Negative,CloudSync Pro,Professional,Africa,French,Agent_001 (Priya S),Could you send me a detailed invoice for the period Apr–Jun 2024? I need it for tax purposes.,Refund processed,,,8.0,False,False,4,513,2025-03-02 06:46:00,8.0,,,72,,22,Saturday,Noche (18-24),False,,False
TKT-01095,2024-07-28 17:23:00,2024-07-30 02:11:00,web_form,General Inquiry,Pricing info,Medium,Closed,Negative,InvoiceFlow,Professional,North America,English,Agent_001 (Priya S),Does InvoiceFlow integrate with Salesforce?,Self-service guided,32.8,2.3,18.9,False,False,3,772,2024-07-29 12:17:00,18.9,13.899999999999999,32.8,48,1.0,17,Sunday,Tarde (12-18),False,0.0,False
TKT-01096,2025-06-03 22:27:00,2025-06-05 03:45:00,whatsapp,Technical Issue,Feature not working,Medium,Resolved,Very Negative,DataDash,Free,Europe,English,Agent_008 (Daniel N),Performance has been extremely slow on my end. Pages take 20+ seconds to load.,Self-service guided,29.3,1.8,22.0,False,False,11,69,2025-06-04 20:27:00,22.0,7.300000000000001,29.3,48,1.0,22,Tuesday,Noche (18-24),False,0.0,False
TKT-01097,2024-03-27 16:53:00,2024-03-28 20:11:00,email,Billing,Duplicate charge,High,Resolved,Very Negative,InvoiceFlow,Professional,Europe,Hindi,Agent_005 (Sophie M),Could you send me a detailed invoice for the period Jul–Sep 2024? I need it for tax purposes.,Refund processed,27.3,1.2,14.1,True,False,2,759,2024-03-28 06:59:00,14.1,13.200000000000001,27.3,24,0.0,16,Wednesday,Tarde (12-18),False,3.3000000000000007,False
TKT-01098,2025-04-26 22:38:00,2025-04-28 04:38:00,chat,Billing,Duplicate charge,High,Closed,Very Negative,TaskBoard,Professional,Europe,English,Agent_001 (Priya S),"Hi, I was charged $462.99 twice on Nov 04, 2024. My invoice is INV-7156. Please refund the duplicate.",Issue fixed by agent,30.0,1.1,16.6,False,False,8,991,2025-04-27 15:14:00,16.6,13.399999999999999,30.0,24,0.0,22,Saturday,Noche (18-24),False,6.0,False
TKT-01099,2025-05-14 11:51:00,,email,General Inquiry,Pricing info,Low,In Progress,Negative,InvoiceFlow,Professional,Europe,English,Agent_006 (Raj P),I'm interested in a partnership opportunity with your company.,Issue fixed by agent,,,18.3,False,False,8,1408,2025-05-15 06:09:00,18.3,,,72,,11,Wednesday,Mañana (06-12),False,,False
TKT-01100,2024-11-28 18:53:00,2024-11-30 18:47:00,phone,General Inquiry,Documentation,Medium,Resolved,Positive,CloudSync Pro,Starter,Africa,English,Agent_004 (Omar F),Could you explain the difference between the Professional and Enterprise plans?,Self-service guided,47.9,4.6,9.0,False,False,7,239,2024-11-29 03:53:00,9.0,38.9,47.9,48,1.0,18,Thursday,Noche (18-24),False,0.0,False
TKT-01101,2025-02-17 09:37:00,2025-02-19 16:07:00,chat,Refund / Return,Partial refund,Low,Resolved,Neutral,SecureVault,Starter,North America,English,Agent_002 (James T),What's the status of refund request #REF-7690? It's been 9 days.,Self-service guided,54.5,3.1,10.3,False,False,6,332,2025-02-17 19:55:00,10.3,44.2,54.5,72,1.0,9,Monday,Mañana (06-12),False,0.0,False
TKT-01102,2024-08-28 07:07:00,2024-08-30 14:25:00,chat,Account Access,2FA issue,Low,Resolved,Negative,SecureVault,Starter,Latin America,Hindi,Agent_001 (Priya S),I need to update the email address associated with my account.,Issue fixed by agent,55.3,2.2,23.9,False,False,9,744,2024-08-29 07:01:00,23.9,31.4,55.3,72,1.0,7,Wednesday,Mañana (06-12),False,0.0,False
TKT-01103,2025-04-10 18:25:00,2025-04-15 23:43:00,chat,Feature Request,UI improvement,Low,Resolved,Negative,CloudSync Pro,Starter,North America,English,Agent_006 (Raj P),"Can you add an option to export reports in Excel format, not just CSV?",Self-service guided,125.3,2.0,18.1,False,False,9,357,2025-04-11 12:31:00,18.1,107.19999999999999,125.3,72,0.0,18,Thursday,Noche (18-24),False,53.3,False
TKT-01104,2025-06-11 11:00:00,2025-06-15 02:30:00,email,Delivery / Shipping,Missing package,Medium,Resolved,Negative,TaskBoard,Professional,Europe,English,Agent_004 (Omar F),"My order #23497 was supposed to arrive on Dec 03, 2024 but it's still not here.",Issue fixed by agent,87.5,2.5,2.0,False,False,10,62,2025-06-11 13:00:00,2.0,85.5,87.5,48,0.0,11,Wednesday,Mañana (06-12),False,39.5,False
TKT-01105,2025-02-28 17:37:00,2025-03-05 07:49:00,chat,Refund / Return,Return request,Low,Resolved,Negative,CloudSync Pro,Enterprise,South Asia,English,Agent_001 (Priya S),I'd like to request a full refund for my recent purchase. Order #38666.,Issue fixed by agent,110.2,2.7,2.7,False,False,12,514,2025-02-28 20:19:00,2.7,107.5,110.2,72,0.0,17,Friday,Tarde (12-18),False,38.2,False
TKT-01106,2024-09-12 08:23:00,2024-09-16 06:23:00,whatsapp,Delivery / Shipping,Tracking issue,Low,Escalated,Negative,DataDash,Free,Europe,English,Agent_008 (Daniel N),"My order #89119 was supposed to arrive on May 08, 2024 but it's still not here.",No action needed,94.0,,3.9,False,True,9,488,2024-09-12 12:17:00,3.9,90.1,94.0,72,0.0,8,Thursday,Mañana (06-12),False,22.0,False
TKT-01107,2024-03-27 20:54:00,2024-03-28 16:12:00,chat,Account Access,Email change,High,Closed,Very Negative,CloudSync Pro,Professional,North America,English,Agent_006 (Raj P),I'm having trouble with 2FA — the codes aren't working on my new phone.,Issue fixed by agent,19.3,1.6,7.2,False,False,12,525,2024-03-28 04:06:00,7.2,12.100000000000001,19.3,24,1.0,20,Wednesday,Noche (18-24),False,0.0,False
TKT-01108,2024-12-14 07:49:00,2024-12-17 06:49:00,email,Delivery / Shipping,Late delivery,Medium,Closed,Negative,DataDash,Professional,Europe,Hindi,Agent_008 (Daniel N),"My order #34676 was supposed to arrive on Dec 20, 2024 but it's still not here.",Self-service guided,71.0,2.9,13.9,False,False,3,1305,2024-12-14 21:43:00,13.9,57.1,71.0,48,0.0,7,Saturday,Mañana (06-12),False,23.0,False
TKT-01109,2024-05-23 07:57:00,2024-05-26 15:45:00,chat,Account Access,Account locked,Medium,Closed,Neutral,InvoiceFlow,Professional,Europe,English,Agent_009 (Yuki T),My account appears to be locked. I haven't violated any terms.,Issue fixed by agent,79.8,3.2,10.7,False,False,5,1031,2024-05-23 18:39:00,10.7,69.1,79.8,48,0.0,7,Thursday,Mañana (06-12),False,31.799999999999997,False
TKT-01110,2024-10-20 13:37:00,2024-10-21 10:43:00,email,Technical Issue,Feature not working,High,Resolved,Negative,DataDash,Professional,North America,English,Agent_008 (Daniel N),The app keeps crashing when I try to export a report. I'm on Android 14.,Refund processed,,3.0,,False,False,8,494,,,,,24,,13,Sunday,Tarde (12-18),False,,True
TKT-01111,2024-06-29 20:53:00,2024-07-06 15:53:00,chat,Delivery / Shipping,Wrong item,Low,Escalated,Negative,DataDash,Enterprise,North America,Japanese,Agent_002 (James T),The item I received is damaged. I need a replacement or refund for order #60607.,Refund processed,163.0,,14.6,False,True,12,27,2024-06-30 11:29:00,14.6,148.4,163.0,72,0.0,20,Saturday,Noche (18-24),False,91.0,False
TKT-01112,2024-08-25 16:46:00,,whatsapp,Billing,Invoice request,Low,Open,Negative,SecureVault,Starter,North America,English,Agent_004 (Omar F),My payment of $129.49 failed but the amount was still deducted from my account.,Policy exception granted,,,1.7,False,False,2,412,2024-08-25 18:28:00,1.7,,,72,,16,Sunday,Tarde (12-18),False,,False
TKT-01113,2024-02-12 13:48:00,2024-02-14 09:12:00,chat,Complaint,Unresolved issue,Medium,Resolved,Neutral,InvoiceFlow,Professional,South Asia,English,Agent_001 (Priya S),I've been waiting 9 days for a response. This is unacceptable.,Pending customer,43.4,3.8,3.4,False,False,12,917,2024-02-12 17:12:00,3.4,40.0,43.4,48,1.0,13,Monday,Tarde (12-18),False,0.0,False
TKT-01114,2024-03-13 13:49:00,2024-03-14 04:13:00,web_form,Feature Request,UI improvement,Critical,Resolved,Negative,SecureVault,Free,Europe,Hindi,Agent_003 (Lena K),It would be really helpful if CloudSync Pro supported direct integration with Slack.,,14.4,2.4,3.9,False,False,11,419,2024-03-13 17:43:00,3.9,10.5,14.4,8,0.0,13,Wednesday,Tarde (12-18),False,6.4,False
TKT-01115,2024-03-22 17:07:00,2024-03-23 08:13:00,email,Feature Request,New integration,High,Resolved,Very Negative,CloudSync Pro,Starter,Southeast Asia,English,Agent_002 (James T),It would be really helpful if TaskBoard supported direct integration with Jira.,Policy exception granted,,2.0,,False,False,9,1132,,,,,24,,17,Friday,Tarde (12-18),False,,True
TKT-01116,2024-07-09 14:43:00,,chat,Feature Request,New integration,High,Open,Very Negative,CloudSync Pro,Enterprise,Latin America,English,Agent_001 (Priya S),"Can you add an option to export reports in Excel format, not just CSV?",Refund processed,,,9.1,False,False,8,132,2024-07-09 23:49:00,9.1,,,24,,14,Tuesday,Tarde (12-18),False,,False
TKT-01117,2024-12-29 21:46:00,2024-12-31 13:22:00,web_form,Billing,Payment failure,Medium,Resolved,Negative,SecureVault,Free,Southeast Asia,English,Agent_004 (Omar F),I noticed an incorrect charge of $443.49 on my last bill. Can you look into invoice INV-7869?,No action needed,39.6,2.9,18.9,False,False,6,153,2024-12-30 16:40:00,18.9,20.700000000000003,39.6,48,1.0,21,Sunday,Noche (18-24),False,0.0,False
TKT-01118,2024-07-26 13:04:00,2024-07-29 20:58:00,web_form,Technical Issue,Login error,Medium,Resolved,Negative,CloudSync Pro,Professional,Europe,Spanish,Agent_005 (Sophie M),Performance has been extremely slow on my end. Pages take 20+ seconds to load.,,79.9,2.9,18.7,False,False,4,616,2024-07-27 07:46:00,18.7,61.2,79.9,48,0.0,13,Friday,Tarde (12-18),False,31.900000000000006,False
TKT-01119,2024-05-16 19:12:00,2024-05-17 20:18:00,phone,Feature Request,New integration,High,Closed,Neutral,DataDash,Starter,Europe,English,Agent_005 (Sophie M),"Can you add an option to export reports in Excel format, not just CSV?",Refund processed,25.1,3.6,11.2,False,False,8,856,2024-05-17 06:24:00,11.2,13.900000000000002,25.1,24,0.0,19,Thursday,Noche (18-24),False,1.1000000000000014,False
TKT-01120,2024-07-08 20:33:00,,web_form,Delivery / Shipping,Late delivery,Low,In Progress,Very Negative,DataDash,Professional,North America,English,Agent_005 (Sophie M),I received the wrong item in my package. Order #10127.,Self-service guided,,,8.4,False,False,5,195,2024-07-09 04:57:00,8.4,,,72,,20,Monday,Noche (18-24),False,,False
TKT-01121,2024-01-04 08:56:00,2024-01-05 19:38:00,phone,General Inquiry,Documentation,Medium,Resolved,Neutral,TaskBoard,Starter,South Asia,Arabic,Agent_009 (Yuki T),Does SecureVault integrate with Salesforce?,Issue fixed by agent,34.7,3.6,18.1,False,False,6,908,2024-01-05 03:02:00,18.1,16.6,34.7,48,1.0,8,Thursday,Mañana (06-12),False,0.0,False
TKT-01122,2025-02-21 17:24:00,2025-02-22 10:42:00,web_form,Billing,Incorrect amount,High,Resolved,Negative,InvoiceFlow,Free,North America,English,Agent_005 (Sophie M),My payment of $229.49 failed but the amount was still deducted from my account.,Issue fixed by agent,,2.4,,False,False,7,429,,,,,24,,17,Friday,Tarde (12-18),False,,True
TKT-01123,2024-07-31 19:19:00,2024-08-05 22:55:00,chat,Billing,Subscription upgrade,Low,Resolved,Positive,DataDash,Free,North America,Arabic,Agent_005 (Sophie M),My payment of $405.99 failed but the amount was still deducted from my account.,Issue fixed by agent,123.6,4.9,1.6,False,False,2,796,2024-07-31 20:55:00,1.6,122.0,123.6,72,0.0,19,Wednesday,Noche (18-24),False,51.599999999999994,False
TKT-01124,2024-12-05 21:39:00,2024-12-07 10:51:00,chat,Technical Issue,Feature not working,High,Escalated,Negative,SecureVault,Starter,South Asia,English,Agent_007 (Elena V),I'm unable to upload a file since the latest update. Getting error code ERR-639.,Refund processed,37.2,,17.8,False,True,3,798,2024-12-06 15:27:00,17.8,19.400000000000002,37.2,24,0.0,21,Thursday,Noche (18-24),False,13.200000000000003,False
TKT-01125,2025-01-23 11:57:00,2025-01-26 20:57:00,whatsapp,General Inquiry,Pricing info,Low,Resolved,Negative,DataDash,Starter,South Asia,French,Agent_001 (Priya S),Could you explain the difference between the Professional and Enterprise plans?,No action needed,81.0,2.9,21.9,False,False,4,1075,2025-01-24 09:51:00,21.9,59.1,81.0,72,0.0,11,Thursday,Mañana (06-12),False,9.0,False
TKT-01126,2025-01-18 07:10:00,2025-01-19 18:46:00,phone,Feature Request,New integration,Medium,Closed,Negative,CloudSync Pro,Free,North America,French,Agent_007 (Elena V),A dark mode option would be greatly appreciated for late-night work sessions.,Refund processed,35.6,2.5,2.0,False,False,6,731,2025-01-18 09:10:00,2.0,33.6,35.6,48,1.0,7,Saturday,Mañana (06-12),False,0.0,False
TKT-01127,2025-06-03 09:22:00,2025-06-04 18:34:00,web_form,Technical Issue,Login error,High,Closed,Neutral,TaskBoard,Starter,Southeast Asia,English,Agent_001 (Priya S),The app keeps crashing when I try to connect an integration. I'm on macOS Sonoma.,No action needed,33.2,3.3,1.2,False,False,1,978,2025-06-03 10:34:00,1.2,32.0,33.2,24,0.0,9,Tuesday,Mañana (06-12),True,9.200000000000003,False
TKT-01128,2025-01-09 08:47:00,2025-01-09 20:53:00,email,Delivery / Shipping,Tracking issue,Critical,Closed,Neutral,InvoiceFlow,Professional,North America,English,Unassigned,The item I received is damaged. I need a replacement or refund for order #94195.,No action needed,12.1,3.3,,False,False,10,545,,,,12.1,8,0.0,8,Thursday,Mañana (06-12),False,4.1,False
TKT-01129,2024-09-08 11:37:00,2024-09-09 16:25:00,chat,Billing,Subscription upgrade,High,Closed,Very Negative,CloudSync Pro,Free,North America,English,Agent_001 (Priya S),My payment of $420.00 failed but the amount was still deducted from my account.,Refund processed,28.8,1.5,4.2,True,False,1,990,2024-09-08 15:49:00,4.2,24.6,28.8,24,0.0,11,Sunday,Mañana (06-12),True,4.800000000000001,False
TKT-01130,2024-09-19 18:25:00,,phone,Technical Issue,Data sync issue,Low,In Progress,Negative,CloudSync Pro,Free,North America,Arabic,Agent_001 (Priya S),Performance has been extremely slow on my end. Pages take 20+ seconds to load.,Issue fixed by agent,,,22.7,False,False,4,807,2024-09-20 17:07:00,22.7,,,72,,18,Thursday,Noche (18-24),False,,False
TKT-01131,2025-05-28 11:22:00,2025-06-04 00:22:00,email,Technical Issue,Login error,Low,Closed,Neutral,DataDash,Free,North America,English,Agent_004 (Omar F),Performance has been extremely slow on my end. Pages take 20+ seconds to load.,Refund processed,157.0,3.4,16.6,False,False,9,594,2025-05-29 03:58:00,16.6,140.4,157.0,72,0.0,11,Wednesday,Mañana (06-12),False,85.0,False
TKT-01132,2024-09-11 17:15:00,2024-09-12 02:03:00,chat,General Inquiry,Compatibility,Critical,Closed,Neutral,DataDash,Professional,Europe,English,Agent_008 (Daniel N),Does DataDash integrate with Salesforce?,Refund processed,,3.2,,False,False,8,485,,,,,8,,17,Wednesday,Tarde (12-18),False,,True
TKT-01133,2025-04-05 21:02:00,,chat,Technical Issue,Performance slow,High,In Progress,Positive,TaskBoard,Professional,Europe,English,Agent_007 (Elena V),The app keeps crashing when I try to invite a team member. I'm on Windows 11.,Issue fixed by agent,,,5.7,False,False,1,1359,2025-04-06 02:44:00,5.7,,,24,,21,Saturday,Noche (18-24),True,,False
TKT-01134,2024-01-21 16:51:00,2024-01-22 18:45:00,web_form,Billing,Invoice request,Medium,Resolved,Positive,SecureVault,Enterprise,Europe,English,Agent_001 (Priya S),My payment of $224.99 failed but the amount was still deducted from my account.,Pending customer,25.9,4.7,10.2,False,False,10,207,2024-01-22 03:03:00,10.2,15.7,25.9,48,1.0,16,Sunday,Tarde (12-18),False,0.0,False
TKT-01135,2025-03-05 21:59:00,2025-03-09 09:41:00,whatsapp,Technical Issue,Login error,Medium,Resolved,Neutral,DataDash,Free,North America,English,Unassigned,My data isn't syncing across devices. Last successful sync was 9 days ago.,Policy exception granted,83.7,3.9,,False,False,10,1380,,,,83.7,48,0.0,21,Wednesday,Noche (18-24),False,35.7,False
TKT-01136,2024-08-20 08:45:00,2024-08-23 11:57:00,twitter_dm,Feature Request,Export options,Medium,Resolved,Negative,CloudSync Pro,Starter,Southeast Asia,Spanish,Agent_009 (Yuki T),Is there any plan to expose an API for the reporting module?,Issue fixed by agent,75.2,2.5,22.1,False,False,12,626,2024-08-21 06:51:00,22.1,53.1,75.2,48,0.0,8,Tuesday,Mañana (06-12),False,27.200000000000003,False
TKT-01137,2024-02-11 21:49:00,,web_form,Billing,Subscription upgrade,Low,Open,Negative,DataDash,Free,Europe,Japanese,Agent_001 (Priya S),Could you send me a detailed invoice for the period Apr–Jun 2024? I need it for tax purposes.,Self-service guided,,,6.3,False,False,8,1180,2024-02-12 04:07:00,6.3,,,72,,21,Sunday,Noche (18-24),False,,False
TKT-01138,2024-11-25 15:28:00,2024-11-28 14:16:00,web_form,Refund / Return,Return request,Medium,Resolved,Very Negative,TaskBoard,Professional,South Asia,Spanish,Agent_004 (Omar F),What's the status of refund request #REF-1903? It's been 11 days.,No action needed,70.8,1.7,11.9,False,False,6,400,2024-11-26 03:22:00,11.9,58.9,70.8,48,0.0,15,Monday,Tarde (12-18),False,22.799999999999997,False
TKT-01139,2024-02-17 16:07:00,2024-02-20 09:01:00,twitter_dm,Delivery / Shipping,Late delivery,Low,Resolved,Negative,SecureVault,Starter,Southeast Asia,English,Agent_004 (Omar F),The tracking for order #30414 hasn't updated in 2 days.,No action needed,64.9,2.1,10.4,False,False,6,19,2024-02-18 02:31:00,10.4,54.50000000000001,64.9,72,1.0,16,Saturday,Tarde (12-18),False,0.0,False
TKT-01140,2025-05-13 20:29:00,2025-05-14 17:11:00,email,Technical Issue,Login error,High,Escalated,Neutral,DataDash,Professional,South Asia,English,Agent_005 (Sophie M),My data isn't syncing across devices. Last successful sync was 5 days ago.,Refund processed,,,,False,True,8,259,,,,,24,,20,Tuesday,Noche (18-24),False,,True
TKT-01141,2024-04-20 17:45:00,2024-04-27 00:21:00,email,Technical Issue,Performance slow,Low,Closed,Neutral,SecureVault,Enterprise,South Asia,English,Agent_006 (Raj P),The app keeps crashing when I try to invite a team member. I'm on Android 14.,Self-service guided,150.6,3.8,16.2,False,False,12,885,2024-04-21 09:57:00,16.2,134.4,150.6,72,0.0,17,Saturday,Tarde (12-18),False,78.6,False
TKT-01142,2025-02-25 15:14:00,2025-02-27 09:20:00,email,Technical Issue,Login error,Medium,Resolved,Very Negative,CloudSync Pro,Professional,North America,French,Agent_006 (Raj P),My data isn't syncing across devices. Last successful sync was 2 days ago.,Escalated to engineering,42.1,1.2,18.6,False,False,9,1339,2025-02-26 09:50:00,18.6,23.5,42.1,48,1.0,15,Tuesday,Tarde (12-18),False,0.0,False
TKT-01143,2024-01-09 18:10:00,2024-01-14 23:52:00,email,Account Access,2FA issue,Low,Resolved,Neutral,DataDash,Free,Europe,German,Agent_006 (Raj P),I can't log in to my account. The password reset email is not arriving.,,125.7,3.7,22.4,False,False,7,1223,2024-01-10 16:34:00,22.4,103.30000000000001,125.7,72,0.0,18,Tuesday,Noche (18-24),False,53.7,False
TKT-01144,2025-04-02 18:04:00,,email,Billing,Subscription upgrade,Medium,Open,Neutral,DataDash,Professional,North America,English,Agent_008 (Daniel N),I noticed an incorrect charge of $248.99 on my last bill. Can you look into invoice INV-6481?,Policy exception granted,,,16.1,False,False,8,867,2025-04-03 10:10:00,16.1,,,48,,18,Wednesday,Noche (18-24),False,,False
TKT-01145,2024-12-09 14:09:00,2024-12-15 23:09:00,chat,Feature Request,Export options,Low,Resolved,Very Negative,CloudSync Pro,Starter,North America,Japanese,Agent_008 (Daniel N),A dark mode option would be greatly appreciated for late-night work sessions.,Self-service guided,153.0,1.6,12.9,True,False,9,1232,2024-12-10 03:03:00,12.9,140.1,153.0,72,0.0,14,Monday,Tarde (12-18),False,81.0,False
TKT-01146,2024-05-19 19:32:00,2024-05-20 21:26:00,helpdesk_portal,Refund / Return,Policy inquiry,Medium,Closed,Neutral,SecureVault,Professional,South Asia,German,Agent_007 (Elena V),I was overcharged and would like a partial refund for the difference.,Issue fixed by agent,25.9,3.0,5.3,False,False,1,697,2024-05-20 00:50:00,5.3,20.599999999999998,25.9,48,1.0,19,Sunday,Noche (18-24),True,0.0,False
TKT-01147,2025-03-18 08:40:00,2025-03-19 15:58:00,web_form,Complaint,Long wait time,Medium,Resolved,Negative,SecureVault,Enterprise,Europe,English,Agent_006 (Raj P),I've contacted support 5 times about the same issue and it's still unresolved.,Escalated to engineering,31.3,2.8,18.6,False,False,2,306,2025-03-19 03:16:00,18.6,12.7,31.3,48,1.0,8,Tuesday,Mañana (06-12),False,0.0,False
TKT-01148,2024-09-26 17:38:00,2024-09-27 04:02:00,helpdesk_portal,Delivery / Shipping,Wrong item,High,Resolved,Neutral,CloudSync Pro,Free,Southeast Asia,English,Agent_005 (Sophie M),The tracking for order #64690 hasn't updated in 6 days.,Refund processed,,3.7,,False,False,7,726,,,,,24,,17,Thursday,Tarde (12-18),False,,True
TKT-01149,2025-02-09 16:41:00,,helpdesk_portal,Account Access,Password reset,High,Open,Negative,CloudSync Pro,Professional,Latin America,English,Agent_009 (Yuki T),I need to update the email address associated with my account.,Refund processed,,,23.9,False,False,12,1132,2025-02-10 16:35:00,23.9,,,24,,16,Sunday,Tarde (12-18),False,,False
TKT-01150,2024-11-24 19:07:00,,chat,General Inquiry,Partnership,Medium,In Progress,Positive,CloudSync Pro,Enterprise,North America,Spanish,Agent_008 (Daniel N),Could you explain the difference between the Professional and Enterprise plans?,Refund processed,,,16.2,False,False,9,723,2024-11-25 11:19:00,16.2,,,48,,19,Sunday,Noche (18-24),False,,False
TKT-01151,2024-05-25 21:27:00,,email,Account Access,Account locked,Critical,In Progress,Neutral,DataDash,Starter,Europe,English,Agent_009 (Yuki T),My account appears to be locked. I haven't violated any terms.,Self-service guided,,,15.3,False,False,9,68,2024-05-26 12:45:00,15.3,,,8,,21,Saturday,Noche (18-24),False,,False
TKT-01152,2024-10-30 18:55:00,2024-10-31 08:55:00,chat,Billing,Incorrect amount,Critical,Closed,Very Negative,CloudSync Pro,Free,South Asia,English,Unassigned,Could you send me a detailed invoice for the period Oct–Dec 2024? I need it for tax purposes.,Self-service guided,14.0,1.6,,True,False,4,382,,,,14.0,8,0.0,18,Wednesday,Noche (18-24),False,6.0,False
TKT-01153,2025-05-13 15:30:00,2025-05-14 14:54:00,helpdesk_portal,General Inquiry,Plan comparison,High,Resolved,Neutral,TaskBoard,Enterprise,Southeast Asia,French,Agent_009 (Yuki T),Could you explain the difference between the Professional and Enterprise plans?,Self-service guided,23.4,3.0,2.1,False,False,8,1458,2025-05-13 17:36:00,2.1,21.299999999999997,23.4,24,1.0,15,Tuesday,Tarde (12-18),False,0.0,False
TKT-01154,2024-05-17 15:08:00,,email,Account Access,2FA issue,Medium,In Progress,Neutral,TaskBoard,Starter,Southeast Asia,English,Agent_002 (James T),I need to update the email address associated with my account.,Refund processed,,,4.6,False,False,5,1078,2024-05-17 19:44:00,4.6,,,48,,15,Friday,Tarde (12-18),False,,False
TKT-01155,2024-06-29 07:48:00,2024-06-29 19:48:00,web_form,Technical Issue,Performance slow,Critical,Resolved,Neutral,InvoiceFlow,Starter,South Asia,English,Agent_008 (Daniel N),My data isn't syncing across devices. Last successful sync was 8 days ago.,Pending customer,,3.2,,True,False,6,636,,,,,8,,7,Saturday,Mañana (06-12),False,,True
TKT-01156,2025-06-16 20:13:00,2025-06-18 03:13:00,twitter_dm,Technical Issue,App crash,High,Resolved,Negative,DataDash,Starter,Latin America,French,Agent_005 (Sophie M),I'm unable to export a report since the latest update. Getting error code ERR-217.,No action needed,31.0,3.0,8.0,False,False,2,1268,2025-06-17 04:13:00,8.0,23.0,31.0,24,0.0,20,Monday,Noche (18-24),False,7.0,False
TKT-01157,2025-05-20 21:36:00,2025-05-22 22:00:00,whatsapp,Technical Issue,Feature not working,Low,Resolved,Negative,DataDash,Enterprise,North America,Arabic,Agent_004 (Omar F),I'm unable to upload a file since the latest update. Getting error code ERR-199.,No action needed,48.4,2.6,9.5,False,False,6,1001,2025-05-21 07:06:00,9.5,38.9,48.4,72,1.0,21,Tuesday,Noche (18-24),False,0.0,False
TKT-01158,2024-01-15 07:00:00,2024-01-18 04:18:00,chat,Technical Issue,Performance slow,Medium,Resolved,Neutral,TaskBoard,Professional,North America,French,Agent_008 (Daniel N),My data isn't syncing across devices. Last successful sync was 13 days ago.,,69.3,3.6,19.6,False,False,1,708,2024-01-16 02:36:00,19.6,49.699999999999996,69.3,48,0.0,7,Monday,Mañana (06-12),True,21.299999999999997,False
TKT-01159,2025-03-18 21:23:00,2025-03-24 10:41:00,email,Billing,Invoice request,Low,Closed,Negative,CloudSync Pro,Enterprise,South Asia,German,Agent_002 (James T),Could you send me a detailed invoice for the period Oct–Dec 2024? I need it for tax purposes.,Issue fixed by agent,133.3,2.6,6.2,False,False,8,154,2025-03-19 03:35:00,6.2,127.10000000000001,133.3,72,0.0,21,Tuesday,Noche (18-24),False,61.30000000000001,False
TKT-01160,2025-02-07 19:56:00,2025-02-10 16:56:00,twitter_dm,Feature Request,API access,Medium,Resolved,Neutral,SecureVault,Enterprise,Europe,Hindi,Agent_005 (Sophie M),Is there any plan to expose an API for the reporting module?,Issue fixed by agent,69.0,3.4,15.8,False,False,12,104,2025-02-08 11:44:00,15.8,53.2,69.0,48,0.0,19,Friday,Noche (18-24),False,21.0,False
TKT-01161,2025-01-23 22:13:00,2025-01-25 15:19:00,phone,Billing,Duplicate charge,Medium,Closed,Neutral,TaskBoard,Professional,South Asia,English,Agent_004 (Omar F),Could you send me a detailed invoice for the period Apr–Jun 2024? I need it for tax purposes.,No action needed,41.1,3.7,2.2,False,False,11,1245,2025-01-24 00:25:00,2.2,38.9,41.1,48,1.0,22,Thursday,Noche (18-24),False,0.0,False
TKT-01162,2024-02-09 17:04:00,,chat,Billing,Subscription upgrade,Medium,Open,Very Negative,InvoiceFlow,Enterprise,North America,English,Agent_003 (Lena K),My payment of $206.49 failed but the amount was still deducted from my account.,Issue fixed by agent,,,6.3,False,False,8,1459,2024-02-09 23:22:00,6.3,,,48,,17,Friday,Tarde (12-18),False,,False
TKT-01163,2025-05-02 14:38:00,2025-05-06 14:26:00,web_form,Refund / Return,Partial refund,Low,Closed,Neutral,CloudSync Pro,Professional,North America,Arabic,Agent_002 (James T),What's the status of refund request #REF-5885? It's been 13 days.,Policy exception granted,95.8,3.5,23.7,False,False,10,787,2025-05-03 14:20:00,23.7,72.1,95.8,72,0.0,14,Friday,Tarde (12-18),False,23.799999999999997,False
TKT-01164,2024-04-17 13:08:00,2024-04-19 11:20:00,email,Feature Request,Dark mode,Medium,Resolved,Positive,InvoiceFlow,Enterprise,Latin America,French,Agent_006 (Raj P),"Can you add an option to export reports in Excel format, not just CSV?",Issue fixed by agent,46.2,4.5,2.1,False,False,10,139,2024-04-17 15:14:00,2.1,44.1,46.2,48,1.0,13,Wednesday,Tarde (12-18),False,0.0,False
TKT-01165,2024-06-09 11:14:00,2024-06-15 03:02:00,email,Account Access,2FA issue,Low,Resolved,Negative,TaskBoard,Starter,Europe,English,Unassigned,My account appears to be locked. I haven't violated any terms.,Self-service guided,135.8,2.8,,False,False,3,1113,,,,135.8,72,0.0,11,Sunday,Mañana (06-12),False,63.80000000000001,False
TKT-01166,2024-11-13 22:17:00,2024-11-15 21:59:00,whatsapp,Refund / Return,Return request,Medium,Resolved,Negative,SecureVault,Enterprise,Europe,English,Agent_009 (Yuki T),I want to return an item from order #78987 — it doesn't meet my needs.,Self-service guided,47.7,2.9,11.6,False,False,5,719,2024-11-14 09:53:00,11.6,36.1,47.7,48,1.0,22,Wednesday,Noche (18-24),False,0.0,False
TKT-01167,2025-05-13 22:51:00,,whatsapp,Delivery / Shipping,Damaged item,High,Open,Neutral,CloudSync Pro,Free,South Asia,French,Agent_009 (Yuki T),The item I received is damaged. I need a replacement or refund for order #53318.,No action needed,,,5.7,False,False,8,567,2025-05-14 04:33:00,5.7,,,24,,22,Tuesday,Noche (18-24),False,,False
TKT-01168,2024-04-27 09:22:00,2024-04-28 03:22:00,helpdesk_portal,Delivery / Shipping,Wrong item,Medium,Escalated,Neutral,InvoiceFlow,Free,Middle East,French,Agent_009 (Yuki T),The tracking for order #47983 hasn't updated in 4 days.,Issue fixed by agent,,,,True,True,8,268,,,,,48,,9,Saturday,Mañana (06-12),False,,True
TKT-01169,2025-02-23 19:01:00,2025-02-28 17:25:00,chat,Delivery / Shipping,Damaged item,Low,Closed,Negative,InvoiceFlow,Free,North America,Hindi,Agent_004 (Omar F),"My order #90477 was supposed to arrive on Apr 05, 2024 but it's still not here.",,118.4,2.5,19.4,False,False,10,1399,2025-02-24 14:25:00,19.4,99.0,118.4,72,0.0,19,Sunday,Noche (18-24),False,46.400000000000006,False
TKT-01170,2025-02-03 09:58:00,2025-02-04 07:52:00,email,Feature Request,Dark mode,High,Resolved,Very Negative,CloudSync Pro,Professional,Southeast Asia,English,Agent_009 (Yuki T),A dark mode option would be greatly appreciated for late-night work sessions.,Escalated to engineering,21.9,1.5,12.4,False,False,7,149,2025-02-03 22:22:00,12.4,9.499999999999998,21.9,24,1.0,9,Monday,Mañana (06-12),False,0.0,False
TKT-01171,2024-05-09 12:52:00,2024-05-10 15:52:00,chat,Delivery / Shipping,Late delivery,High,Resolved,Positive,InvoiceFlow,Starter,South Asia,Arabic,Agent_005 (Sophie M),"My order #82158 was supposed to arrive on Jan 13, 2024 but it's still not here.",,27.0,4.0,17.5,True,False,4,568,2024-05-10 06:22:00,17.5,9.5,27.0,24,0.0,12,Thursday,Tarde (12-18),False,3.0,False
TKT-01172,2025-02-20 17:15:00,2025-02-23 10:21:00,email,Technical Issue,Login error,Low,Closed,Negative,TaskBoard,Enterprise,Europe,English,Agent_009 (Yuki T),Performance has been extremely slow on my end. Pages take 20+ seconds to load.,Policy exception granted,65.1,2.6,18.4,False,False,8,1033,2025-02-21 11:39:00,18.4,46.699999999999996,65.1,72,1.0,17,Thursday,Tarde (12-18),False,0.0,False
TKT-01173,2025-06-11 14:55:00,2025-06-13 16:25:00,email,Feature Request,API access,Medium,Closed,Very Negative,SecureVault,Enterprise,Europe,Hindi,Agent_005 (Sophie M),Is there any plan to expose an API for the reporting module?,Issue fixed by agent,49.5,1.4,3.5,False,False,10,56,2025-06-11 18:25:00,3.5,46.0,49.5,48,0.0,14,Wednesday,Tarde (12-18),False,1.5,False
TKT-01174,2024-01-17 17:39:00,,email,Feature Request,UI improvement,Low,In Progress,Negative,CloudSync Pro,Starter,Africa,English,Agent_003 (Lena K),It would be really helpful if SecureVault supported direct integration with Slack.,Self-service guided,,,6.7,False,False,9,186,2024-01-18 00:21:00,6.7,,,72,,17,Wednesday,Tarde (12-18),False,,False
TKT-01175,2024-01-03 18:12:00,2024-01-06 17:36:00,chat,Delivery / Shipping,Damaged item,Medium,Resolved,Very Negative,InvoiceFlow,Professional,Latin America,English,Agent_007 (Elena V),The tracking for order #20757 hasn't updated in 13 days.,No action needed,71.4,1.4,10.0,False,False,3,1096,2024-01-04 04:12:00,10.0,61.400000000000006,71.4,48,0.0,18,Wednesday,Noche (18-24),False,23.400000000000006,False
TKT-01176,2024-06-08 10:18:00,2024-06-12 02:48:00,phone,Billing,Subscription upgrade,Medium,Resolved,Neutral,CloudSync Pro,Professional,Africa,Japanese,Agent_002 (James T),I noticed an incorrect charge of $163.00 on my last bill. Can you look into invoice INV-8751?,Refund processed,88.5,3.5,0.9,False,False,11,1028,2024-06-08 11:12:00,0.9,87.6,88.5,48,0.0,10,Saturday,Mañana (06-12),False,40.5,False
TKT-01177,2025-02-12 22:30:00,2025-02-13 18:24:00,whatsapp,Billing,Payment failure,High,Closed,Very Negative,SecureVault,Free,Europe,English,Agent_006 (Raj P),My payment of $234.00 failed but the amount was still deducted from my account.,Issue fixed by agent,19.9,2.0,7.1,False,False,12,1092,2025-02-13 05:36:00,7.1,12.799999999999999,19.9,24,1.0,22,Wednesday,Noche (18-24),False,0.0,False
TKT-01178,2025-01-03 22:40:00,,chat,Feature Request,Export options,High,Open,Negative,InvoiceFlow,Starter,Europe,English,Agent_005 (Sophie M),It would be really helpful if TaskBoard supported direct integration with Google Sheets.,Issue fixed by agent,,,9.8,True,False,11,244,2025-01-04 08:28:00,9.8,,,24,,22,Friday,Noche (18-24),False,,False
TKT-01179,2024-12-30 08:02:00,2024-12-31 05:02:00,email,Account Access,2FA issue,Medium,Resolved,Neutral,DataDash,Starter,Europe,English,Agent_007 (Elena V),I'm having trouble with 2FA — the codes aren't working on my new phone.,Self-service guided,21.0,3.6,7.5,False,False,7,1330,2024-12-30 15:32:00,7.5,13.5,21.0,48,1.0,8,Monday,Mañana (06-12),False,0.0,False
TKT-01180,2024-05-23 12:19:00,2024-05-25 08:25:00,web_form,Technical Issue,Data sync issue,Medium,Closed,Very Negative,SecureVault,Starter,Africa,English,Agent_002 (James T),The app keeps crashing when I try to invite a team member. I'm on Android 14.,Issue fixed by agent,44.1,1.4,6.0,False,False,1,72,2024-05-23 18:19:00,6.0,38.1,44.1,48,1.0,12,Thursday,Tarde (12-18),True,0.0,False
TKT-01181,2025-05-22 12:53:00,2025-05-25 22:23:00,web_form,Technical Issue,Performance slow,Low,Resolved,Very Negative,CloudSync Pro,Enterprise,Southeast Asia,Arabic,Agent_005 (Sophie M),The app keeps crashing when I try to upload a file. I'm on macOS Sonoma.,No action needed,81.5,1.9,23.3,False,False,9,211,2025-05-23 12:11:00,23.3,58.2,81.5,72,0.0,12,Thursday,Tarde (12-18),False,9.5,False
TKT-01182,2025-02-22 19:09:00,2025-02-26 12:21:00,email,Technical Issue,Login error,Low,Resolved,Very Negative,DataDash,Starter,North America,English,Agent_004 (Omar F),The app keeps crashing when I try to export a report. I'm on macOS Sonoma.,Self-service guided,89.2,1.8,22.7,False,False,8,1309,2025-02-23 17:51:00,22.7,66.5,89.2,72,0.0,19,Saturday,Noche (18-24),False,17.200000000000003,False
TKT-01183,2024-04-01 17:49:00,,helpdesk_portal,Feature Request,API access,Medium,Open,Neutral,CloudSync Pro,Professional,South Asia,English,Agent_009 (Yuki T),It would be really helpful if TaskBoard supported direct integration with HubSpot.,Escalated to engineering,,,1.0,False,False,2,758,2024-04-01 18:49:00,1.0,,,48,,17,Monday,Tarde (12-18),False,,False
TKT-01184,2024-09-20 09:42:00,2024-09-25 22:36:00,helpdesk_portal,Billing,Subscription upgrade,Low,Resolved,Very Negative,DataDash,Professional,South Asia,German,Agent_003 (Lena K),"Hi, I was charged $432.00 twice on Apr 19, 2025. My invoice is INV-1729. Please refund the duplicate.",,132.9,1.2,9.5,False,False,3,640,2024-09-20 19:12:00,9.5,123.4,132.9,72,0.0,9,Friday,Mañana (06-12),False,60.900000000000006,False
TKT-01185,2024-06-23 20:44:00,,chat,General Inquiry,Pricing info,High,Open,Negative,TaskBoard,Professional,Europe,English,Agent_007 (Elena V),Does DataDash integrate with Salesforce?,Issue fixed by agent,,,20.0,False,False,5,252,2024-06-24 16:44:00,20.0,,,24,,20,Sunday,Noche (18-24),False,,False
TKT-01186,2024-01-07 18:25:00,,twitter_dm,Refund / Return,Policy inquiry,Medium,Open,Positive,InvoiceFlow,Free,North America,English,Agent_002 (James T),I'd like to request a full refund for my recent purchase. Order #34660.,Refund processed,,,0.9,False,False,11,1267,2024-01-07 19:19:00,0.9,,,48,,18,Sunday,Noche (18-24),False,,False
TKT-01187,2025-03-15 21:18:00,2025-03-17 22:36:00,email,Billing,Subscription upgrade,Medium,Closed,Neutral,CloudSync Pro,Starter,Europe,Arabic,Agent_002 (James T),My payment of $471.99 failed but the amount was still deducted from my account.,Self-service guided,49.3,3.3,14.7,False,False,4,855,2025-03-16 12:00:00,14.7,34.599999999999994,49.3,48,0.0,21,Saturday,Noche (18-24),False,1.2999999999999972,False
TKT-01188,2024-12-04 14:25:00,2024-12-07 07:07:00,whatsapp,Account Access,Email change,Medium,Escalated,Negative,TaskBoard,Starter,Southeast Asia,German,Agent_006 (Raj P),My account appears to be locked. I haven't violated any terms.,Pending customer,64.7,,8.3,False,True,4,1136,2024-12-04 22:43:00,8.3,56.400000000000006,64.7,48,0.0,14,Wednesday,Tarde (12-18),False,16.700000000000003,False
TKT-01189,2024-01-12 12:15:00,2024-01-16 13:15:00,email,Feature Request,Dark mode,Low,Resolved,Neutral,TaskBoard,Enterprise,South Asia,English,Agent_004 (Omar F),It would be really helpful if DataDash supported direct integration with HubSpot.,Issue fixed by agent,97.0,3.4,6.0,False,False,6,1188,2024-01-12 18:15:00,6.0,91.0,97.0,72,0.0,12,Friday,Tarde (12-18),False,25.0,False
TKT-01190,2025-02-24 12:51:00,2025-02-26 21:33:00,chat,Refund / Return,Refund status,Low,Resolved,Negative,DataDash,Starter,Middle East,English,Agent_004 (Omar F),I was overcharged and would like a partial refund for the difference.,Policy exception granted,56.7,2.0,7.8,False,False,10,1192,2025-02-24 20:39:00,7.8,48.900000000000006,56.7,72,1.0,12,Monday,Tarde (12-18),False,0.0,False
TKT-01191,2025-06-27 19:26:00,2025-07-01 08:38:00,whatsapp,Account Access,Password reset,Medium,Resolved,Negative,SecureVault,Professional,North America,French,Agent_002 (James T),My account appears to be locked. I haven't violated any terms.,Policy exception granted,85.2,2.1,6.8,False,False,1,400,2025-06-28 02:14:00,6.8,78.4,85.2,48,0.0,19,Friday,Noche (18-24),True,37.2,False
TKT-01192,2024-06-30 16:31:00,,chat,Feature Request,UI improvement,Medium,Open,Very Negative,CloudSync Pro,Professional,Middle East,English,Agent_001 (Priya S),A dark mode option would be greatly appreciated for late-night work sessions.,Issue fixed by agent,,,3.7,False,False,4,355,2024-06-30 20:13:00,3.7,,,48,,16,Sunday,Tarde (12-18),False,,False
TKT-01193,2024-10-29 22:49:00,2024-11-02 08:25:00,web_form,Billing,Payment failure,Medium,Escalated,Negative,DataDash,Starter,North America,French,Agent_005 (Sophie M),I noticed an incorrect charge of $333.00 on my last bill. Can you look into invoice INV-9798?,Policy exception granted,81.6,,19.6,False,True,10,356,2024-10-30 18:25:00,19.6,61.99999999999999,81.6,48,0.0,22,Tuesday,Noche (18-24),False,33.599999999999994,False
TKT-01194,2024-01-18 15:53:00,2024-01-25 16:05:00,helpdesk_portal,Delivery / Shipping,Missing package,Low,Resolved,Negative,SecureVault,Starter,Middle East,English,Agent_006 (Raj P),I received the wrong item in my package. Order #34678.,Self-service guided,168.2,2.8,2.4,False,False,4,743,2024-01-18 18:17:00,2.4,165.79999999999998,168.2,72,0.0,15,Thursday,Tarde (12-18),False,96.19999999999999,False
TKT-01195,2024-11-15 19:01:00,,chat,Complaint,Long wait time,High,In Progress,Positive,CloudSync Pro,Starter,Middle East,English,Agent_001 (Priya S),I've contacted support 2 times about the same issue and it's still unresolved.,Issue fixed by agent,,,23.8,False,False,3,792,2024-11-16 18:49:00,23.8,,,24,,19,Friday,Noche (18-24),False,,False
TKT-01196,2024-05-03 16:20:00,2024-05-04 00:56:00,email,Technical Issue,Performance slow,Critical,Resolved,Neutral,CloudSync Pro,Enterprise,Africa,English,Agent_005 (Sophie M),The app keeps crashing when I try to upload a file. I'm on Android 14.,Escalated to engineering,,3.2,,False,False,10,756,,,,,8,,16,Friday,Tarde (12-18),False,,True
TKT-01197,2025-01-20 22:06:00,,web_form,Billing,Duplicate charge,High,In Progress,Neutral,CloudSync Pro,Free,South Asia,Spanish,Unassigned,Could you send me a detailed invoice for the period Apr–Jun 2024? I need it for tax purposes.,No action needed,,,,False,False,10,90,,,,,24,,22,Monday,Noche (18-24),False,,False
TKT-01198,2024-12-22 12:25:00,,whatsapp,Technical Issue,App crash,Low,In Progress,Neutral,InvoiceFlow,Professional,Middle East,Spanish,Agent_007 (Elena V),Performance has been extremely slow on my end. Pages take 20+ seconds to load.,Escalated to engineering,,,6.3,False,False,2,322,2024-12-22 18:43:00,6.3,,,72,,12,Sunday,Tarde (12-18),False,,False
TKT-01199,2025-04-26 15:05:00,2025-04-27 17:23:00,phone,Technical Issue,App crash,High,Resolved,Neutral,DataDash,Starter,Europe,Japanese,Agent_004 (Omar F),My data isn't syncing across devices. Last successful sync was 13 days ago.,Policy exception granted,26.3,3.6,19.1,False,False,7,183,2025-04-27 10:11:00,19.1,7.199999999999999,26.3,24,0.0,15,Saturday,Tarde (12-18),False,2.3000000000000007,False
TKT-01200,2024-03-30 21:10:00,2024-03-31 17:16:00,whatsapp,Account Access,Account locked,Medium,Closed,Neutral,CloudSync Pro,Starter,South Asia,Arabic,Agent_006 (Raj P),I'm having trouble with 2FA — the codes aren't working on my new phone.,Refund processed,20.1,3.9,18.8,False,False,12,897,2024-03-31 15:58:00,18.8,1.3000000000000007,20.1,48,1.0,21,Saturday,Noche (18-24),False,0.0,False
TKT-01201,2024-03-12 10:16:00,,web_form,Account Access,Email change,Critical,Open,Very Negative,DataDash,Starter,Europe,English,Agent_006 (Raj P),I'm having trouble with 2FA — the codes aren't working on my new phone.,,,,19.1,False,False,9,536,2024-03-13 05:22:00,19.1,,,8,,10,Tuesday,Mañana (06-12),False,,False
TKT-01202,2024-11-22 11:04:00,2024-11-29 00:52:00,whatsapp,Technical Issue,Feature not working,Low,Escalated,Very Negative,TaskBoard,Professional,North America,English,Agent_009 (Yuki T),Performance has been extremely slow on my end. Pages take 20+ seconds to load.,Self-service guided,157.8,,18.7,False,True,5,212,2024-11-23 05:46:00,18.7,139.10000000000002,157.8,72,0.0,11,Friday,Mañana (06-12),False,85.80000000000001,False
TKT-01203,2024-04-17 07:31:00,2024-04-18 08:55:00,chat,Billing,Duplicate charge,High,Escalated,Negative,InvoiceFlow,Professional,Africa,English,Agent_009 (Yuki T),Could you send me a detailed invoice for the period Oct–Dec 2024? I need it for tax purposes.,Issue fixed by agent,25.4,,16.7,False,True,5,1309,2024-04-18 00:13:00,16.7,8.7,25.4,24,0.0,7,Wednesday,Mañana (06-12),False,1.3999999999999986,False
TKT-01204,2025-05-04 08:06:00,,web_form,Technical Issue,Feature not working,Medium,In Progress,Negative,InvoiceFlow,Professional,Europe,Hindi,Agent_003 (Lena K),Performance has been extremely slow on my end. Pages take 20+ seconds to load.,No action needed,,,21.9,False,False,6,1273,2025-05-05 06:00:00,21.9,,,48,,8,Sunday,Mañana (06-12),False,,False
TKT-01205,2024-12-24 22:58:00,2024-12-27 10:04:00,chat,Technical Issue,Data sync issue,Medium,Resolved,Negative,TaskBoard,Professional,Europe,Spanish,Agent_009 (Yuki T),The app keeps crashing when I try to connect an integration. I'm on Android 14.,Issue fixed by agent,59.1,2.1,22.6,False,False,10,710,2024-12-25 21:34:00,22.6,36.5,59.1,48,0.0,22,Tuesday,Noche (18-24),False,11.100000000000001,False
TKT-01206,2024-01-27 08:25:00,2024-01-31 20:43:00,email,Refund / Return,Partial refund,Low,Closed,Negative,SecureVault,Professional,Middle East,English,Agent_006 (Raj P),I'd like to request a full refund for my recent purchase. Order #37481.,Pending customer,108.3,2.2,9.4,False,False,6,5,2024-01-27 17:49:00,9.4,98.89999999999999,108.3,72,0.0,8,Saturday,Mañana (06-12),False,36.3,False
TKT-01207,2024-04-04 13:17:00,2024-04-05 22:35:00,email,Refund / Return,Refund status,High,Closed,Neutral,SecureVault,Free,Africa,English,Agent_001 (Priya S),What's the status of refund request #REF-6071? It's been 6 days.,,33.3,3.0,6.1,True,False,10,489,2024-04-04 19:23:00,6.1,27.199999999999996,33.3,24,0.0,13,Thursday,Tarde (12-18),False,9.299999999999997,False
TKT-01208,2024-05-19 17:14:00,2024-05-26 22:20:00,chat,General Inquiry,Pricing info,Low,Resolved,Negative,CloudSync Pro,Starter,Southeast Asia,Japanese,Agent_006 (Raj P),Where can I find documentation on setting up the API?,,173.1,2.5,5.4,False,False,2,865,2024-05-19 22:38:00,5.4,167.7,173.1,72,0.0,17,Sunday,Tarde (12-18),False,101.1,False
TKT-01209,2024-01-31 22:21:00,2024-02-01 12:21:00,phone,Complaint,Long wait time,High,Resolved,Positive,CloudSync Pro,Free,Europe,English,Agent_006 (Raj P),I've contacted support 2 times about the same issue and it's still unresolved.,Issue fixed by agent,,4.6,,False,False,6,1442,,,,,24,,22,Wednesday,Noche (18-24),False,,True
TKT-01210,2024-12-27 21:33:00,2024-12-29 06:21:00,helpdesk_portal,Refund / Return,Policy inquiry,Medium,Closed,Very Negative,InvoiceFlow,Professional,Europe,English,Agent_001 (Priya S),I was overcharged and would like a partial refund for the difference.,Refund processed,32.8,1.1,2.7,False,False,8,1113,2024-12-28 00:15:00,2.7,30.099999999999998,32.8,48,1.0,21,Friday,Noche (18-24),False,0.0,False
TKT-01211,2024-08-24 10:06:00,2024-08-25 01:12:00,whatsapp,Technical Issue,Login error,High,Closed,Negative,TaskBoard,Starter,South Asia,Japanese,Agent_004 (Omar F),My data isn't syncing across devices. Last successful sync was 7 days ago.,No action needed,15.1,2.9,0.5,False,False,4,730,2024-08-24 10:36:00,0.5,14.6,15.1,24,1.0,10,Saturday,Mañana (06-12),False,0.0,False
TKT-01212,2024-08-25 17:03:00,2024-08-26 05:45:00,email,Technical Issue,Login error,Critical,Closed,Negative,SecureVault,Free,South Asia,English,Agent_006 (Raj P),Performance has been extremely slow on my end. Pages take 20+ seconds to load.,No action needed,,2.9,,False,False,12,69,,,,,8,,17,Sunday,Tarde (12-18),False,,True
TKT-01213,2024-03-11 20:44:00,2024-03-13 22:08:00,chat,Account Access,Password reset,Low,Resolved,Negative,DataDash,Professional,South Asia,German,Agent_002 (James T),I'm having trouble with 2FA — the codes aren't working on my new phone.,Issue fixed by agent,49.4,2.5,15.0,False,False,1,441,2024-03-12 11:44:00,15.0,34.4,49.4,72,1.0,20,Monday,Noche (18-24),True,0.0,False
TKT-01214,2024-02-16 22:09:00,2024-02-20 02:15:00,phone,Account Access,Email change,Medium,Resolved,Neutral,TaskBoard,Enterprise,South Asia,English,Agent_009 (Yuki T),My account appears to be locked. I haven't violated any terms.,Refund processed,76.1,3.1,10.2,False,False,3,1179,2024-02-17 08:21:00,10.2,65.89999999999999,76.1,48,0.0,22,Friday,Noche (18-24),False,28.099999999999994,False
TKT-01215,2024-02-05 18:30:00,,email,Feature Request,Dark mode,Low,In Progress,Negative,TaskBoard,Professional,Africa,English,Agent_004 (Omar F),It would be really helpful if InvoiceFlow supported direct integration with HubSpot.,Issue fixed by agent,,,22.8,False,False,12,1428,2024-02-06 17:18:00,22.8,,,72,,18,Monday,Noche (18-24),False,,False
TKT-01216,2025-01-13 17:26:00,2025-01-14 16:56:00,email,Delivery / Shipping,Damaged item,High,Resolved,Very Negative,CloudSync Pro,Enterprise,North America,Japanese,Agent_006 (Raj P),"My order #14644 was supposed to arrive on Feb 19, 2024 but it's still not here.",Pending customer,23.5,1.2,6.3,False,False,5,69,2025-01-13 23:44:00,6.3,17.2,23.5,24,1.0,17,Monday,Tarde (12-18),False,0.0,False
TKT-01217,2024-01-06 08:00:00,2024-01-07 04:54:00,helpdesk_portal,Technical Issue,Performance slow,Medium,Resolved,Positive,CloudSync Pro,Starter,North America,Japanese,Agent_004 (Omar F),The app keeps crashing when I try to invite a team member. I'm on macOS Sonoma.,Refund processed,20.9,4.2,9.8,False,False,9,1190,2024-01-06 17:48:00,9.8,11.099999999999998,20.9,48,1.0,8,Saturday,Mañana (06-12),False,0.0,False
TKT-01218,2024-04-01 10:10:00,,whatsapp,Feature Request,New integration,High,In Progress,Negative,DataDash,Enterprise,North America,French,Agent_006 (Raj P),Is there any plan to expose an API for the reporting module?,No action needed,,,10.6,False,False,2,1019,2024-04-01 20:46:00,10.6,,,24,,10,Monday,Mañana (06-12),False,,False
TKT-01219,2024-04-13 08:44:00,2024-04-17 00:02:00,web_form,Technical Issue,Login error,Medium,Resolved,Negative,TaskBoard,Enterprise,Middle East,Arabic,Agent_008 (Daniel N),I'm unable to connect an integration since the latest update. Getting error code ERR-266.,Pending customer,87.3,2.9,6.7,False,False,5,749,2024-04-13 15:26:00,6.7,80.6,87.3,48,0.0,8,Saturday,Mañana (06-12),False,39.3,False
TKT-01220,2024-03-31 14:55:00,2024-04-02 16:55:00,whatsapp,Delivery / Shipping,Wrong item,Medium,Closed,Negative,CloudSync Pro,Enterprise,Europe,English,Agent_009 (Yuki T),The item I received is damaged. I need a replacement or refund for order #79503.,Issue fixed by agent,50.0,2.9,13.8,False,False,6,1115,2024-04-01 04:43:00,13.8,36.2,50.0,48,0.0,14,Sunday,Tarde (12-18),False,2.0,False
TKT-01221,2025-05-03 14:30:00,2025-05-05 13:06:00,helpdesk_portal,Technical Issue,Feature not working,Medium,Closed,Very Negative,CloudSync Pro,Professional,Southeast Asia,English,Agent_005 (Sophie M),My data isn't syncing across devices. Last successful sync was 6 days ago.,Escalated to engineering,46.6,1.1,3.1,False,False,8,628,2025-05-03 17:36:00,3.1,43.5,46.6,48,1.0,14,Saturday,Tarde (12-18),False,0.0,False
TKT-01222,2024-09-16 11:21:00,2024-09-17 13:51:00,whatsapp,Account Access,Account deletion,High,Resolved,Negative,DataDash,Professional,North America,Hindi,Agent_009 (Yuki T),My account appears to be locked. I haven't violated any terms.,Issue fixed by agent,26.5,2.8,10.5,False,False,12,1211,2024-09-16 21:51:00,10.5,16.0,26.5,24,0.0,11,Monday,Mañana (06-12),False,2.5,False
TKT-01223,2024-12-29 21:54:00,,twitter_dm,Feature Request,API access,High,Open,Negative,DataDash,Starter,North America,Arabic,Unassigned,It would be really helpful if CloudSync Pro supported direct integration with HubSpot.,Issue fixed by agent,,,,False,False,6,271,,,,,24,,21,Sunday,Noche (18-24),False,,False
TKT-01224,2025-02-03 20:13:00,,chat,Technical Issue,Login error,Critical,In Progress,Neutral,SecureVault,Professional,Africa,German,Agent_007 (Elena V),Performance has been extremely slow on my end. Pages take 20+ seconds to load.,Escalated to engineering,,,3.2,False,False,12,293,2025-02-03 23:25:00,3.2,,,8,,20,Monday,Noche (18-24),False,,False
TKT-01225,2025-03-12 19:01:00,2025-03-14 05:55:00,twitter_dm,Account Access,Email change,Medium,Closed,Negative,DataDash,Professional,Africa,Spanish,Agent_008 (Daniel N),I can't log in to my account. The password reset email is not arriving.,No action needed,34.9,2.1,11.6,False,False,2,886,2025-03-13 06:37:00,11.6,23.299999999999997,34.9,48,1.0,19,Wednesday,Noche (18-24),False,0.0,False
TKT-01226,2025-02-02 13:43:00,2025-02-04 14:31:00,chat,Technical Issue,Performance slow,Medium,Resolved,Very Negative,InvoiceFlow,Professional,North America,English,Unassigned,The app keeps crashing when I try to export a report. I'm on Windows 11.,Refund processed,48.8,1.6,,False,False,8,1280,,,,48.8,48,0.0,13,Sunday,Tarde (12-18),False,0.7999999999999972,False
TKT-01227,2025-05-06 16:14:00,,web_form,Account Access,Account locked,Low,Open,Negative,InvoiceFlow,Professional,North America,Spanish,Agent_006 (Raj P),I need to update the email address associated with my account.,Issue fixed by agent,,,2.9,False,False,10,616,2025-05-06 19:08:00,2.9,,,72,,16,Tuesday,Tarde (12-18),False,,False
TKT-01228,2024-04-08 09:41:00,2024-04-10 18:35:00,phone,Account Access,Account locked,Low,Escalated,Neutral,InvoiceFlow,Enterprise,South Asia,English,Agent_009 (Yuki T),My account appears to be locked. I haven't violated any terms.,Refund processed,56.9,,13.4,False,True,8,732,2024-04-08 23:05:00,13.4,43.5,56.9,72,1.0,9,Monday,Mañana (06-12),False,0.0,False
TKT-01229,2024-11-28 08:47:00,2024-11-29 20:17:00,chat,General Inquiry,Plan comparison,Medium,Resolved,Very Negative,CloudSync Pro,Starter,South Asia,English,Agent_003 (Lena K),I'm interested in a partnership opportunity with your company.,Refund processed,35.5,1.4,14.9,False,False,11,1298,2024-11-28 23:41:00,14.9,20.6,35.5,48,1.0,8,Thursday,Mañana (06-12),False,0.0,False
TKT-01230,2025-06-23 15:55:00,2025-06-24 18:55:00,web_form,Technical Issue,Login error,High,Resolved,Negative,CloudSync Pro,Professional,Latin America,English,Agent_009 (Yuki T),My data isn't syncing across devices. Last successful sync was 10 days ago.,No action needed,27.0,2.0,9.2,False,False,3,1223,2025-06-24 01:07:00,9.2,17.8,27.0,24,0.0,15,Monday,Tarde (12-18),False,3.0,False
TKT-01231,2024-10-19 07:16:00,2024-10-20 06:52:00,chat,Technical Issue,App crash,Medium,Resolved,Very Negative,TaskBoard,Professional,Europe,English,Agent_005 (Sophie M),My data isn't syncing across devices. Last successful sync was 2 days ago.,Issue fixed by agent,23.6,1.3,9.6,False,False,6,62,2024-10-19 16:52:00,9.6,14.000000000000002,23.6,48,1.0,7,Saturday,Mañana (06-12),False,0.0,False
TKT-01232,2024-04-03 14:30:00,,whatsapp,Billing,Duplicate charge,Low,Open,Neutral,CloudSync Pro,Professional,Africa,English,Agent_004 (Omar F),"Hi, I was charged $375.99 twice on Mar 08, 2024. My invoice is INV-8555. Please refund the duplicate.",Issue fixed by agent,,,4.5,False,False,12,912,2024-04-03 19:00:00,4.5,,,72,,14,Wednesday,Tarde (12-18),False,,False
TKT-01233,2024-06-24 20:10:00,2024-06-26 19:16:00,helpdesk_portal,Billing,Subscription upgrade,Low,Resolved,Very Negative,InvoiceFlow,Enterprise,North America,English,Agent_009 (Yuki T),I noticed an incorrect charge of $475.00 on my last bill. Can you look into invoice INV-1254?,Issue fixed by agent,47.1,1.1,22.0,False,False,2,555,2024-06-25 18:10:00,22.0,25.1,47.1,72,1.0,20,Monday,Noche (18-24),False,0.0,False
TKT-01234,2024-02-23 09:57:00,2024-02-25 02:39:00,helpdesk_portal,Technical Issue,Login error,Medium,Resolved,Positive,DataDash,Professional,North America,Japanese,Agent_001 (Priya S),The app keeps crashing when I try to export a report. I'm on macOS Sonoma.,Self-service guided,40.7,4.4,20.4,False,False,9,681,2024-02-24 06:21:00,20.4,20.300000000000004,40.7,48,1.0,9,Friday,Mañana (06-12),False,0.0,False
TKT-01235,2025-05-27 20:48:00,2025-05-28 22:42:00,web_form,Technical Issue,Feature not working,Medium,Closed,Neutral,CloudSync Pro,Enterprise,Europe,English,Agent_009 (Yuki T),Performance has been extremely slow on my end. Pages take 20+ seconds to load.,Escalated to engineering,25.9,3.1,23.2,True,False,2,1163,2025-05-28 20:00:00,23.2,2.6999999999999993,25.9,48,1.0,20,Tuesday,Noche (18-24),False,0.0,False
TKT-01236,2024-10-04 16:05:00,2024-10-06 04:59:00,whatsapp,Account Access,2FA issue,High,Closed,Neutral,CloudSync Pro,Professional,North America,Arabic,Agent_003 (Lena K),My account appears to be locked. I haven't violated any terms.,Issue fixed by agent,36.9,3.4,12.3,False,False,3,842,2024-10-05 04:23:00,12.3,24.599999999999998,36.9,24,0.0,16,Friday,Tarde (12-18),False,12.899999999999999,False
TKT-01237,2024-01-06 21:24:00,2024-01-08 02:30:00,whatsapp,Account Access,Password reset,High,Resolved,Very Negative,CloudSync Pro,Starter,North America,English,Agent_003 (Lena K),I need to update the email address associated with my account.,Pending customer,29.1,1.4,17.7,False,False,6,516,2024-01-07 15:06:00,17.7,11.400000000000002,29.1,24,0.0,21,Saturday,Noche (18-24),False,5.100000000000001,False
TKT-01238,2024-01-07 07:57:00,,helpdesk_portal,Billing,Invoice request,Medium,Open,Positive,TaskBoard,Free,Europe,English,Agent_007 (Elena V),Could you send me a detailed invoice for the period Jul–Sep 2024? I need it for tax purposes.,Issue fixed by agent,,,11.6,True,False,7,1000,2024-01-07 19:33:00,11.6,,,48,,7,Sunday,Mañana (06-12),False,,False
TKT-01239,2024-06-03 10:23:00,2024-06-05 21:11:00,helpdesk_portal,Billing,Incorrect amount,Low,Closed,Negative,CloudSync Pro,Starter,Southeast Asia,English,Agent_001 (Priya S),My payment of $323.49 failed but the amount was still deducted from my account.,Escalated to engineering,58.8,2.7,1.2,False,False,5,587,2024-06-03 11:35:00,1.2,57.599999999999994,58.8,72,1.0,10,Monday,Mañana (06-12),False,0.0,False
TKT-01240,2024-05-12 08:34:00,2024-05-13 18:10:00,email,Feature Request,New integration,Medium,Resolved,Very Negative,TaskBoard,Professional,Latin America,French,Agent_002 (James T),It would be really helpful if DataDash supported direct integration with Jira.,No action needed,33.6,1.5,5.5,False,False,6,1268,2024-05-12 14:04:00,5.5,28.1,33.6,48,1.0,8,Sunday,Mañana (06-12),False,0.0,False
TKT-01241,2024-12-21 19:59:00,,web_form,Technical Issue,Login error,High,In Progress,Neutral,DataDash,Free,Europe,English,Agent_006 (Raj P),My data isn't syncing across devices. Last successful sync was 4 days ago.,Pending customer,,,21.0,False,False,9,41,2024-12-22 16:59:00,21.0,,,24,,19,Saturday,Noche (18-24),False,,False
TKT-01242,2024-07-23 16:57:00,2024-07-25 21:51:00,phone,Technical Issue,App crash,Low,Resolved,Negative,SecureVault,Enterprise,Middle East,Arabic,Agent_005 (Sophie M),The app keeps crashing when I try to invite a team member. I'm on Windows 11.,Issue fixed by agent,52.9,2.4,5.5,False,False,11,849,2024-07-23 22:27:00,5.5,47.4,52.9,72,1.0,16,Tuesday,Tarde (12-18),False,0.0,False
TKT-01243,2024-01-06 16:18:00,2024-01-08 20:00:00,helpdesk_portal,Billing,Subscription upgrade,Medium,Escalated,Negative,DataDash,Starter,North America,French,Agent_005 (Sophie M),"Hi, I was charged $330.49 twice on Sep 05, 2024. My invoice is INV-1945. Please refund the duplicate.",Refund processed,51.7,,10.3,False,True,4,9,2024-01-07 02:36:00,10.3,41.400000000000006,51.7,48,0.0,16,Saturday,Tarde (12-18),False,3.700000000000003,False
TKT-01244,2025-05-08 13:57:00,2025-05-09 15:15:00,whatsapp,Feature Request,New integration,High,Resolved,Neutral,CloudSync Pro,Enterprise,Middle East,Japanese,Agent_009 (Yuki T),A dark mode option would be greatly appreciated for late-night work sessions.,Self-service guided,25.3,3.2,0.4,False,False,9,739,2025-05-08 14:21:00,0.4,24.900000000000002,25.3,24,0.0,13,Thursday,Tarde (12-18),False,1.3000000000000007,False
TKT-01245,2024-12-19 07:46:00,,helpdesk_portal,Billing,Payment failure,High,Open,Very Negative,DataDash,Free,North America,Hindi,Agent_005 (Sophie M),"Hi, I was charged $111.99 twice on May 03, 2024. My invoice is INV-9693. Please refund the duplicate.",No action needed,,,23.2,False,False,1,1009,2024-12-20 06:58:00,23.2,,,24,,7,Thursday,Mañana (06-12),True,,False
TKT-01246,2025-02-20 11:50:00,2025-02-21 00:08:00,phone,Technical Issue,Data sync issue,Critical,Closed,Very Negative,DataDash,Professional,Europe,English,Agent_008 (Daniel N),Performance has been extremely slow on my end. Pages take 20+ seconds to load.,Issue fixed by agent,12.3,2.0,8.9,False,False,1,899,2025-02-20 20:44:00,8.9,3.4000000000000004,12.3,8,0.0,11,Thursday,Mañana (06-12),True,4.300000000000001,False
TKT-01247,2024-08-15 20:24:00,,email,Billing,Subscription upgrade,Medium,In Progress,Very Negative,DataDash,Starter,South Asia,French,Agent_005 (Sophie M),My payment of $450.00 failed but the amount was still deducted from my account.,No action needed,,,16.7,False,False,5,764,2024-08-16 13:06:00,16.7,,,48,,20,Thursday,Noche (18-24),False,,False
TKT-01248,2024-04-20 21:39:00,,chat,Complaint,Repeat issue,Medium,Open,Neutral,InvoiceFlow,Free,Europe,German,Agent_008 (Daniel N),Your refund policy is very unfair. I'm considering leaving the platform.,Policy exception granted,,,2.6,False,False,1,298,2024-04-21 00:15:00,2.6,,,48,,21,Saturday,Noche (18-24),True,,False
TKT-01249,2025-03-15 16:29:00,,email,Technical Issue,App crash,Medium,In Progress,Negative,CloudSync Pro,Professional,North America,Spanish,Agent_009 (Yuki T),My data isn't syncing across devices. Last successful sync was 13 days ago.,Policy exception granted,,,10.0,True,False,4,995,2025-03-16 02:29:00,10.0,,,48,,16,Saturday,Tarde (12-18),False,,False
TKT-01250,2024-06-22 16:29:00,2024-06-27 04:29:00,email,Billing,Invoice request,Low,Resolved,Negative,SecureVault,Enterprise,North America,English,Agent_001 (Priya S),My payment of $55.99 failed but the amount was still deducted from my account.,No action needed,108.0,2.9,13.1,False,False,1,29,2024-06-23 05:35:00,13.1,94.9,108.0,72,0.0,16,Saturday,Tarde (12-18),True,36.0,False
TKT-01251,2025-01-13 12:34:00,2025-01-14 18:04:00,email,Technical Issue,Feature not working,High,Closed,Negative,InvoiceFlow,Enterprise,South Asia,Hindi,Agent_003 (Lena K),Performance has been extremely slow on my end. Pages take 20+ seconds to load.,Pending customer,29.5,2.0,3.0,False,False,9,435,2025-01-13 15:34:00,3.0,26.5,29.5,24,0.0,12,Monday,Tarde (12-18),False,5.5,False
TKT-01252,2024-10-05 14:12:00,2024-10-06 06:24:00,whatsapp,Technical Issue,Performance slow,High,Closed,Negative,DataDash,Starter,Southeast Asia,English,Agent_006 (Raj P),My data isn't syncing across devices. Last successful sync was 5 days ago.,Policy exception granted,16.2,2.7,10.0,True,False,11,1241,2024-10-06 00:12:00,10.0,6.199999999999999,16.2,24,1.0,14,Saturday,Tarde (12-18),False,0.0,False
TKT-01253,2024-12-08 14:28:00,,helpdesk_portal,General Inquiry,Pricing info,Medium,In Progress,Negative,CloudSync Pro,Professional,Europe,English,Agent_005 (Sophie M),Does TaskBoard integrate with Salesforce?,Policy exception granted,,,15.2,False,False,12,160,2024-12-09 05:40:00,15.2,,,48,,14,Sunday,Tarde (12-18),False,,False
TKT-01254,2024-07-20 10:31:00,2024-07-27 19:01:00,chat,Technical Issue,Login error,Low,Closed,Very Negative,InvoiceFlow,Free,Europe,Hindi,Unassigned,My data isn't syncing across devices. Last successful sync was 2 days ago.,Issue fixed by agent,176.5,1.7,,False,False,1,236,,,,176.5,72,0.0,10,Saturday,Mañana (06-12),True,104.5,False
TKT-01255,2024-12-17 16:09:00,2024-12-19 05:03:00,web_form,Technical Issue,Data sync issue,Medium,Resolved,Negative,CloudSync Pro,Professional,South Asia,Spanish,Agent_003 (Lena K),My data isn't syncing across devices. Last successful sync was 13 days ago.,Issue fixed by agent,36.9,2.4,0.7,False,False,5,214,2024-12-17 16:51:00,0.7,36.199999999999996,36.9,48,1.0,16,Tuesday,Tarde (12-18),False,0.0,False
TKT-01256,2025-06-21 19:08:00,2025-06-24 05:26:00,twitter_dm,Technical Issue,Performance slow,Low,Closed,Negative,InvoiceFlow,Professional,South Asia,Hindi,Agent_008 (Daniel N),My data isn't syncing across devices. Last successful sync was 5 days ago.,Pending customer,58.3,2.6,1.3,False,False,4,1005,2025-06-21 20:26:00,1.3,57.0,58.3,72,1.0,19,Saturday,Noche (18-24),False,0.0,False
TKT-01257,2024-06-01 20:26:00,2024-06-08 12:32:00,chat,Feature Request,API access,Low,Closed,Neutral,CloudSync Pro,Starter,North America,French,Agent_001 (Priya S),It would be really helpful if TaskBoard supported direct integration with Google Sheets.,Escalated to engineering,160.1,3.3,22.6,False,False,4,80,2024-06-02 19:02:00,22.6,137.5,160.1,72,0.0,20,Saturday,Noche (18-24),False,88.1,False
TKT-01258,2024-01-05 17:11:00,,web_form,Billing,Incorrect amount,Medium,In Progress,Negative,DataDash,Enterprise,South Asia,Arabic,Agent_006 (Raj P),My payment of $345.99 failed but the amount was still deducted from my account.,Issue fixed by agent,,,19.7,False,False,10,218,2024-01-06 12:53:00,19.7,,,48,,17,Friday,Tarde (12-18),False,,False
TKT-01259,2024-05-30 18:02:00,2024-06-03 08:26:00,helpdesk_portal,Billing,Invoice request,Medium,Resolved,Negative,DataDash,Enterprise,Africa,English,Agent_006 (Raj P),My payment of $95.00 failed but the amount was still deducted from my account.,Issue fixed by agent,86.4,2.7,22.0,True,False,6,395,2024-05-31 16:02:00,22.0,64.4,86.4,48,0.0,18,Thursday,Noche (18-24),False,38.400000000000006,False
TKT-01260,2025-05-25 17:22:00,,chat,Technical Issue,Data sync issue,High,In Progress,Negative,CloudSync Pro,Free,Europe,Hindi,Agent_004 (Omar F),My data isn't syncing across devices. Last successful sync was 4 days ago.,Escalated to engineering,,,9.6,False,False,12,474,2025-05-26 02:58:00,9.6,,,24,,17,Sunday,Tarde (12-18),False,,False
TKT-01261,2024-05-28 16:22:00,2024-05-31 11:16:00,chat,Billing,Subscription upgrade,Medium,Escalated,Negative,InvoiceFlow,Professional,Europe,Spanish,Agent_002 (James T),Could you send me a detailed invoice for the period Jul–Sep 2024? I need it for tax purposes.,No action needed,66.9,,18.9,False,True,9,433,2024-05-29 11:16:00,18.9,48.00000000000001,66.9,48,0.0,16,Tuesday,Tarde (12-18),False,18.900000000000006,False
TKT-01262,2024-10-25 12:39:00,,email,Feature Request,Dark mode,Low,Open,Negative,DataDash,Professional,Africa,English,Agent_006 (Raj P),"Can you add an option to export reports in Excel format, not just CSV?",Refund processed,,,23.1,False,False,1,369,2024-10-26 11:45:00,23.1,,,72,,12,Friday,Tarde (12-18),True,,False
TKT-01263,2024-12-25 19:22:00,2024-12-29 10:34:00,web_form,Technical Issue,Login error,Medium,Resolved,Positive,DataDash,Free,South Asia,Spanish,Agent_007 (Elena V),I'm unable to connect an integration since the latest update. Getting error code ERR-626.,Issue fixed by agent,87.2,4.9,5.8,False,False,11,599,2024-12-26 01:10:00,5.8,81.4,87.2,48,0.0,19,Wednesday,Noche (18-24),False,39.2,False
TKT-01264,2024-06-08 12:04:00,2024-06-08 22:40:00,web_form,Technical Issue,App crash,Critical,Closed,Negative,SecureVault,Professional,Middle East,English,Agent_007 (Elena V),I'm unable to invite a team member since the latest update. Getting error code ERR-368.,Pending customer,,2.6,,False,False,6,58,,,,,8,,12,Saturday,Tarde (12-18),False,,True
TKT-01265,2024-07-26 11:27:00,2024-07-28 05:33:00,email,Account Access,Account locked,Medium,Closed,Very Negative,InvoiceFlow,Starter,Africa,English,Agent_002 (James T),I can't log in to my account. The password reset email is not arriving.,Issue fixed by agent,42.1,1.5,8.0,False,False,11,391,2024-07-26 19:27:00,8.0,34.1,42.1,48,1.0,11,Friday,Mañana (06-12),False,0.0,False
TKT-01266,2024-08-17 18:28:00,,chat,Feature Request,Dark mode,Medium,In Progress,Very Negative,InvoiceFlow,Professional,North America,English,Agent_008 (Daniel N),"Can you add an option to export reports in Excel format, not just CSV?",No action needed,,,11.6,False,False,9,1012,2024-08-18 06:04:00,11.6,,,48,,18,Saturday,Noche (18-24),False,,False
TKT-01267,2024-11-01 22:21:00,,whatsapp,Complaint,Policy dissatisfaction,Medium,In Progress,Neutral,SecureVault,Professional,North America,Spanish,Agent_001 (Priya S),I've been waiting 3 days for a response. This is unacceptable.,Escalated to engineering,,,12.7,False,False,10,1154,2024-11-02 11:03:00,12.7,,,48,,22,Friday,Noche (18-24),False,,False
TKT-01268,2024-02-24 20:12:00,2024-02-25 07:18:00,chat,Technical Issue,App crash,High,Closed,Negative,TaskBoard,Professional,Europe,French,Agent_009 (Yuki T),Performance has been extremely slow on my end. Pages take 20+ seconds to load.,Issue fixed by agent,,2.2,,False,False,8,650,,,,,24,,20,Saturday,Noche (18-24),False,,True
TKT-01269,2024-07-16 10:19:00,,email,Billing,Payment failure,Low,In Progress,Very Negative,CloudSync Pro,Professional,Southeast Asia,French,Agent_004 (Omar F),My payment of $339.99 failed but the amount was still deducted from my account.,Self-service guided,,,13.3,True,False,10,289,2024-07-16 23:37:00,13.3,,,72,,10,Tuesday,Mañana (06-12),False,,False
TKT-01270,2024-04-22 11:22:00,2024-04-23 11:46:00,chat,Delivery / Shipping,Late delivery,Medium,Closed,Negative,DataDash,Professional,Africa,English,Agent_006 (Raj P),"My order #23816 was supposed to arrive on Apr 01, 2024 but it's still not here.",Issue fixed by agent,24.4,2.8,9.0,False,False,2,1269,2024-04-22 20:22:00,9.0,15.399999999999999,24.4,48,1.0,11,Monday,Mañana (06-12),False,0.0,False
TKT-01271,2024-01-02 12:25:00,2024-01-05 05:31:00,web_form,Technical Issue,Performance slow,Medium,Resolved,Negative,CloudSync Pro,Starter,North America,English,Unassigned,My data isn't syncing across devices. Last successful sync was 13 days ago.,No action needed,65.1,3.0,,False,False,1,692,,,,65.1,48,0.0,12,Tuesday,Tarde (12-18),True,17.099999999999994,False
TKT-01272,2024-07-09 10:19:00,2024-07-12 06:55:00,whatsapp,Billing,Duplicate charge,Medium,Closed,Negative,TaskBoard,Starter,North America,English,Agent_009 (Yuki T),Could you send me a detailed invoice for the period Apr–Jun 2024? I need it for tax purposes.,No action needed,68.6,2.5,0.1,False,False,9,144,2024-07-09 10:25:00,0.1,68.5,68.6,48,0.0,10,Tuesday,Mañana (06-12),False,20.599999999999994,False
TKT-01273,2025-03-18 19:07:00,,chat,Feature Request,API access,High,In Progress,Neutral,SecureVault,Starter,Middle East,English,Agent_001 (Priya S),It would be really helpful if SecureVault supported direct integration with Jira.,Pending customer,,,14.6,False,False,2,1218,2025-03-19 09:43:00,14.6,,,24,,19,Tuesday,Noche (18-24),False,,False
TKT-01274,2025-06-07 14:01:00,2025-06-12 03:55:00,email,Feature Request,API access,Low,Resolved,Negative,InvoiceFlow,Professional,South Asia,English,Agent_001 (Priya S),A dark mode option would be greatly appreciated for late-night work sessions.,Issue fixed by agent,109.9,3.0,10.8,False,False,9,384,2025-06-08 00:49:00,10.8,99.10000000000001,109.9,72,0.0,14,Saturday,Tarde (12-18),False,37.900000000000006,False
TKT-01275,2024-04-28 13:54:00,2024-05-04 15:30:00,email,General Inquiry,Plan comparison,Low,Escalated,Very Negative,InvoiceFlow,Enterprise,Europe,Spanish,Agent_006 (Raj P),I'm interested in a partnership opportunity with your company.,Self-service guided,145.6,,21.8,False,True,5,831,2024-04-29 11:42:00,21.8,123.8,145.6,72,0.0,13,Sunday,Tarde (12-18),False,73.6,False
TKT-01276,2024-06-20 13:42:00,2024-06-21 15:18:00,chat,Technical Issue,Data sync issue,Medium,Closed,Very Negative,TaskBoard,Starter,South Asia,English,Agent_005 (Sophie M),My data isn't syncing across devices. Last successful sync was 11 days ago.,Escalated to engineering,25.6,1.7,9.2,False,False,1,54,2024-06-20 22:54:00,9.2,16.400000000000002,25.6,48,1.0,13,Thursday,Tarde (12-18),True,0.0,False
TKT-01277,2024-08-16 15:58:00,2024-08-17 21:10:00,chat,Technical Issue,Data sync issue,Medium,Resolved,Positive,DataDash,Free,South Asia,Spanish,Agent_001 (Priya S),The app keeps crashing when I try to upload a file. I'm on Android 14.,Issue fixed by agent,29.2,4.9,20.0,False,False,2,879,2024-08-17 11:58:00,20.0,9.2,29.2,48,1.0,15,Friday,Tarde (12-18),False,0.0,False
TKT-01278,2025-04-25 08:35:00,,whatsapp,General Inquiry,Pricing info,Medium,Open,Negative,DataDash,Free,Europe,English,Agent_001 (Priya S),Where can I find documentation on setting up the API?,Pending customer,,,4.3,False,False,1,473,2025-04-25 12:53:00,4.3,,,48,,8,Friday,Mañana (06-12),True,,False
TKT-01279,2024-11-07 21:26:00,2024-11-10 23:26:00,whatsapp,Billing,Duplicate charge,Low,Closed,Positive,TaskBoard,Starter,North America,English,Agent_008 (Daniel N),My payment of $306.49 failed but the amount was still deducted from my account.,Escalated to engineering,74.0,4.2,6.4,False,False,3,297,2024-11-08 03:50:00,6.4,67.6,74.0,72,0.0,21,Thursday,Noche (18-24),False,2.0,False
TKT-01280,2025-01-04 18:16:00,2025-01-05 08:40:00,email,Account Access,2FA issue,High,Resolved,Negative,InvoiceFlow,Enterprise,South Asia,English,Agent_002 (James T),I'm having trouble with 2FA — the codes aren't working on my new phone.,Escalated to engineering,14.4,2.7,9.0,False,False,4,1276,2025-01-05 03:16:00,9.0,5.4,14.4,24,1.0,18,Saturday,Noche (18-24),False,0.0,False
TKT-01281,2024-04-30 21:20:00,2024-05-02 10:02:00,chat,Account Access,2FA issue,High,Closed,Very Negative,CloudSync Pro,Starter,Africa,English,Agent_002 (James T),My account appears to be locked. I haven't violated any terms.,Refund processed,36.7,1.8,21.3,False,False,7,340,2024-05-01 18:38:00,21.3,15.400000000000002,36.7,24,0.0,21,Tuesday,Noche (18-24),False,12.700000000000003,False
TKT-01282,2024-11-08 12:39:00,2024-11-11 22:51:00,chat,Account Access,Password reset,Medium,Resolved,Very Negative,CloudSync Pro,Enterprise,Southeast Asia,English,Agent_005 (Sophie M),I need to update the email address associated with my account.,,82.2,1.0,10.3,False,False,11,1311,2024-11-08 22:57:00,10.3,71.9,82.2,48,0.0,12,Friday,Tarde (12-18),False,34.2,False
TKT-01283,2024-03-25 20:29:00,,email,Technical Issue,Performance slow,Medium,In Progress,Negative,CloudSync Pro,Starter,North America,French,Agent_004 (Omar F),The app keeps crashing when I try to connect an integration. I'm on Android 14.,No action needed,,,22.2,False,False,12,1116,2024-03-26 18:41:00,22.2,,,48,,20,Monday,Noche (18-24),False,,False
TKT-01284,2024-12-06 14:32:00,2024-12-07 21:50:00,whatsapp,Account Access,Account deletion,Medium,Resolved,Neutral,CloudSync Pro,Professional,Europe,English,Agent_001 (Priya S),I can't log in to my account. The password reset email is not arriving.,No action needed,31.3,3.3,7.0,False,False,11,672,2024-12-06 21:32:00,7.0,24.3,31.3,48,1.0,14,Friday,Tarde (12-18),False,0.0,False
TKT-01285,2024-05-14 19:07:00,,web_form,General Inquiry,Plan comparison,Low,Open,Neutral,SecureVault,Professional,South Asia,Spanish,Agent_007 (Elena V),Could you explain the difference between the Professional and Enterprise plans?,No action needed,,,12.5,False,False,3,145,2024-05-15 07:37:00,12.5,,,72,,19,Tuesday,Noche (18-24),False,,False
TKT-01286,2024-09-08 20:41:00,2024-09-09 01:59:00,chat,Technical Issue,App crash,Critical,Closed,Negative,CloudSync Pro,Professional,Southeast Asia,English,Agent_008 (Daniel N),Performance has been extremely slow on my end. Pages take 20+ seconds to load.,No action needed,5.3,2.2,4.1,False,False,10,1193,2024-09-09 00:47:00,4.1,1.2000000000000002,5.3,8,1.0,20,Sunday,Noche (18-24),False,0.0,False
TKT-01287,2024-01-04 21:06:00,2024-01-05 14:06:00,chat,Feature Request,Export options,High,Escalated,Negative,SecureVault,Professional,Southeast Asia,English,Agent_001 (Priya S),"Can you add an option to export reports in Excel format, not just CSV?",Pending customer,,,,False,True,2,407,,,,,24,,21,Thursday,Noche (18-24),False,,True
TKT-01288,2024-03-18 08:51:00,2024-03-19 02:33:00,helpdesk_portal,Billing,Subscription upgrade,High,Resolved,Negative,DataDash,Enterprise,Europe,English,Agent_009 (Yuki T),My payment of $362.00 failed but the amount was still deducted from my account.,Escalated to engineering,17.7,2.1,12.7,False,False,5,948,2024-03-18 21:33:00,12.7,5.0,17.7,24,1.0,8,Monday,Mañana (06-12),False,0.0,False
TKT-01289,2024-05-14 13:06:00,2024-05-16 20:12:00,whatsapp,Billing,Invoice request,Low,Closed,Very Negative,CloudSync Pro,Starter,North America,English,Agent_004 (Omar F),"Hi, I was charged $234.00 twice on Nov 11, 2024. My invoice is INV-3911. Please refund the duplicate.",Issue fixed by agent,55.1,1.5,14.7,False,False,7,448,2024-05-15 03:48:00,14.7,40.400000000000006,55.1,72,1.0,13,Tuesday,Tarde (12-18),False,0.0,False
TKT-01290,2024-02-13 07:57:00,,phone,Billing,Duplicate charge,Low,In Progress,Negative,DataDash,Free,Middle East,English,Agent_006 (Raj P),Could you send me a detailed invoice for the period Jan–Mar 2024? I need it for tax purposes.,Issue fixed by agent,,,1.9,False,False,1,362,2024-02-13 09:51:00,1.9,,,72,,7,Tuesday,Mañana (06-12),True,,False
TKT-01291,2024-08-29 19:02:00,2024-09-02 08:26:00,helpdesk_portal,Billing,Invoice request,Medium,Closed,Very Negative,CloudSync Pro,Free,South Asia,German,Agent_004 (Omar F),I noticed an incorrect charge of $462.49 on my last bill. Can you look into invoice INV-1595?,Self-service guided,85.4,1.7,21.3,False,False,4,424,2024-08-30 16:20:00,21.3,64.10000000000001,85.4,48,0.0,19,Thursday,Noche (18-24),False,37.400000000000006,False
TKT-01292,2024-09-07 08:56:00,,helpdesk_portal,Technical Issue,Performance slow,Low,In Progress,Negative,CloudSync Pro,Free,Latin America,Hindi,Agent_004 (Omar F),The app keeps crashing when I try to export a report. I'm on iOS 17.,Issue fixed by agent,,,7.1,True,False,5,192,2024-09-07 16:02:00,7.1,,,72,,8,Saturday,Mañana (06-12),False,,False
TKT-01293,2025-01-05 22:17:00,2025-01-08 15:11:00,email,Feature Request,Dark mode,Low,Resolved,Negative,DataDash,Professional,North America,English,Agent_006 (Raj P),It would be really helpful if TaskBoard supported direct integration with Slack.,Refund processed,64.9,2.1,7.5,False,False,11,249,2025-01-06 05:47:00,7.5,57.400000000000006,64.9,72,1.0,22,Sunday,Noche (18-24),False,0.0,False
TKT-01294,2024-10-24 19:55:00,2024-10-27 19:25:00,twitter_dm,Technical Issue,Login error,Medium,Closed,Very Negative,CloudSync Pro,Professional,North America,Arabic,Agent_004 (Omar F),The app keeps crashing when I try to export a report. I'm on iOS 17.,Escalated to engineering,71.5,1.4,0.5,False,False,8,715,2024-10-24 20:25:00,0.5,71.0,71.5,48,0.0,19,Thursday,Noche (18-24),False,23.5,False
TKT-01295,2024-04-06 19:41:00,2024-04-07 00:35:00,chat,Billing,Incorrect amount,Critical,Escalated,Neutral,InvoiceFlow,Enterprise,North America,French,Agent_008 (Daniel N),My payment of $105.99 failed but the amount was still deducted from my account.,Issue fixed by agent,,,,False,True,7,1380,,,,,8,,19,Saturday,Noche (18-24),False,,True
TKT-01296,2025-03-24 16:21:00,2025-03-27 11:45:00,web_form,Technical Issue,Performance slow,Low,Resolved,Negative,CloudSync Pro,Professional,Southeast Asia,German,Agent_001 (Priya S),Performance has been extremely slow on my end. Pages take 20+ seconds to load.,Pending customer,67.4,2.5,23.4,False,False,5,277,2025-03-25 15:45:00,23.4,44.00000000000001,67.4,72,1.0,16,Monday,Tarde (12-18),False,0.0,False
TKT-01297,2025-06-18 10:16:00,,email,Refund / Return,Refund status,Medium,In Progress,Negative,InvoiceFlow,Professional,North America,Hindi,Agent_002 (James T),I want to return an item from order #66084 — it doesn't meet my needs.,Self-service guided,,,4.2,False,False,6,415,2025-06-18 14:28:00,4.2,,,48,,10,Wednesday,Mañana (06-12),False,,False
TKT-01298,2024-09-29 08:06:00,,phone,Feature Request,API access,Low,Open,Neutral,DataDash,Professional,Latin America,English,Agent_009 (Yuki T),"Can you add an option to export reports in Excel format, not just CSV?",Refund processed,,,0.7,False,False,9,336,2024-09-29 08:48:00,0.7,,,72,,8,Sunday,Mañana (06-12),False,,False
TKT-01299,2025-05-06 19:16:00,2025-05-08 22:40:00,helpdesk_portal,Refund / Return,Return request,Medium,Resolved,Negative,SecureVault,Free,North America,English,Agent_004 (Omar F),What's the status of refund request #REF-3543? It's been 6 days.,Escalated to engineering,51.4,2.5,0.5,False,False,3,1054,2025-05-06 19:46:00,0.5,50.9,51.4,48,0.0,19,Tuesday,Noche (18-24),False,3.3999999999999986,False
TKT-01300,2024-09-09 12:59:00,2024-09-15 01:53:00,web_form,Account Access,Account deletion,Low,Resolved,Negative,TaskBoard,Starter,North America,English,Agent_007 (Elena V),I need to update the email address associated with my account.,Issue fixed by agent,132.9,2.0,10.5,False,False,1,1374,2024-09-09 23:29:00,10.5,122.4,132.9,72,0.0,12,Monday,Tarde (12-18),True,60.900000000000006,False
TKT-01301,2024-03-07 10:47:00,2024-03-07 19:23:00,chat,Account Access,Password reset,High,Closed,Neutral,CloudSync Pro,Starter,North America,Spanish,Agent_006 (Raj P),I need to update the email address associated with my account.,Escalated to engineering,8.6,3.9,6.0,False,False,7,965,2024-03-07 16:47:00,6.0,2.5999999999999996,8.6,24,1.0,10,Thursday,Mañana (06-12),False,0.0,False
TKT-01302,2024-06-16 19:11:00,2024-06-19 18:17:00,chat,Billing,Incorrect amount,Medium,Closed,Neutral,SecureVault,Enterprise,Europe,English,Agent_003 (Lena K),I noticed an incorrect charge of $371.49 on my last bill. Can you look into invoice INV-3742?,Policy exception granted,71.1,3.4,18.4,False,False,2,544,2024-06-17 13:35:00,18.4,52.699999999999996,71.1,48,0.0,19,Sunday,Noche (18-24),False,23.099999999999994,False
TKT-01303,2024-03-28 20:02:00,2024-04-04 22:20:00,phone,Billing,Duplicate charge,Low,Closed,Neutral,DataDash,Starter,South Asia,Spanish,Agent_004 (Omar F),"Hi, I was charged $246.00 twice on Jun 12, 2024. My invoice is INV-5391. Please refund the duplicate.",No action needed,170.3,3.2,1.2,False,False,2,1077,2024-03-28 21:14:00,1.2,169.10000000000002,170.3,72,0.0,20,Thursday,Noche (18-24),False,98.30000000000001,False
TKT-01304,2024-10-20 21:24:00,2024-10-27 22:36:00,web_form,Complaint,Rude agent,Low,Resolved,Positive,InvoiceFlow,Enterprise,Southeast Asia,English,Agent_002 (James T),I've been waiting 3 days for a response. This is unacceptable.,Issue fixed by agent,169.2,4.5,22.5,False,False,11,201,2024-10-21 19:54:00,22.5,146.7,169.2,72,0.0,21,Sunday,Noche (18-24),False,97.19999999999999,False
TKT-01305,2024-08-16 13:02:00,,email,Delivery / Shipping,Late delivery,Medium,In Progress,Neutral,DataDash,Professional,Europe,Arabic,Agent_005 (Sophie M),The item I received is damaged. I need a replacement or refund for order #16191.,Refund processed,,,12.2,False,False,11,266,2024-08-17 01:14:00,12.2,,,48,,13,Friday,Tarde (12-18),False,,False
TKT-01306,2025-04-13 13:48:00,,email,Technical Issue,Feature not working,Critical,In Progress,Very Negative,InvoiceFlow,Free,North America,French,Agent_001 (Priya S),I'm unable to export a report since the latest update. Getting error code ERR-236.,Policy exception granted,,,7.4,True,False,4,7,2025-04-13 21:12:00,7.4,,,8,,13,Sunday,Tarde (12-18),False,,False
TKT-01307,2025-02-20 10:13:00,,chat,Delivery / Shipping,Wrong item,Medium,In Progress,Very Negative,InvoiceFlow,Starter,South Asia,English,Agent_002 (James T),The tracking for order #57847 hasn't updated in 5 days.,Self-service guided,,,0.9,False,False,4,815,2025-02-20 11:07:00,0.9,,,48,,10,Thursday,Mañana (06-12),False,,False
TKT-01308,2024-01-15 22:10:00,,whatsapp,Account Access,Email change,Medium,In Progress,Negative,DataDash,Starter,Africa,English,Agent_002 (James T),I'm having trouble with 2FA — the codes aren't working on my new phone.,Refund processed,,,12.8,False,False,8,1249,2024-01-16 10:58:00,12.8,,,48,,22,Monday,Noche (18-24),False,,False
TKT-01309,2025-04-03 10:17:00,2025-04-05 10:59:00,web_form,Feature Request,UI improvement,Medium,Closed,Negative,InvoiceFlow,Enterprise,Africa,Arabic,Unassigned,"Can you add an option to export reports in Excel format, not just CSV?",No action needed,48.7,2.9,,False,False,7,1377,,,,48.7,48,0.0,10,Thursday,Mañana (06-12),False,0.7000000000000028,False
TKT-01310,2024-03-27 15:45:00,2024-03-29 07:15:00,email,Refund / Return,Partial refund,High,Escalated,Neutral,TaskBoard,Professional,Europe,Hindi,Agent_004 (Omar F),I'd like to request a full refund for my recent purchase. Order #81892.,Issue fixed by agent,39.5,,12.1,False,True,4,919,2024-03-28 03:51:00,12.1,27.4,39.5,24,0.0,15,Wednesday,Tarde (12-18),False,15.5,False
TKT-01311,2024-07-11 17:40:00,,chat,Account Access,Password reset,Critical,Open,Negative,SecureVault,Free,Middle East,Japanese,Agent_001 (Priya S),My account appears to be locked. I haven't violated any terms.,Self-service guided,,,23.0,False,False,12,500,2024-07-12 16:40:00,23.0,,,8,,17,Thursday,Tarde (12-18),False,,False
TKT-01312,2025-06-21 18:36:00,2025-06-22 22:30:00,chat,Feature Request,Dark mode,Medium,Resolved,Very Negative,TaskBoard,Professional,Africa,English,Agent_004 (Omar F),A dark mode option would be greatly appreciated for late-night work sessions.,Escalated to engineering,27.9,1.8,21.3,False,False,5,268,2025-06-22 15:54:00,21.3,6.599999999999998,27.9,48,1.0,18,Saturday,Noche (18-24),False,0.0,False
TKT-01313,2024-03-14 19:48:00,2024-03-15 21:36:00,twitter_dm,Technical Issue,App crash,Medium,Closed,Neutral,DataDash,Free,South Asia,Spanish,Agent_002 (James T),I'm unable to invite a team member since the latest update. Getting error code ERR-328.,Self-service guided,25.8,3.3,15.0,False,False,9,20,2024-03-15 10:48:00,15.0,10.8,25.8,48,1.0,19,Thursday,Noche (18-24),False,0.0,False
TKT-01314,2025-05-29 13:39:00,,helpdesk_portal,Account Access,Account locked,Medium,In Progress,Neutral,InvoiceFlow,Free,Southeast Asia,English,Unassigned,I can't log in to my account. The password reset email is not arriving.,Pending customer,,,,False,False,6,748,,,,,48,,13,Thursday,Tarde (12-18),False,,False
TKT-01315,2025-02-07 08:55:00,2025-02-10 18:55:00,web_form,Technical Issue,Performance slow,Medium,Resolved,Negative,InvoiceFlow,Professional,Latin America,French,Agent_007 (Elena V),My data isn't syncing across devices. Last successful sync was 2 days ago.,No action needed,82.0,2.7,4.7,True,False,7,832,2025-02-07 13:37:00,4.7,77.3,82.0,48,0.0,8,Friday,Mañana (06-12),False,34.0,False
TKT-01316,2025-01-31 21:21:00,2025-02-03 00:21:00,whatsapp,Billing,Payment failure,Medium,Resolved,Neutral,DataDash,Professional,Europe,English,Agent_002 (James T),My payment of $206.00 failed but the amount was still deducted from my account.,Escalated to engineering,51.0,3.8,7.5,False,False,7,1206,2025-02-01 04:51:00,7.5,43.5,51.0,48,0.0,21,Friday,Noche (18-24),False,3.0,False
TKT-01317,2024-10-23 07:12:00,2024-10-24 04:36:00,chat,Technical Issue,Login error,High,Closed,Negative,SecureVault,Free,Middle East,English,Agent_005 (Sophie M),Performance has been extremely slow on my end. Pages take 20+ seconds to load.,Issue fixed by agent,21.4,2.2,17.8,False,False,1,1231,2024-10-24 01:00:00,17.8,3.599999999999998,21.4,24,1.0,7,Wednesday,Mañana (06-12),True,0.0,False
TKT-01318,2024-02-01 08:30:00,2024-02-03 23:12:00,twitter_dm,Feature Request,API access,Low,Closed,Neutral,InvoiceFlow,Starter,North America,German,Agent_003 (Lena K),Is there any plan to expose an API for the reporting module?,Self-service guided,62.7,3.4,1.9,False,False,2,108,2024-02-01 10:24:00,1.9,60.800000000000004,62.7,72,1.0,8,Thursday,Mañana (06-12),False,0.0,False
TKT-01319,2024-05-15 15:55:00,2024-05-20 18:31:00,whatsapp,Technical Issue,Feature not working,Low,Resolved,Negative,DataDash,Starter,Europe,French,Agent_002 (James T),I'm unable to invite a team member since the latest update. Getting error code ERR-696.,Issue fixed by agent,122.6,2.3,0.7,False,False,12,1280,2024-05-15 16:37:00,0.7,121.89999999999999,122.6,72,0.0,15,Wednesday,Tarde (12-18),False,50.599999999999994,False
TKT-01320,2025-02-01 19:31:00,2025-02-04 22:19:00,chat,General Inquiry,Partnership,Low,Resolved,Neutral,TaskBoard,Enterprise,North America,Hindi,Agent_009 (Yuki T),I'm interested in a partnership opportunity with your company.,Issue fixed by agent,74.8,3.6,17.9,False,False,5,1250,2025-02-02 13:25:00,17.9,56.9,74.8,72,0.0,19,Saturday,Noche (18-24),False,2.799999999999997,False
TKT-01321,2024-03-06 08:38:00,2024-03-09 20:44:00,chat,Billing,Invoice request,Low,Resolved,Neutral,CloudSync Pro,Free,North America,English,Agent_002 (James T),I noticed an incorrect charge of $286.49 on my last bill. Can you look into invoice INV-1898?,Refund processed,84.1,3.8,5.8,False,False,9,64,2024-03-06 14:26:00,5.8,78.3,84.1,72,0.0,8,Wednesday,Mañana (06-12),False,12.099999999999994,False
TKT-01322,2025-04-25 18:01:00,2025-04-26 19:43:00,whatsapp,Technical Issue,Data sync issue,Medium,Resolved,Very Negative,CloudSync Pro,Professional,Africa,Hindi,Agent_005 (Sophie M),I'm unable to connect an integration since the latest update. Getting error code ERR-808.,Issue fixed by agent,25.7,1.8,1.7,False,False,7,833,2025-04-25 19:43:00,1.7,24.0,25.7,48,1.0,18,Friday,Noche (18-24),False,0.0,False
TKT-01323,2024-07-21 11:47:00,2024-07-22 21:23:00,whatsapp,Delivery / Shipping,Wrong item,High,Resolved,Very Negative,DataDash,Starter,North America,English,Agent_005 (Sophie M),The item I received is damaged. I need a replacement or refund for order #84320.,Issue fixed by agent,33.6,1.0,7.6,False,False,5,509,2024-07-21 19:23:00,7.6,26.0,33.6,24,0.0,11,Sunday,Mañana (06-12),False,9.600000000000001,False
TKT-01324,2024-06-29 14:57:00,2024-06-29 21:03:00,email,Refund / Return,Policy inquiry,Critical,Resolved,Negative,CloudSync Pro,Starter,South Asia,Hindi,Agent_001 (Priya S),I was overcharged and would like a partial refund for the difference.,Issue fixed by agent,,2.5,,False,False,1,164,,,,,8,,14,Saturday,Tarde (12-18),True,,True
TKT-01325,2024-11-30 15:44:00,2024-12-02 01:20:00,email,Feature Request,API access,High,Closed,Neutral,DataDash,Free,Middle East,Japanese,Agent_009 (Yuki T),Is there any plan to expose an API for the reporting module?,Escalated to engineering,33.6,3.9,0.6,False,False,5,657,2024-11-30 16:20:00,0.6,33.0,33.6,24,0.0,15,Saturday,Tarde (12-18),False,9.600000000000001,False
TKT-01326,2025-02-28 16:04:00,2025-02-28 19:16:00,helpdesk_portal,Account Access,Password reset,Critical,Closed,Positive,InvoiceFlow,Enterprise,Africa,Arabic,Agent_008 (Daniel N),I'm having trouble with 2FA — the codes aren't working on my new phone.,Issue fixed by agent,,4.7,,False,False,12,131,,,,,8,,16,Friday,Tarde (12-18),False,,True
TKT-01327,2025-06-09 12:45:00,2025-06-13 05:45:00,web_form,Billing,Subscription upgrade,Medium,Closed,Positive,InvoiceFlow,Starter,Southeast Asia,English,Agent_003 (Lena K),"Hi, I was charged $462.49 twice on Aug 03, 2024. My invoice is INV-6471. Please refund the duplicate.",Issue fixed by agent,89.0,4.8,15.6,False,False,9,174,2025-06-10 04:21:00,15.6,73.4,89.0,48,0.0,12,Monday,Tarde (12-18),False,41.0,False
TKT-01328,2024-10-06 09:32:00,2024-10-13 02:44:00,email,Refund / Return,Return request,Low,Resolved,Very Negative,SecureVault,Starter,Europe,German,Agent_003 (Lena K),I'd like to request a full refund for my recent purchase. Order #20234.,Issue fixed by agent,161.2,1.4,0.7,False,False,7,223,2024-10-06 10:14:00,0.7,160.5,161.2,72,0.0,9,Sunday,Mañana (06-12),False,89.19999999999999,False
TKT-01329,2025-01-22 16:14:00,2025-01-23 06:50:00,email,Billing,Subscription upgrade,Critical,Closed,Negative,DataDash,Free,South Asia,English,Agent_001 (Priya S),My payment of $143.00 failed but the amount was still deducted from my account.,Refund processed,14.6,3.0,13.5,False,False,6,1402,2025-01-23 05:44:00,13.5,1.0999999999999996,14.6,8,0.0,16,Wednesday,Tarde (12-18),False,6.6,False
TKT-01330,2024-12-04 18:49:00,2024-12-10 12:55:00,email,Billing,Payment failure,Low,Closed,Positive,InvoiceFlow,Starter,Southeast Asia,French,Agent_009 (Yuki T),Could you send me a detailed invoice for the period Oct–Dec 2024? I need it for tax purposes.,Issue fixed by agent,138.1,4.6,18.6,False,False,1,1185,2024-12-05 13:25:00,18.6,119.5,138.1,72,0.0,18,Wednesday,Noche (18-24),True,66.1,False
TKT-01331,2024-12-14 22:11:00,2024-12-20 18:47:00,email,Feature Request,Dark mode,Low,Resolved,Negative,TaskBoard,Professional,South Asia,Arabic,Agent_009 (Yuki T),"Can you add an option to export reports in Excel format, not just CSV?",Issue fixed by agent,140.6,2.8,18.1,False,False,7,323,2024-12-15 16:17:00,18.1,122.5,140.6,72,0.0,22,Saturday,Noche (18-24),False,68.6,False
TKT-01332,2025-04-07 17:03:00,2025-04-10 20:15:00,phone,Feature Request,Dark mode,Medium,Resolved,Negative,SecureVault,Starter,Africa,Spanish,Agent_005 (Sophie M),It would be really helpful if CloudSync Pro supported direct integration with Zapier.,Self-service guided,75.2,2.6,15.2,False,False,9,515,2025-04-08 08:15:00,15.2,60.0,75.2,48,0.0,17,Monday,Tarde (12-18),False,27.200000000000003,False
TKT-01333,2025-05-10 09:58:00,,web_form,Account Access,Account deletion,Medium,Open,Negative,CloudSync Pro,Enterprise,Southeast Asia,English,Agent_005 (Sophie M),I can't log in to my account. The password reset email is not arriving.,Escalated to engineering,,,21.4,False,False,11,804,2025-05-11 07:22:00,21.4,,,48,,9,Saturday,Mañana (06-12),False,,False
TKT-01334,2024-01-26 14:06:00,2024-01-30 04:48:00,chat,Technical Issue,Login error,Medium,Escalated,Negative,DataDash,Starter,South Asia,English,Agent_002 (James T),The app keeps crashing when I try to export a report. I'm on iOS 17.,Escalated to engineering,86.7,,7.2,False,True,7,774,2024-01-26 21:18:00,7.2,79.5,86.7,48,0.0,14,Friday,Tarde (12-18),False,38.7,False
TKT-01335,2024-11-03 19:53:00,2024-11-09 18:23:00,web_form,Delivery / Shipping,Damaged item,Low,Resolved,Very Negative,CloudSync Pro,Professional,Europe,English,Agent_005 (Sophie M),The tracking for order #69392 hasn't updated in 12 days.,Issue fixed by agent,142.5,1.1,3.0,False,False,1,941,2024-11-03 22:53:00,3.0,139.5,142.5,72,0.0,19,Sunday,Noche (18-24),True,70.5,False
TKT-01336,2024-12-19 19:17:00,,email,Billing,Invoice request,Medium,In Progress,Negative,InvoiceFlow,Professional,Africa,English,Agent_001 (Priya S),Could you send me a detailed invoice for the period Jul–Sep 2024? I need it for tax purposes.,Issue fixed by agent,,,15.2,False,False,5,1002,2024-12-20 10:29:00,15.2,,,48,,19,Thursday,Noche (18-24),False,,False
TKT-01337,2024-10-16 19:20:00,,helpdesk_portal,General Inquiry,Plan comparison,Critical,Open,Very Negative,InvoiceFlow,Professional,South Asia,English,Agent_008 (Daniel N),Does InvoiceFlow integrate with Salesforce?,Refund processed,,,0.7,False,False,1,5,2024-10-16 20:02:00,0.7,,,8,,19,Wednesday,Noche (18-24),True,,False
TKT-01338,2025-03-10 13:33:00,2025-03-11 17:33:00,web_form,Billing,Duplicate charge,Medium,Resolved,Very Negative,CloudSync Pro,Enterprise,Europe,English,Agent_003 (Lena K),"Hi, I was charged $246.00 twice on Jul 26, 2024. My invoice is INV-1863. Please refund the duplicate.",Escalated to engineering,28.0,1.5,21.8,False,False,12,529,2025-03-11 11:21:00,21.8,6.199999999999999,28.0,48,1.0,13,Monday,Tarde (12-18),False,0.0,False
TKT-01339,2025-05-29 07:19:00,2025-05-29 14:01:00,chat,Account Access,Account locked,Critical,Escalated,Very Negative,CloudSync Pro,Professional,Africa,French,Agent_001 (Priya S),I can't log in to my account. The password reset email is not arriving.,No action needed,,,,False,True,11,930,,,,,8,,7,Thursday,Mañana (06-12),False,,True
TKT-01340,2025-04-07 07:59:00,2025-04-08 04:35:00,chat,Complaint,Policy dissatisfaction,High,Closed,Very Negative,CloudSync Pro,Enterprise,Europe,Spanish,Agent_004 (Omar F),Your refund policy is very unfair. I'm considering leaving the platform.,Issue fixed by agent,20.6,1.6,7.1,False,False,3,651,2025-04-07 15:05:00,7.1,13.500000000000002,20.6,24,1.0,7,Monday,Mañana (06-12),False,0.0,False
TKT-01341,2025-01-30 08:14:00,2025-01-30 19:56:00,web_form,Account Access,Account locked,Critical,Closed,Negative,InvoiceFlow,Professional,Europe,French,Agent_006 (Raj P),I need to update the email address associated with my account.,Issue fixed by agent,,2.7,,False,False,4,119,,,,,8,,8,Thursday,Mañana (06-12),False,,True
TKT-01342,2024-08-23 14:51:00,2024-08-26 16:51:00,whatsapp,Feature Request,UI improvement,Medium,Resolved,Negative,InvoiceFlow,Free,North America,French,Unassigned,It would be really helpful if TaskBoard supported direct integration with Jira.,Self-service guided,74.0,3.0,,False,False,1,720,,,,74.0,48,0.0,14,Friday,Tarde (12-18),True,26.0,False
TKT-01343,2025-05-25 21:39:00,2025-05-28 12:57:00,chat,General Inquiry,Plan comparison,Medium,Closed,Neutral,CloudSync Pro,Starter,South Asia,Hindi,Agent_007 (Elena V),Where can I find documentation on setting up the API?,Policy exception granted,63.3,3.0,9.8,False,False,3,1235,2025-05-26 07:27:00,9.8,53.5,63.3,48,0.0,21,Sunday,Noche (18-24),False,15.299999999999997,False
TKT-01344,2024-06-21 08:35:00,2024-06-24 17:35:00,whatsapp,Feature Request,UI improvement,Low,Closed,Negative,InvoiceFlow,Professional,North America,Hindi,Agent_003 (Lena K),"Can you add an option to export reports in Excel format, not just CSV?",Self-service guided,81.0,2.4,9.7,False,False,5,214,2024-06-21 18:17:00,9.7,71.3,81.0,72,0.0,8,Friday,Mañana (06-12),False,9.0,False
TKT-01345,2025-06-12 17:48:00,,helpdesk_portal,Feature Request,New integration,Critical,In Progress,Negative,SecureVault,Professional,Europe,English,Agent_004 (Omar F),Is there any plan to expose an API for the reporting module?,Refund processed,,,6.3,False,False,12,1283,2025-06-13 00:06:00,6.3,,,8,,17,Thursday,Tarde (12-18),False,,False
TKT-01346,2025-06-14 16:07:00,2025-06-17 12:37:00,phone,Refund / Return,Partial refund,Low,Closed,Positive,DataDash,Professional,Southeast Asia,English,Agent_004 (Omar F),I'd like to request a full refund for my recent purchase. Order #33129.,Refund processed,68.5,4.4,7.0,False,False,9,1100,2025-06-14 23:07:00,7.0,61.5,68.5,72,1.0,16,Saturday,Tarde (12-18),False,0.0,False
TKT-01347,2024-04-11 10:41:00,2024-04-12 19:11:00,web_form,Billing,Duplicate charge,High,Closed,Negative,TaskBoard,Professional,Europe,English,Agent_004 (Omar F),"Hi, I was charged $339.00 twice on Oct 26, 2024. My invoice is INV-8577. Please refund the duplicate.",No action needed,32.5,2.3,23.6,False,False,11,203,2024-04-12 10:17:00,23.6,8.899999999999999,32.5,24,0.0,10,Thursday,Mañana (06-12),False,8.5,False
TKT-01348,2024-01-05 10:43:00,2024-01-07 13:13:00,whatsapp,Billing,Payment failure,Medium,Resolved,Neutral,DataDash,Starter,North America,Japanese,Agent_002 (James T),Could you send me a detailed invoice for the period Jan–Mar 2024? I need it for tax purposes.,Pending customer,50.5,3.9,6.3,False,False,10,797,2024-01-05 17:01:00,6.3,44.2,50.5,48,0.0,10,Friday,Mañana (06-12),False,2.5,False
TKT-01349,2025-06-21 07:59:00,2025-06-21 21:23:00,helpdesk_portal,Technical Issue,Data sync issue,High,Resolved,Positive,CloudSync Pro,Starter,Europe,French,Agent_005 (Sophie M),My data isn't syncing across devices. Last successful sync was 11 days ago.,,13.4,4.0,6.0,True,False,4,935,2025-06-21 13:59:00,6.0,7.4,13.4,24,1.0,7,Saturday,Mañana (06-12),False,0.0,False
TKT-01350,2024-01-11 21:04:00,2024-01-12 19:28:00,helpdesk_portal,Account Access,Account deletion,Medium,Resolved,Negative,DataDash,Professional,North America,English,Agent_009 (Yuki T),I can't log in to my account. The password reset email is not arriving.,,,2.3,,True,False,10,1150,,,,,48,,21,Thursday,Noche (18-24),False,,True
TKT-01351,2024-06-07 20:13:00,2024-06-11 08:01:00,helpdesk_portal,Billing,Incorrect amount,Low,Closed,Very Negative,DataDash,Professional,North America,French,Agent_003 (Lena K),My payment of $303.00 failed but the amount was still deducted from my account.,No action needed,83.8,1.9,8.7,False,False,9,714,2024-06-08 04:55:00,8.7,75.1,83.8,72,0.0,20,Friday,Noche (18-24),False,11.799999999999997,False
TKT-01352,2024-01-28 18:20:00,2024-01-29 08:50:00,helpdesk_portal,Account Access,Account deletion,Critical,Resolved,Very Negative,CloudSync Pro,Professional,South Asia,English,Agent_004 (Omar F),I need to update the email address associated with my account.,Escalated to engineering,14.5,1.4,13.6,False,False,3,1336,2024-01-29 07:56:00,13.6,0.9000000000000004,14.5,8,0.0,18,Sunday,Noche (18-24),False,6.5,False
TKT-01353,2024-05-03 22:40:00,2024-05-05 04:16:00,helpdesk_portal,Billing,Payment failure,Medium,Resolved,Very Negative,InvoiceFlow,Starter,Southeast Asia,Japanese,Agent_001 (Priya S),My payment of $405.99 failed but the amount was still deducted from my account.,Issue fixed by agent,29.6,1.3,13.0,True,False,8,1346,2024-05-04 11:40:00,13.0,16.6,29.6,48,1.0,22,Friday,Noche (18-24),False,0.0,False
TKT-01354,2024-11-25 21:20:00,2024-12-01 12:02:00,whatsapp,Billing,Subscription upgrade,Low,Resolved,Positive,CloudSync Pro,Free,Europe,English,Agent_008 (Daniel N),I noticed an incorrect charge of $174.49 on my last bill. Can you look into invoice INV-7908?,,134.7,4.1,5.1,False,False,5,1442,2024-11-26 02:26:00,5.1,129.6,134.7,72,0.0,21,Monday,Noche (18-24),False,62.69999999999999,False
TKT-01355,2025-04-04 11:19:00,2025-04-07 07:19:00,phone,Billing,Invoice request,Medium,Resolved,Very Negative,DataDash,Free,North America,English,Agent_007 (Elena V),"Hi, I was charged $323.49 twice on Apr 29, 2025. My invoice is INV-8939. Please refund the duplicate.",Self-service guided,68.0,1.3,3.3,False,False,1,1266,2025-04-04 14:37:00,3.3,64.7,68.0,48,0.0,11,Friday,Mañana (06-12),True,20.0,False
TKT-01356,2024-09-27 11:02:00,2024-09-28 16:44:00,chat,Billing,Incorrect amount,High,Resolved,Positive,TaskBoard,Professional,North America,Spanish,Agent_001 (Priya S),I noticed an incorrect charge of $12.49 on my last bill. Can you look into invoice INV-6640?,Issue fixed by agent,29.7,4.3,10.8,False,False,6,285,2024-09-27 21:50:00,10.8,18.9,29.7,24,0.0,11,Friday,Mañana (06-12),False,5.699999999999999,False
TKT-01357,2024-06-20 19:19:00,2024-06-24 04:19:00,web_form,Technical Issue,Data sync issue,Medium,Resolved,Neutral,InvoiceFlow,Enterprise,North America,English,Unassigned,My data isn't syncing across devices. Last successful sync was 6 days ago.,Self-service guided,81.0,3.3,,False,False,6,280,,,,81.0,48,0.0,19,Thursday,Noche (18-24),False,33.0,False
TKT-01358,2024-08-05 13:30:00,2024-08-06 10:24:00,web_form,Feature Request,Dark mode,Medium,Resolved,Very Negative,DataDash,Free,Europe,English,Agent_003 (Lena K),A dark mode option would be greatly appreciated for late-night work sessions.,No action needed,20.9,1.6,4.0,False,False,2,1363,2024-08-05 17:30:00,4.0,16.9,20.9,48,1.0,13,Monday,Tarde (12-18),False,0.0,False
TKT-01359,2024-04-20 19:28:00,2024-04-22 01:46:00,phone,Billing,Invoice request,High,Resolved,Negative,InvoiceFlow,Enterprise,South Asia,German,Agent_001 (Priya S),My payment of $486.00 failed but the amount was still deducted from my account.,Issue fixed by agent,30.3,2.6,6.6,False,False,10,421,2024-04-21 02:04:00,6.6,23.700000000000003,30.3,24,0.0,19,Saturday,Noche (18-24),False,6.300000000000001,False
TKT-01360,2025-06-23 22:51:00,2025-06-26 01:57:00,chat,Complaint,Unresolved issue,Medium,Resolved,Negative,DataDash,Professional,South Asia,English,Agent_007 (Elena V),The agent I spoke to was dismissive and unhelpful. I'd like to escalate.,Escalated to engineering,51.1,2.8,17.7,False,False,1,658,2025-06-24 16:33:00,17.7,33.400000000000006,51.1,48,0.0,22,Monday,Noche (18-24),True,3.1000000000000014,False
TKT-01361,2024-11-05 17:39:00,,email,Billing,Payment failure,Low,Open,Very Negative,DataDash,Starter,Middle East,French,Agent_008 (Daniel N),Could you send me a detailed invoice for the period Jan–Mar 2024? I need it for tax purposes.,No action needed,,,10.9,False,False,9,1424,2024-11-06 04:33:00,10.9,,,72,,17,Tuesday,Tarde (12-18),False,,False
TKT-01362,2025-06-12 08:47:00,,chat,Feature Request,Export options,Medium,Open,Very Negative,TaskBoard,Enterprise,Southeast Asia,German,Agent_002 (James T),A dark mode option would be greatly appreciated for late-night work sessions.,No action needed,,,21.9,False,False,3,1054,2025-06-13 06:41:00,21.9,,,48,,8,Thursday,Mañana (06-12),False,,False
TKT-01363,2025-01-24 07:49:00,,phone,Refund / Return,Refund status,Low,Open,Negative,CloudSync Pro,Professional,Europe,English,Agent_007 (Elena V),What's the status of refund request #REF-7007? It's been 4 days.,Issue fixed by agent,,,6.7,False,False,11,368,2025-01-24 14:31:00,6.7,,,72,,7,Friday,Mañana (06-12),False,,False
TKT-01364,2024-08-21 18:54:00,,web_form,Feature Request,New integration,Medium,Open,Very Negative,CloudSync Pro,Starter,North America,English,Agent_007 (Elena V),Is there any plan to expose an API for the reporting module?,Policy exception granted,,,1.3,False,False,3,504,2024-08-21 20:12:00,1.3,,,48,,18,Wednesday,Noche (18-24),False,,False
TKT-01365,2024-03-19 10:14:00,,chat,Technical Issue,Data sync issue,Medium,In Progress,Neutral,CloudSync Pro,Professional,Europe,Spanish,Agent_002 (James T),The app keeps crashing when I try to connect an integration. I'm on Windows 11.,No action needed,,,1.0,False,False,9,1362,2024-03-19 11:14:00,1.0,,,48,,10,Tuesday,Mañana (06-12),False,,False
TKT-01366,2025-03-25 16:33:00,2025-03-28 19:27:00,web_form,Technical Issue,Data sync issue,Medium,Resolved,Very Negative,DataDash,Free,South Asia,Hindi,Agent_009 (Yuki T),The app keeps crashing when I try to export a report. I'm on Android 14.,Refund processed,74.9,1.6,7.0,False,False,8,759,2025-03-25 23:33:00,7.0,67.9,74.9,48,0.0,16,Tuesday,Tarde (12-18),False,26.900000000000006,False
TKT-01367,2025-02-11 17:34:00,2025-02-15 06:46:00,whatsapp,Billing,Subscription upgrade,Medium,Resolved,Neutral,InvoiceFlow,Professional,Europe,German,Agent_006 (Raj P),Could you send me a detailed invoice for the period Apr–Jun 2024? I need it for tax purposes.,No action needed,85.2,3.2,1.6,False,False,1,880,2025-02-11 19:10:00,1.6,83.60000000000001,85.2,48,0.0,17,Tuesday,Tarde (12-18),True,37.2,False
TKT-01368,2024-05-30 08:53:00,2024-05-31 13:59:00,email,Refund / Return,Refund status,Medium,Closed,Very Negative,CloudSync Pro,Starter,Southeast Asia,French,Agent_008 (Daniel N),I'd like to request a full refund for my recent purchase. Order #53238.,Pending customer,29.1,1.1,17.7,False,False,5,492,2024-05-31 02:35:00,17.7,11.400000000000002,29.1,48,1.0,8,Thursday,Mañana (06-12),False,0.0,False
TKT-01369,2024-09-28 14:21:00,2024-09-30 11:09:00,whatsapp,Billing,Subscription upgrade,Low,Resolved,Neutral,CloudSync Pro,Free,North America,Hindi,Agent_005 (Sophie M),Could you send me a detailed invoice for the period Apr–Jun 2024? I need it for tax purposes.,Escalated to engineering,44.8,3.4,11.8,False,False,1,1101,2024-09-29 02:09:00,11.8,33.0,44.8,72,1.0,14,Saturday,Tarde (12-18),True,0.0,False
TKT-01370,2024-02-10 08:25:00,2024-02-11 00:19:00,phone,Delivery / Shipping,Wrong item,High,Resolved,Negative,InvoiceFlow,Starter,Europe,English,Agent_002 (James T),The tracking for order #19025 hasn't updated in 13 days.,Escalated to engineering,15.9,2.4,14.1,False,False,10,1370,2024-02-10 22:31:00,14.1,1.8000000000000007,15.9,24,1.0,8,Saturday,Mañana (06-12),False,0.0,False
TKT-01371,2024-06-12 12:11:00,2024-06-16 05:35:00,email,Account Access,Account deletion,Medium,Resolved,Negative,InvoiceFlow,Professional,Southeast Asia,English,Agent_001 (Priya S),My account appears to be locked. I haven't violated any terms.,Self-service guided,89.4,2.7,18.5,False,False,5,87,2024-06-13 06:41:00,18.5,70.9,89.4,48,0.0,12,Wednesday,Tarde (12-18),False,41.400000000000006,False
TKT-01372,2024-01-27 14:36:00,2024-01-30 11:24:00,whatsapp,Refund / Return,Return request,Medium,Resolved,Very Negative,CloudSync Pro,Free,Europe,English,Agent_008 (Daniel N),I'd like to request a full refund for my recent purchase. Order #82458.,Self-service guided,68.8,1.7,10.8,False,False,10,748,2024-01-28 01:24:00,10.8,58.0,68.8,48,0.0,14,Saturday,Tarde (12-18),False,20.799999999999997,False
TKT-01373,2024-12-19 08:32:00,2024-12-25 01:14:00,whatsapp,Delivery / Shipping,Wrong item,Low,Closed,Very Negative,CloudSync Pro,Free,North America,English,Agent_005 (Sophie M),The item I received is damaged. I need a replacement or refund for order #65229.,Self-service guided,136.7,1.6,7.4,False,False,7,1396,2024-12-19 15:56:00,7.4,129.29999999999998,136.7,72,0.0,8,Thursday,Mañana (06-12),False,64.69999999999999,False
TKT-01374,2025-01-25 11:42:00,2025-01-28 18:06:00,web_form,Account Access,Email change,Medium,Resolved,Negative,TaskBoard,Professional,North America,Japanese,Agent_004 (Omar F),I can't log in to my account. The password reset email is not arriving.,Self-service guided,78.4,2.7,23.5,False,False,11,836,2025-01-26 11:12:00,23.5,54.900000000000006,78.4,48,0.0,11,Saturday,Mañana (06-12),False,30.400000000000006,False
TKT-01375,2024-07-24 20:52:00,2024-07-25 13:22:00,web_form,Account Access,2FA issue,High,Closed,Negative,SecureVault,Enterprise,Middle East,Hindi,Agent_003 (Lena K),I'm having trouble with 2FA — the codes aren't working on my new phone.,Issue fixed by agent,16.5,3.0,7.2,True,False,11,426,2024-07-25 04:04:00,7.2,9.3,16.5,24,1.0,20,Wednesday,Noche (18-24),False,0.0,False
TKT-01376,2024-01-31 18:15:00,2024-02-03 16:33:00,chat,Account Access,Password reset,Medium,Resolved,Very Negative,CloudSync Pro,Professional,North America,Spanish,Agent_004 (Omar F),My account appears to be locked. I haven't violated any terms.,Issue fixed by agent,70.3,1.3,4.0,False,False,4,76,2024-01-31 22:15:00,4.0,66.3,70.3,48,0.0,18,Wednesday,Noche (18-24),False,22.299999999999997,False
TKT-01377,2024-01-10 18:25:00,2024-01-13 08:01:00,email,Account Access,2FA issue,Medium,Resolved,Positive,TaskBoard,Professional,Southeast Asia,English,Agent_008 (Daniel N),My account appears to be locked. I haven't violated any terms.,Issue fixed by agent,61.6,4.2,4.7,True,False,5,1168,2024-01-10 23:07:00,4.7,56.9,61.6,48,0.0,18,Wednesday,Noche (18-24),False,13.600000000000001,False
TKT-01378,2024-10-08 13:04:00,,email,Billing,Duplicate charge,Low,In Progress,Negative,InvoiceFlow,Free,Europe,English,Agent_001 (Priya S),My payment of $194.00 failed but the amount was still deducted from my account.,Issue fixed by agent,,,15.6,False,False,5,1070,2024-10-09 04:40:00,15.6,,,72,,13,Tuesday,Tarde (12-18),False,,False
TKT-01379,2024-08-23 19:07:00,,chat,Technical Issue,App crash,Critical,Open,Neutral,DataDash,Free,North America,English,Agent_002 (James T),Performance has been extremely slow on my end. Pages take 20+ seconds to load.,Self-service guided,,,1.0,False,False,7,667,2024-08-23 20:07:00,1.0,,,8,,19,Friday,Noche (18-24),False,,False
TKT-01380,2024-05-29 07:28:00,2024-05-31 16:22:00,web_form,Billing,Duplicate charge,Low,Resolved,Negative,SecureVault,Free,Europe,English,Agent_005 (Sophie M),My payment of $169.99 failed but the amount was still deducted from my account.,Issue fixed by agent,56.9,2.8,9.8,False,False,1,1193,2024-05-29 17:16:00,9.8,47.099999999999994,56.9,72,1.0,7,Wednesday,Mañana (06-12),True,0.0,False
TKT-01381,2025-06-01 10:10:00,,web_form,Delivery / Shipping,Missing package,Medium,Open,Neutral,SecureVault,Enterprise,Latin America,English,Agent_001 (Priya S),The tracking for order #43671 hasn't updated in 3 days.,No action needed,,,6.4,False,False,12,678,2025-06-01 16:34:00,6.4,,,48,,10,Sunday,Mañana (06-12),False,,False
TKT-01382,2024-03-05 09:02:00,2024-03-08 21:08:00,whatsapp,Refund / Return,Partial refund,Low,Resolved,Negative,DataDash,Professional,South Asia,Arabic,Agent_008 (Daniel N),I was overcharged and would like a partial refund for the difference.,Pending customer,84.1,2.5,12.2,True,False,1,1046,2024-03-05 21:14:00,12.2,71.89999999999999,84.1,72,0.0,9,Tuesday,Mañana (06-12),True,12.099999999999994,False
TKT-01383,2024-12-29 21:36:00,2025-01-01 11:18:00,web_form,Delivery / Shipping,Missing package,Low,Resolved,Very Negative,TaskBoard,Free,South Asia,Arabic,Agent_002 (James T),I received the wrong item in my package. Order #87284.,No action needed,61.7,1.7,9.2,False,False,7,119,2024-12-30 06:48:00,9.2,52.5,61.7,72,1.0,21,Sunday,Noche (18-24),False,0.0,False
TKT-01384,2024-01-28 12:42:00,2024-01-31 05:54:00,twitter_dm,General Inquiry,Documentation,Medium,Escalated,Very Negative,DataDash,Free,North America,Hindi,Agent_001 (Priya S),I'm interested in a partnership opportunity with your company.,Issue fixed by agent,65.2,,9.4,False,True,11,1011,2024-01-28 22:06:00,9.4,55.800000000000004,65.2,48,0.0,12,Sunday,Tarde (12-18),False,17.200000000000003,False
TKT-01385,2025-03-02 12:23:00,,phone,Account Access,Password reset,High,Open,Neutral,InvoiceFlow,Starter,South Asia,French,Agent_001 (Priya S),I can't log in to my account. The password reset email is not arriving.,Issue fixed by agent,,,9.5,False,False,12,369,2025-03-02 21:53:00,9.5,,,24,,12,Sunday,Tarde (12-18),False,,False
TKT-01386,2024-08-03 20:31:00,2024-08-04 21:13:00,whatsapp,Feature Request,Dark mode,High,Escalated,Negative,DataDash,Free,North America,English,Agent_009 (Yuki T),It would be really helpful if TaskBoard supported direct integration with Jira.,Self-service guided,24.7,,0.7,False,True,11,84,2024-08-03 21:13:00,0.7,24.0,24.7,24,0.0,20,Saturday,Noche (18-24),False,0.6999999999999993,False
TKT-01387,2024-11-25 08:45:00,2024-11-26 09:57:00,chat,Technical Issue,Data sync issue,High,Closed,Neutral,TaskBoard,Enterprise,North America,Japanese,Agent_008 (Daniel N),My data isn't syncing across devices. Last successful sync was 8 days ago.,Pending customer,25.2,3.9,18.6,False,False,2,647,2024-11-26 03:21:00,18.6,6.599999999999998,25.2,24,0.0,8,Monday,Mañana (06-12),False,1.1999999999999993,False
TKT-01388,2024-01-27 13:31:00,2024-01-29 22:25:00,whatsapp,Technical Issue,App crash,Medium,Resolved,Very Negative,CloudSync Pro,Professional,Africa,English,Agent_004 (Omar F),The app keeps crashing when I try to export a report. I'm on Windows 11.,Issue fixed by agent,56.9,1.3,16.9,False,False,6,234,2024-01-28 06:25:00,16.9,40.0,56.9,48,0.0,13,Saturday,Tarde (12-18),False,8.899999999999999,False
TKT-01389,2025-02-12 09:27:00,2025-02-16 00:27:00,email,General Inquiry,Plan comparison,Medium,Resolved,Negative,DataDash,Enterprise,Europe,English,Agent_006 (Raj P),Does CloudSync Pro integrate with Salesforce?,No action needed,87.0,2.7,4.4,False,False,7,729,2025-02-12 13:51:00,4.4,82.6,87.0,48,0.0,9,Wednesday,Mañana (06-12),False,39.0,False
TKT-01390,2024-08-10 13:42:00,2024-08-13 01:48:00,chat,Delivery / Shipping,Damaged item,Medium,Resolved,Very Negative,InvoiceFlow,Professional,Europe,English,Unassigned,The item I received is damaged. I need a replacement or refund for order #63820.,Refund processed,60.1,1.3,,False,False,12,460,,,,60.1,48,0.0,13,Saturday,Tarde (12-18),False,12.100000000000001,False
TKT-01391,2025-04-24 16:28:00,2025-04-25 13:04:00,email,Feature Request,Export options,High,Resolved,Very Negative,InvoiceFlow,Enterprise,North America,English,Agent_003 (Lena K),It would be really helpful if DataDash supported direct integration with Zapier.,No action needed,20.6,1.2,4.9,False,False,11,161,2025-04-24 21:22:00,4.9,15.700000000000001,20.6,24,1.0,16,Thursday,Tarde (12-18),False,0.0,False
TKT-01392,2024-01-21 19:57:00,,email,Technical Issue,Feature not working,High,In Progress,Very Negative,TaskBoard,Starter,Europe,Hindi,Agent_006 (Raj P),Performance has been extremely slow on my end. Pages take 20+ seconds to load.,Issue fixed by agent,,,13.4,False,False,12,1308,2024-01-22 09:21:00,13.4,,,24,,19,Sunday,Noche (18-24),False,,False
TKT-01393,2024-09-16 19:24:00,2024-09-19 08:48:00,whatsapp,General Inquiry,Pricing info,Medium,Resolved,Neutral,DataDash,Enterprise,Southeast Asia,English,Agent_009 (Yuki T),Could you explain the difference between the Professional and Enterprise plans?,Issue fixed by agent,61.4,3.0,0.5,False,False,2,1266,2024-09-16 19:54:00,0.5,60.9,61.4,48,0.0,19,Monday,Noche (18-24),False,13.399999999999999,False
TKT-01394,2024-09-01 15:51:00,2024-09-05 01:45:00,whatsapp,Billing,Incorrect amount,Low,Resolved,Negative,DataDash,Starter,North America,German,Agent_008 (Daniel N),I noticed an incorrect charge of $313.99 on my last bill. Can you look into invoice INV-6686?,Policy exception granted,81.9,2.7,18.1,False,False,3,717,2024-09-02 09:57:00,18.1,63.800000000000004,81.9,72,0.0,15,Sunday,Tarde (12-18),False,9.900000000000006,False
TKT-01395,2025-06-04 20:28:00,2025-06-05 18:46:00,helpdesk_portal,Billing,Payment failure,High,Resolved,Neutral,CloudSync Pro,Professional,Middle East,English,Agent_007 (Elena V),My payment of $5.00 failed but the amount was still deducted from my account.,Issue fixed by agent,22.3,4.0,1.7,False,False,5,967,2025-06-04 22:10:00,1.7,20.6,22.3,24,1.0,20,Wednesday,Noche (18-24),False,0.0,False
TKT-01396,2024-06-09 15:41:00,,chat,Technical Issue,Login error,Critical,Open,Very Negative,DataDash,Professional,North America,German,Agent_006 (Raj P),My data isn't syncing across devices. Last successful sync was 7 days ago.,Refund processed,,,1.7,False,False,7,61,2024-06-09 17:23:00,1.7,,,8,,15,Sunday,Tarde (12-18),False,,False
TKT-01397,2024-07-26 17:59:00,2024-07-29 07:11:00,helpdesk_portal,Billing,Invoice request,Medium,Resolved,Very Negative,DataDash,Free,Africa,Hindi,Agent_003 (Lena K),I noticed an incorrect charge of $233.99 on my last bill. Can you look into invoice INV-8763?,Escalated to engineering,61.2,1.8,6.9,False,False,4,926,2024-07-27 00:53:00,6.9,54.300000000000004,61.2,48,0.0,17,Friday,Tarde (12-18),False,13.200000000000003,False
TKT-01398,2024-08-16 19:30:00,2024-08-17 15:06:00,helpdesk_portal,Technical Issue,Login error,High,Resolved,Very Negative,TaskBoard,Starter,Europe,Spanish,Unassigned,My data isn't syncing across devices. Last successful sync was 12 days ago.,Issue fixed by agent,19.6,1.6,,False,False,7,1345,,,,19.6,24,1.0,19,Friday,Noche (18-24),False,0.0,False
TKT-01399,2024-07-24 07:04:00,,phone,Technical Issue,Data sync issue,Critical,Open,Neutral,InvoiceFlow,Starter,Europe,English,Agent_004 (Omar F),My data isn't syncing across devices. Last successful sync was 10 days ago.,Refund processed,,,20.4,False,False,12,1061,2024-07-25 03:28:00,20.4,,,8,,7,Wednesday,Mañana (06-12),False,,False
TKT-01400,2024-10-03 12:51:00,,web_form,Technical Issue,Performance slow,Medium,In Progress,Negative,CloudSync Pro,Professional,Middle East,Arabic,Agent_003 (Lena K),The app keeps crashing when I try to invite a team member. I'm on macOS Sonoma.,Self-service guided,,,9.7,False,False,5,1346,2024-10-03 22:33:00,9.7,,,48,,12,Thursday,Tarde (12-18),False,,False
TKT-01401,2024-05-05 19:10:00,2024-05-07 16:34:00,chat,Billing,Invoice request,Low,Resolved,Negative,CloudSync Pro,Starter,Europe,Japanese,Agent_001 (Priya S),I noticed an incorrect charge of $198.49 on my last bill. Can you look into invoice INV-4842?,Pending customer,45.4,2.4,20.8,False,False,7,348,2024-05-06 15:58:00,20.8,24.599999999999998,45.4,72,1.0,19,Sunday,Noche (18-24),False,0.0,False
TKT-01402,2025-05-29 11:11:00,2025-05-31 03:41:00,chat,Technical Issue,Data sync issue,Medium,Closed,Negative,InvoiceFlow,Professional,South Asia,Japanese,Agent_002 (James T),I'm unable to connect an integration since the latest update. Getting error code ERR-803.,No action needed,40.5,2.5,13.7,False,False,3,684,2025-05-30 00:53:00,13.7,26.8,40.5,48,1.0,11,Thursday,Mañana (06-12),False,0.0,False
TKT-01403,2024-08-16 21:15:00,2024-08-18 09:21:00,twitter_dm,Account Access,2FA issue,Medium,Escalated,Neutral,SecureVault,Free,South Asia,Spanish,Agent_002 (James T),My account appears to be locked. I haven't violated any terms.,No action needed,36.1,,10.7,False,True,1,924,2024-08-17 07:57:00,10.7,25.400000000000002,36.1,48,1.0,21,Friday,Noche (18-24),True,0.0,False
TKT-01404,2024-11-16 14:35:00,2024-11-17 22:41:00,email,Refund / Return,Refund status,Medium,Resolved,Negative,InvoiceFlow,Enterprise,North America,Spanish,Agent_004 (Omar F),I want to return an item from order #14333 — it doesn't meet my needs.,Pending customer,32.1,2.3,7.3,False,False,6,1221,2024-11-16 21:53:00,7.3,24.8,32.1,48,1.0,14,Saturday,Tarde (12-18),False,0.0,False
TKT-01405,2025-03-14 11:23:00,2025-03-16 21:05:00,email,Billing,Incorrect amount,Medium,Resolved,Negative,InvoiceFlow,Starter,Middle East,English,Agent_008 (Daniel N),"Hi, I was charged $39.49 twice on Aug 09, 2024. My invoice is INV-6402. Please refund the duplicate.",Issue fixed by agent,57.7,2.4,10.5,False,False,5,1371,2025-03-14 21:53:00,10.5,47.2,57.7,48,0.0,11,Friday,Mañana (06-12),False,9.700000000000003,False
TKT-01406,2024-05-22 07:24:00,2024-05-25 12:30:00,web_form,Technical Issue,App crash,Medium,Closed,Negative,CloudSync Pro,Enterprise,Europe,Spanish,Agent_008 (Daniel N),Performance has been extremely slow on my end. Pages take 20+ seconds to load.,No action needed,77.1,2.1,14.5,False,False,3,123,2024-05-22 21:54:00,14.5,62.599999999999994,77.1,48,0.0,7,Wednesday,Mañana (06-12),False,29.099999999999994,False
TKT-01407,2024-02-11 10:23:00,,whatsapp,Feature Request,New integration,High,In Progress,Negative,CloudSync Pro,Free,North America,German,Agent_006 (Raj P),A dark mode option would be greatly appreciated for late-night work sessions.,Issue fixed by agent,,,1.0,False,False,1,13,2024-02-11 11:23:00,1.0,,,24,,10,Sunday,Mañana (06-12),True,,False
TKT-01408,2024-09-03 20:00:00,2024-09-07 07:54:00,web_form,Refund / Return,Refund status,Medium,Resolved,Very Negative,DataDash,Enterprise,North America,English,Agent_008 (Daniel N),I want to return an item from order #27046 — it doesn't meet my needs.,Issue fixed by agent,83.9,1.6,23.3,False,False,10,1348,2024-09-04 19:18:00,23.3,60.60000000000001,83.9,48,0.0,20,Tuesday,Noche (18-24),False,35.900000000000006,False
TKT-01409,2024-11-05 13:50:00,2024-11-06 10:32:00,whatsapp,Billing,Subscription upgrade,High,Resolved,Neutral,DataDash,Enterprise,Europe,English,Agent_008 (Daniel N),"Hi, I was charged $460.00 twice on Mar 06, 2025. My invoice is INV-9517. Please refund the duplicate.",Self-service guided,20.7,3.2,7.3,False,False,4,1342,2024-11-05 21:08:00,7.3,13.399999999999999,20.7,24,1.0,13,Tuesday,Tarde (12-18),False,0.0,False
TKT-01410,2024-01-30 18:14:00,,chat,Technical Issue,Login error,Medium,Open,Neutral,TaskBoard,Enterprise,Europe,English,Agent_008 (Daniel N),Performance has been extremely slow on my end. Pages take 20+ seconds to load.,,,,8.6,False,False,11,829,2024-01-31 02:50:00,8.6,,,48,,18,Tuesday,Noche (18-24),False,,False
TKT-01411,2024-07-28 18:12:00,,web_form,Feature Request,Dark mode,Low,Open,Negative,DataDash,Enterprise,Southeast Asia,French,Agent_008 (Daniel N),It would be really helpful if SecureVault supported direct integration with Google Sheets.,Issue fixed by agent,,,1.8,False,False,6,1386,2024-07-28 20:00:00,1.8,,,72,,18,Sunday,Noche (18-24),False,,False
TKT-01412,2025-06-27 11:20:00,2025-06-27 23:38:00,email,Account Access,Account deletion,Critical,Resolved,Negative,CloudSync Pro,Professional,Latin America,English,Unassigned,I'm having trouble with 2FA — the codes aren't working on my new phone.,Refund processed,12.3,2.1,,False,False,9,839,,,,12.3,8,0.0,11,Friday,Mañana (06-12),False,4.300000000000001,False
TKT-01413,2024-12-23 10:59:00,,whatsapp,Account Access,2FA issue,Medium,In Progress,Negative,CloudSync Pro,Starter,North America,Spanish,Agent_003 (Lena K),I can't log in to my account. The password reset email is not arriving.,Issue fixed by agent,,,7.4,False,False,12,277,2024-12-23 18:23:00,7.4,,,48,,10,Monday,Mañana (06-12),False,,False
TKT-01414,2024-05-29 17:53:00,,email,Feature Request,UI improvement,Medium,Open,Negative,SecureVault,Professional,South Asia,English,Agent_003 (Lena K),Is there any plan to expose an API for the reporting module?,Refund processed,,,8.1,False,False,2,1017,2024-05-30 01:59:00,8.1,,,48,,17,Wednesday,Tarde (12-18),False,,False
TKT-01415,2024-05-18 20:52:00,2024-05-20 19:52:00,web_form,Refund / Return,Full refund,Low,Closed,Positive,DataDash,Starter,North America,Hindi,Agent_007 (Elena V),What's the status of refund request #REF-1375? It's been 3 days.,Policy exception granted,47.0,4.4,14.0,False,False,6,1282,2024-05-19 10:52:00,14.0,33.0,47.0,72,1.0,20,Saturday,Noche (18-24),False,0.0,False
TKT-01416,2024-10-15 19:57:00,,email,Complaint,Rude agent,Medium,In Progress,Very Negative,InvoiceFlow,Enterprise,South Asia,English,Agent_001 (Priya S),I've contacted support 2 times about the same issue and it's still unresolved.,Issue fixed by agent,,,14.8,False,False,12,554,2024-10-16 10:45:00,14.8,,,48,,19,Tuesday,Noche (18-24),False,,False
TKT-01417,2024-05-05 08:53:00,,email,Billing,Payment failure,Medium,In Progress,Negative,CloudSync Pro,Professional,Latin America,German,Agent_005 (Sophie M),"Hi, I was charged $474.49 twice on Apr 16, 2025. My invoice is INV-9338. Please refund the duplicate.",Self-service guided,,,4.1,False,False,4,1284,2024-05-05 12:59:00,4.1,,,48,,8,Sunday,Mañana (06-12),False,,False
TKT-01418,2024-06-14 07:57:00,,phone,Technical Issue,Login error,Low,In Progress,Negative,DataDash,Professional,North America,French,Agent_005 (Sophie M),The app keeps crashing when I try to upload a file. I'm on iOS 17.,Issue fixed by agent,,,12.4,False,False,4,219,2024-06-14 20:21:00,12.4,,,72,,7,Friday,Mañana (06-12),False,,False
TKT-01419,2024-04-25 13:04:00,,email,Technical Issue,Performance slow,Critical,In Progress,Very Negative,DataDash,Free,North America,Spanish,Agent_002 (James T),My data isn't syncing across devices. Last successful sync was 9 days ago.,Issue fixed by agent,,,17.8,False,False,8,49,2024-04-26 06:52:00,17.8,,,8,,13,Thursday,Tarde (12-18),False,,False
TKT-01420,2024-07-07 18:25:00,2024-07-13 07:07:00,whatsapp,General Inquiry,Documentation,Low,Resolved,Positive,DataDash,Professional,South Asia,German,Agent_005 (Sophie M),Where can I find documentation on setting up the API?,Self-service guided,132.7,4.7,17.0,False,False,10,842,2024-07-08 11:25:00,17.0,115.69999999999999,132.7,72,0.0,18,Sunday,Noche (18-24),False,60.69999999999999,False
TKT-01421,2024-04-07 09:09:00,2024-04-07 22:45:00,web_form,Account Access,Email change,Critical,Closed,Negative,InvoiceFlow,Starter,Europe,Spanish,Agent_006 (Raj P),I can't log in to my account. The password reset email is not arriving.,Issue fixed by agent,13.6,2.2,2.8,False,False,2,884,2024-04-07 11:57:00,2.8,10.8,13.6,8,0.0,9,Sunday,Mañana (06-12),False,5.6,False
TKT-01422,2025-06-23 17:57:00,2025-06-24 04:09:00,whatsapp,Complaint,Long wait time,High,Resolved,Negative,DataDash,Enterprise,Europe,English,Agent_001 (Priya S),I've been waiting 3 days for a response. This is unacceptable.,Refund processed,10.2,2.2,7.3,False,False,3,620,2025-06-24 01:15:00,7.3,2.8999999999999995,10.2,24,1.0,17,Monday,Tarde (12-18),False,0.0,False
TKT-01423,2024-01-27 07:22:00,2024-01-29 23:52:00,email,Technical Issue,Feature not working,Medium,Resolved,Negative,DataDash,Starter,South Asia,English,Agent_006 (Raj P),The app keeps crashing when I try to upload a file. I'm on Android 14.,Refund processed,64.5,2.3,22.5,False,False,4,832,2024-01-28 05:52:00,22.5,42.0,64.5,48,0.0,7,Saturday,Mañana (06-12),False,16.5,False
TKT-01424,2025-05-16 21:41:00,2025-05-17 03:17:00,email,Technical Issue,Feature not working,Critical,Resolved,Neutral,DataDash,Starter,Latin America,Hindi,Agent_004 (Omar F),My data isn't syncing across devices. Last successful sync was 5 days ago.,Refund processed,,3.3,,False,False,2,438,,,,,8,,21,Friday,Noche (18-24),False,,True
TKT-01425,2025-05-02 21:41:00,2025-05-04 17:41:00,helpdesk_portal,Refund / Return,Return request,Low,Resolved,Very Negative,DataDash,Starter,Europe,German,Agent_006 (Raj P),I want to return an item from order #29838 — it doesn't meet my needs.,Escalated to engineering,44.0,2.0,14.1,False,False,3,1177,2025-05-03 11:47:00,14.1,29.9,44.0,72,1.0,21,Friday,Noche (18-24),False,0.0,False
TKT-01426,2025-04-25 16:40:00,,phone,Feature Request,Dark mode,Medium,In Progress,Negative,CloudSync Pro,Professional,Europe,English,Agent_008 (Daniel N),A dark mode option would be greatly appreciated for late-night work sessions.,Issue fixed by agent,,,0.7,False,False,5,150,2025-04-25 17:22:00,0.7,,,48,,16,Friday,Tarde (12-18),False,,False
TKT-01427,2025-04-17 20:03:00,,phone,Billing,Subscription upgrade,Low,Open,Negative,CloudSync Pro,Professional,Europe,Arabic,Agent_001 (Priya S),Could you send me a detailed invoice for the period Jul–Sep 2024? I need it for tax purposes.,Issue fixed by agent,,,17.3,False,False,4,368,2025-04-18 13:21:00,17.3,,,72,,20,Thursday,Noche (18-24),False,,False
TKT-01428,2025-06-16 15:17:00,2025-06-17 20:41:00,email,Billing,Incorrect amount,High,Resolved,Negative,DataDash,Enterprise,South Asia,German,Unassigned,I noticed an incorrect charge of $208.49 on my last bill. Can you look into invoice INV-2182?,Policy exception granted,29.4,2.4,,True,False,1,844,,,,29.4,24,0.0,15,Monday,Tarde (12-18),True,5.399999999999999,False
TKT-01429,2025-02-21 07:21:00,2025-02-21 16:39:00,whatsapp,Billing,Payment failure,Critical,Resolved,Positive,InvoiceFlow,Starter,Middle East,English,Agent_008 (Daniel N),I noticed an incorrect charge of $46.49 on my last bill. Can you look into invoice INV-5431?,Pending customer,9.3,4.5,4.1,False,False,5,1266,2025-02-21 11:27:00,4.1,5.200000000000001,9.3,8,0.0,7,Friday,Mañana (06-12),False,1.3000000000000007,False
TKT-01430,2025-02-05 22:42:00,2025-02-09 07:06:00,email,General Inquiry,Documentation,Medium,Resolved,Neutral,CloudSync Pro,Enterprise,Europe,German,Agent_001 (Priya S),Does InvoiceFlow integrate with Salesforce?,Refund processed,80.4,3.5,8.8,False,False,3,431,2025-02-06 07:30:00,8.8,71.60000000000001,80.4,48,0.0,22,Wednesday,Noche (18-24),False,32.400000000000006,False
TKT-01431,2024-09-13 20:02:00,2024-09-15 10:08:00,email,Account Access,Password reset,Medium,Closed,Neutral,TaskBoard,Starter,Europe,English,Agent_007 (Elena V),My account appears to be locked. I haven't violated any terms.,Self-service guided,38.1,3.1,21.3,False,False,7,159,2024-09-14 17:20:00,21.3,16.8,38.1,48,1.0,20,Friday,Noche (18-24),False,0.0,False
TKT-01432,2025-01-10 15:18:00,,twitter_dm,Delivery / Shipping,Late delivery,Medium,Open,Negative,DataDash,Free,Europe,Arabic,Agent_006 (Raj P),"My order #14309 was supposed to arrive on Jul 22, 2024 but it's still not here.",Escalated to engineering,,,5.0,False,False,3,487,2025-01-10 20:18:00,5.0,,,48,,15,Friday,Tarde (12-18),False,,False
TKT-01433,2024-12-31 09:05:00,2025-01-01 11:47:00,helpdesk_portal,General Inquiry,Pricing info,High,Resolved,Very Negative,InvoiceFlow,Enterprise,Southeast Asia,English,Agent_005 (Sophie M),I'm interested in a partnership opportunity with your company.,Pending customer,26.7,1.1,8.4,False,False,11,931,2024-12-31 17:29:00,8.4,18.299999999999997,26.7,24,0.0,9,Tuesday,Mañana (06-12),False,2.6999999999999993,False
TKT-01434,2024-03-13 21:21:00,2024-03-14 09:51:00,helpdesk_portal,Billing,Invoice request,Critical,Resolved,Positive,SecureVault,Free,Southeast Asia,English,Agent_003 (Lena K),Could you send me a detailed invoice for the period Oct–Dec 2024? I need it for tax purposes.,Refund processed,12.5,4.4,12.0,False,False,4,1358,2024-03-14 09:21:00,12.0,0.5,12.5,8,0.0,21,Wednesday,Noche (18-24),False,4.5,False
TKT-01435,2025-02-28 19:24:00,2025-03-03 11:48:00,email,Technical Issue,App crash,Medium,Closed,Negative,DataDash,Enterprise,North America,Spanish,Agent_006 (Raj P),The app keeps crashing when I try to export a report. I'm on Android 14.,Pending customer,64.4,2.6,16.6,False,False,1,576,2025-03-01 12:00:00,16.6,47.800000000000004,64.4,48,0.0,19,Friday,Noche (18-24),True,16.400000000000006,False
TKT-01436,2024-06-29 22:52:00,,email,Account Access,Account deletion,Low,Open,Neutral,SecureVault,Free,Europe,English,Agent_008 (Daniel N),My account appears to be locked. I haven't violated any terms.,Issue fixed by agent,,,22.6,False,False,9,439,2024-06-30 21:28:00,22.6,,,72,,22,Saturday,Noche (18-24),False,,False
TKT-01437,2025-03-02 09:42:00,,helpdesk_portal,Billing,Subscription upgrade,Medium,In Progress,Negative,SecureVault,Enterprise,North America,Hindi,Agent_001 (Priya S),"Hi, I was charged $306.99 twice on Feb 01, 2024. My invoice is INV-9753. Please refund the duplicate.",Pending customer,,,23.9,False,False,6,261,2025-03-03 09:36:00,23.9,,,48,,9,Sunday,Mañana (06-12),False,,False
TKT-01438,2024-11-18 18:15:00,2024-11-19 22:45:00,web_form,Billing,Duplicate charge,Medium,Resolved,Neutral,CloudSync Pro,Professional,North America,English,Agent_009 (Yuki T),"Hi, I was charged $205.99 twice on Jul 11, 2024. My invoice is INV-4045. Please refund the duplicate.",Issue fixed by agent,28.5,3.5,4.2,False,False,10,666,2024-11-18 22:27:00,4.2,24.3,28.5,48,1.0,18,Monday,Noche (18-24),False,0.0,False
TKT-01439,2025-02-08 16:58:00,2025-02-15 23:10:00,helpdesk_portal,Refund / Return,Full refund,Low,Resolved,Negative,TaskBoard,Enterprise,Africa,English,Agent_002 (James T),I'd like to request a full refund for my recent purchase. Order #86408.,Refund processed,174.2,3.0,8.0,False,False,1,842,2025-02-09 00:58:00,8.0,166.2,174.2,72,0.0,16,Saturday,Tarde (12-18),True,102.19999999999999,False
TKT-01440,2025-01-04 18:39:00,2025-01-07 09:09:00,chat,General Inquiry,Partnership,Medium,Closed,Negative,DataDash,Free,Africa,Arabic,Agent_009 (Yuki T),Could you explain the difference between the Professional and Enterprise plans?,Escalated to engineering,62.5,2.6,13.8,False,False,11,214,2025-01-05 08:27:00,13.8,48.7,62.5,48,0.0,18,Saturday,Noche (18-24),False,14.5,False
TKT-01441,2024-05-02 22:29:00,2024-05-07 06:05:00,chat,Refund / Return,Return request,Low,Closed,Negative,CloudSync Pro,Enterprise,South Asia,English,Agent_004 (Omar F),I want to return an item from order #35139 — it doesn't meet my needs.,Self-service guided,103.6,2.7,21.0,False,False,1,477,2024-05-03 19:29:00,21.0,82.6,103.6,72,0.0,22,Thursday,Noche (18-24),True,31.599999999999994,False
TKT-01442,2024-08-28 12:30:00,,email,Technical Issue,App crash,Low,Open,Negative,InvoiceFlow,Starter,South Asia,Hindi,Agent_001 (Priya S),The app keeps crashing when I try to export a report. I'm on Windows 11.,No action needed,,,23.1,False,False,11,133,2024-08-29 11:36:00,23.1,,,72,,12,Wednesday,Tarde (12-18),False,,False
TKT-01443,2025-06-02 12:20:00,,chat,General Inquiry,Compatibility,Medium,In Progress,Very Negative,DataDash,Free,Europe,English,Unassigned,Could you explain the difference between the Professional and Enterprise plans?,Issue fixed by agent,,,,False,False,5,710,,,,,48,,12,Monday,Tarde (12-18),False,,False
TKT-01444,2024-10-27 13:06:00,2024-10-31 01:24:00,whatsapp,Account Access,2FA issue,Medium,Escalated,Negative,SecureVault,Professional,Southeast Asia,English,Agent_007 (Elena V),My account appears to be locked. I haven't violated any terms.,Self-service guided,84.3,,2.1,False,True,1,653,2024-10-27 15:12:00,2.1,82.2,84.3,48,0.0,13,Sunday,Tarde (12-18),True,36.3,False
TKT-01445,2025-03-03 18:15:00,2025-03-10 02:09:00,chat,Technical Issue,Login error,Low,Resolved,Negative,InvoiceFlow,Starter,Southeast Asia,English,Agent_007 (Elena V),The app keeps crashing when I try to connect an integration. I'm on iOS 17.,Refund processed,151.9,2.6,4.2,False,False,10,217,2025-03-03 22:27:00,4.2,147.70000000000002,151.9,72,0.0,18,Monday,Noche (18-24),False,79.9,False
TKT-01446,2024-04-29 11:40:00,2024-04-30 07:16:00,chat,Feature Request,Export options,High,Closed,Negative,DataDash,Enterprise,Southeast Asia,English,Unassigned,It would be really helpful if DataDash supported direct integration with HubSpot.,Issue fixed by agent,19.6,2.2,,False,False,3,776,,,,19.6,24,1.0,11,Monday,Mañana (06-12),False,0.0,False
TKT-01447,2025-02-05 13:26:00,2025-02-11 02:56:00,email,Account Access,Password reset,Low,Closed,Negative,InvoiceFlow,Free,South Asia,Japanese,Agent_007 (Elena V),My account appears to be locked. I haven't violated any terms.,Refund processed,133.5,2.9,20.6,False,False,6,1098,2025-02-06 10:02:00,20.6,112.9,133.5,72,0.0,13,Wednesday,Tarde (12-18),False,61.5,False
TKT-01448,2024-05-31 11:21:00,,email,Delivery / Shipping,Damaged item,Medium,Open,Negative,InvoiceFlow,Starter,Africa,English,Agent_009 (Yuki T),I received the wrong item in my package. Order #70484.,Escalated to engineering,,,9.0,False,False,11,702,2024-05-31 20:21:00,9.0,,,48,,11,Friday,Mañana (06-12),False,,False
TKT-01449,2024-09-26 20:15:00,2024-09-29 22:33:00,whatsapp,Feature Request,New integration,Medium,Resolved,Very Negative,SecureVault,Starter,Middle East,Hindi,Agent_005 (Sophie M),Is there any plan to expose an API for the reporting module?,Escalated to engineering,74.3,1.3,13.6,False,False,3,146,2024-09-27 09:51:00,13.6,60.699999999999996,74.3,48,0.0,20,Thursday,Noche (18-24),False,26.299999999999997,False
TKT-01450,2024-09-24 08:19:00,2024-09-25 03:55:00,chat,Technical Issue,Performance slow,Medium,Closed,Very Negative,InvoiceFlow,Starter,Europe,English,Agent_009 (Yuki T),I'm unable to export a report since the latest update. Getting error code ERR-357.,Self-service guided,19.6,1.8,15.8,False,False,10,1001,2024-09-25 00:07:00,15.8,3.8000000000000007,19.6,48,1.0,8,Tuesday,Mañana (06-12),False,0.0,False
TKT-01451,2024-08-21 15:51:00,,phone,Technical Issue,Feature not working,Medium,Open,Positive,InvoiceFlow,Enterprise,Europe,French,Agent_003 (Lena K),The app keeps crashing when I try to upload a file. I'm on macOS Sonoma.,Refund processed,,,14.1,False,False,2,1434,2024-08-22 05:57:00,14.1,,,48,,15,Wednesday,Tarde (12-18),False,,False
TKT-01452,2024-02-26 18:23:00,2024-03-01 04:47:00,chat,Billing,Incorrect amount,Low,Resolved,Neutral,CloudSync Pro,Free,Southeast Asia,Arabic,Agent_008 (Daniel N),Could you send me a detailed invoice for the period Oct–Dec 2024? I need it for tax purposes.,Self-service guided,82.4,3.3,19.8,False,False,4,504,2024-02-27 14:11:00,19.8,62.60000000000001,82.4,72,0.0,18,Monday,Noche (18-24),False,10.400000000000006,False
TKT-01453,2024-02-24 11:18:00,2024-02-24 22:12:00,whatsapp,Delivery / Shipping,Late delivery,High,Closed,Negative,SecureVault,Starter,Middle East,English,Agent_007 (Elena V),"My order #48097 was supposed to arrive on Feb 19, 2025 but it's still not here.",Refund processed,,2.7,,False,False,4,418,,,,,24,,11,Saturday,Mañana (06-12),False,,True
TKT-01454,2024-04-12 12:05:00,2024-04-15 15:47:00,phone,Technical Issue,App crash,Medium,Closed,Neutral,InvoiceFlow,Professional,Latin America,English,Agent_005 (Sophie M),My data isn't syncing across devices. Last successful sync was 12 days ago.,No action needed,75.7,3.5,22.8,True,False,4,1110,2024-04-13 10:53:00,22.8,52.900000000000006,75.7,48,0.0,12,Friday,Tarde (12-18),False,27.700000000000003,False
TKT-01455,2024-09-02 18:27:00,2024-09-03 12:21:00,helpdesk_portal,Account Access,Password reset,High,Resolved,Very Negative,SecureVault,Free,Southeast Asia,Spanish,Agent_004 (Omar F),I can't log in to my account. The password reset email is not arriving.,Pending customer,17.9,1.3,0.5,False,False,9,1439,2024-09-02 18:57:00,0.5,17.4,17.9,24,1.0,18,Monday,Noche (18-24),False,0.0,False
TKT-01456,2025-01-08 22:08:00,,email,Technical Issue,Data sync issue,Medium,Open,Positive,InvoiceFlow,Starter,South Asia,English,Agent_006 (Raj P),My data isn't syncing across devices. Last successful sync was 13 days ago.,Escalated to engineering,,,10.7,False,False,6,444,2025-01-09 08:50:00,10.7,,,48,,22,Wednesday,Noche (18-24),False,,False
TKT-01457,2024-12-19 17:47:00,2024-12-22 08:05:00,whatsapp,General Inquiry,Pricing info,Low,Closed,Negative,InvoiceFlow,Starter,South Asia,German,Agent_002 (James T),Could you explain the difference between the Professional and Enterprise plans?,Refund processed,62.3,2.4,19.2,False,False,9,955,2024-12-20 12:59:00,19.2,43.099999999999994,62.3,72,1.0,17,Thursday,Tarde (12-18),False,0.0,False
TKT-01458,2025-06-26 14:36:00,,email,Billing,Duplicate charge,Low,Open,Neutral,InvoiceFlow,Professional,Europe,English,Agent_003 (Lena K),"Hi, I was charged $497.00 twice on Jun 29, 2024. My invoice is INV-1102. Please refund the duplicate.",Pending customer,,,23.7,False,False,10,930,2025-06-27 14:18:00,23.7,,,72,,14,Thursday,Tarde (12-18),False,,False
TKT-01459,2025-03-12 13:13:00,2025-03-15 09:43:00,email,Billing,Incorrect amount,Medium,Resolved,Very Negative,DataDash,Free,Latin America,English,Agent_001 (Priya S),I noticed an incorrect charge of $183.00 on my last bill. Can you look into invoice INV-7342?,No action needed,68.5,1.9,5.2,False,False,12,712,2025-03-12 18:25:00,5.2,63.3,68.5,48,0.0,13,Wednesday,Tarde (12-18),False,20.5,False
TKT-01460,2024-02-03 16:55:00,2024-02-05 08:19:00,phone,Account Access,2FA issue,Medium,Escalated,Very Negative,SecureVault,Free,Europe,Hindi,Agent_007 (Elena V),I need to update the email address associated with my account.,Pending customer,39.4,,21.8,False,True,7,856,2024-02-04 14:43:00,21.8,17.599999999999998,39.4,48,1.0,16,Saturday,Tarde (12-18),False,0.0,False
TKT-01461,2025-02-27 15:55:00,2025-02-28 10:43:00,helpdesk_portal,Feature Request,New integration,High,Resolved,Neutral,TaskBoard,Professional,Europe,Japanese,Agent_001 (Priya S),A dark mode option would be greatly appreciated for late-night work sessions.,Self-service guided,18.8,3.4,14.7,False,False,1,1118,2025-02-28 06:37:00,14.7,4.100000000000001,18.8,24,1.0,15,Thursday,Tarde (12-18),True,0.0,False
TKT-01462,2024-02-02 16:06:00,2024-02-03 13:30:00,whatsapp,Billing,Invoice request,High,Resolved,Negative,CloudSync Pro,Starter,Latin America,Spanish,Agent_008 (Daniel N),My payment of $5.99 failed but the amount was still deducted from my account.,Refund processed,21.4,2.6,16.2,False,False,12,783,2024-02-03 08:18:00,16.2,5.199999999999999,21.4,24,1.0,16,Friday,Tarde (12-18),False,0.0,False
TKT-01463,2024-04-03 17:42:00,2024-04-04 04:48:00,helpdesk_portal,Complaint,Repeat issue,High,Resolved,Neutral,CloudSync Pro,Free,Latin America,English,Agent_003 (Lena K),The agent I spoke to was dismissive and unhelpful. I'd like to escalate.,Pending customer,11.1,3.6,5.4,False,False,11,1327,2024-04-03 23:06:00,5.4,5.699999999999999,11.1,24,1.0,17,Wednesday,Tarde (12-18),False,0.0,False
TKT-01464,2024-11-05 21:15:00,2024-11-08 22:27:00,email,Feature Request,New integration,Medium,Resolved,Neutral,InvoiceFlow,Free,Europe,French,Agent_001 (Priya S),It would be really helpful if CloudSync Pro supported direct integration with Zapier.,Issue fixed by agent,73.2,3.3,23.9,False,False,7,1301,2024-11-06 21:09:00,23.9,49.300000000000004,73.2,48,0.0,21,Tuesday,Noche (18-24),False,25.200000000000003,False
TKT-01465,2024-10-24 18:38:00,2024-10-27 17:32:00,whatsapp,Refund / Return,Partial refund,Medium,Resolved,Negative,CloudSync Pro,Professional,North America,English,Agent_005 (Sophie M),I'd like to request a full refund for my recent purchase. Order #92206.,Issue fixed by agent,70.9,2.3,1.0,False,False,8,357,2024-10-24 19:38:00,1.0,69.9,70.9,48,0.0,18,Thursday,Noche (18-24),False,22.900000000000006,False
TKT-01466,2024-01-03 21:53:00,,email,Technical Issue,Data sync issue,Low,Open,Negative,SecureVault,Free,North America,English,Agent_004 (Omar F),My data isn't syncing across devices. Last successful sync was 14 days ago.,Self-service guided,,,18.9,False,False,7,1231,2024-01-04 16:47:00,18.9,,,72,,21,Wednesday,Noche (18-24),False,,False
TKT-01467,2024-05-19 20:38:00,2024-05-21 07:26:00,email,Technical Issue,App crash,High,Closed,Negative,InvoiceFlow,Starter,North America,English,Agent_006 (Raj P),Performance has been extremely slow on my end. Pages take 20+ seconds to load.,Issue fixed by agent,34.8,2.4,1.9,False,False,10,531,2024-05-19 22:32:00,1.9,32.9,34.8,24,0.0,20,Sunday,Noche (18-24),False,10.799999999999997,False
TKT-01468,2025-03-09 13:13:00,2025-03-11 17:31:00,email,Technical Issue,Data sync issue,Medium,Resolved,Very Negative,DataDash,Starter,Southeast Asia,English,Agent_002 (James T),Performance has been extremely slow on my end. Pages take 20+ seconds to load.,Self-service guided,52.3,1.7,5.7,False,False,6,1370,2025-03-09 18:55:00,5.7,46.599999999999994,52.3,48,0.0,13,Sunday,Tarde (12-18),False,4.299999999999997,False
TKT-01469,2025-05-30 22:49:00,,web_form,General Inquiry,Partnership,Low,In Progress,Positive,CloudSync Pro,Starter,South Asia,Arabic,Agent_007 (Elena V),I'm interested in a partnership opportunity with your company.,Issue fixed by agent,,,21.1,False,False,9,602,2025-05-31 19:55:00,21.1,,,72,,22,Friday,Noche (18-24),False,,False
TKT-01470,2024-02-05 16:09:00,,email,Feature Request,UI improvement,High,Open,Very Negative,DataDash,Professional,Southeast Asia,Arabic,Agent_006 (Raj P),It would be really helpful if TaskBoard supported direct integration with Google Sheets.,Self-service guided,,,20.5,False,False,4,1013,2024-02-06 12:39:00,20.5,,,24,,16,Monday,Tarde (12-18),False,,False
TKT-01471,2024-04-03 22:14:00,,web_form,Account Access,Account locked,Low,In Progress,Neutral,SecureVault,Starter,North America,Hindi,Agent_003 (Lena K),My account appears to be locked. I haven't violated any terms.,No action needed,,,14.8,False,False,8,1263,2024-04-04 13:02:00,14.8,,,72,,22,Wednesday,Noche (18-24),False,,False
TKT-01472,2024-05-15 15:00:00,,email,Technical Issue,Feature not working,Medium,In Progress,Neutral,CloudSync Pro,Free,Latin America,English,Agent_005 (Sophie M),My data isn't syncing across devices. Last successful sync was 14 days ago.,Policy exception granted,,,5.8,False,False,10,773,2024-05-15 20:48:00,5.8,,,48,,15,Wednesday,Tarde (12-18),False,,False
TKT-01473,2024-09-19 18:17:00,2024-09-22 12:23:00,email,Account Access,Account deletion,Medium,Closed,Very Negative,DataDash,Enterprise,South Asia,Spanish,Agent_003 (Lena K),I'm having trouble with 2FA — the codes aren't working on my new phone.,Policy exception granted,66.1,2.0,16.3,False,False,6,844,2024-09-20 10:35:00,16.3,49.8,66.1,48,0.0,18,Thursday,Noche (18-24),False,18.099999999999994,False
TKT-01474,2025-06-13 09:51:00,,email,Technical Issue,Performance slow,Low,In Progress,Positive,DataDash,Starter,North America,English,Agent_008 (Daniel N),Performance has been extremely slow on my end. Pages take 20+ seconds to load.,Refund processed,,,5.8,False,False,9,602,2025-06-13 15:39:00,5.8,,,72,,9,Friday,Mañana (06-12),False,,False
TKT-01475,2025-05-10 11:47:00,,chat,Billing,Invoice request,Low,In Progress,Negative,DataDash,Enterprise,South Asia,Hindi,Agent_006 (Raj P),"Hi, I was charged $190.49 twice on Jun 04, 2024. My invoice is INV-3674. Please refund the duplicate.",Refund processed,,,18.2,False,False,8,282,2025-05-11 05:59:00,18.2,,,72,,11,Saturday,Mañana (06-12),False,,False
TKT-01476,2024-02-23 20:15:00,2024-02-24 01:09:00,chat,Billing,Subscription upgrade,Critical,Closed,Very Negative,CloudSync Pro,Free,Europe,English,Agent_005 (Sophie M),Could you send me a detailed invoice for the period Jul–Sep 2024? I need it for tax purposes.,Policy exception granted,,1.4,,False,False,3,851,,,,,8,,20,Friday,Noche (18-24),False,,True
TKT-01477,2025-06-12 09:33:00,2025-06-14 15:09:00,email,General Inquiry,Pricing info,Low,Resolved,Positive,TaskBoard,Starter,Southeast Asia,English,Agent_005 (Sophie M),Where can I find documentation on setting up the API?,No action needed,53.6,4.7,14.2,False,False,6,696,2025-06-12 23:45:00,14.2,39.400000000000006,53.6,72,1.0,9,Thursday,Mañana (06-12),False,0.0,False
TKT-01478,2024-08-08 12:18:00,2024-08-09 17:00:00,email,Billing,Incorrect amount,Medium,Resolved,Neutral,DataDash,Professional,North America,English,Agent_001 (Priya S),"Hi, I was charged $448.00 twice on Mar 23, 2024. My invoice is INV-8529. Please refund the duplicate.",Policy exception granted,28.7,3.7,15.8,False,False,3,627,2024-08-09 04:06:00,15.8,12.899999999999999,28.7,48,1.0,12,Thursday,Tarde (12-18),False,0.0,False
TKT-01479,2025-03-18 09:03:00,2025-03-19 13:33:00,phone,Technical Issue,App crash,Medium,Closed,Very Negative,SecureVault,Free,North America,English,Agent_005 (Sophie M),I'm unable to export a report since the latest update. Getting error code ERR-551.,No action needed,28.5,1.1,21.8,False,False,2,1159,2025-03-19 06:51:00,21.8,6.699999999999999,28.5,48,1.0,9,Tuesday,Mañana (06-12),False,0.0,False
TKT-01480,2024-01-22 11:29:00,2024-01-24 12:59:00,helpdesk_portal,Account Access,Password reset,Medium,Resolved,Negative,DataDash,Enterprise,Africa,English,Agent_004 (Omar F),I can't log in to my account. The password reset email is not arriving.,Issue fixed by agent,49.5,2.2,20.7,False,False,6,966,2024-01-23 08:11:00,20.7,28.8,49.5,48,0.0,11,Monday,Mañana (06-12),False,1.5,False
TKT-01481,2024-10-02 18:32:00,2024-10-04 17:14:00,helpdesk_portal,Refund / Return,Refund status,Low,Escalated,Very Negative,SecureVault,Starter,North America,Japanese,Agent_008 (Daniel N),I was overcharged and would like a partial refund for the difference.,Issue fixed by agent,46.7,,2.3,False,True,9,65,2024-10-02 20:50:00,2.3,44.400000000000006,46.7,72,1.0,18,Wednesday,Noche (18-24),False,0.0,False
TKT-01482,2024-06-27 18:10:00,,chat,Delivery / Shipping,Wrong item,Low,Open,Very Negative,CloudSync Pro,Starter,North America,English,Agent_004 (Omar F),I received the wrong item in my package. Order #88893.,Issue fixed by agent,,,9.0,False,False,1,423,2024-06-28 03:10:00,9.0,,,72,,18,Thursday,Noche (18-24),True,,False
TKT-01483,2025-01-28 11:10:00,2025-02-01 10:04:00,chat,Technical Issue,Feature not working,Low,Closed,Very Negative,SecureVault,Enterprise,North America,Japanese,Agent_003 (Lena K),My data isn't syncing across devices. Last successful sync was 7 days ago.,Self-service guided,94.9,1.4,18.8,False,False,3,751,2025-01-29 05:58:00,18.8,76.10000000000001,94.9,72,0.0,11,Tuesday,Mañana (06-12),False,22.900000000000006,False
TKT-01484,2025-06-07 22:58:00,2025-06-11 13:04:00,web_form,Technical Issue,App crash,Medium,Resolved,Positive,DataDash,Enterprise,South Asia,English,Agent_007 (Elena V),The app keeps crashing when I try to invite a team member. I'm on iOS 17.,Issue fixed by agent,86.1,4.3,4.5,True,False,6,47,2025-06-08 03:28:00,4.5,81.6,86.1,48,0.0,22,Saturday,Noche (18-24),False,38.099999999999994,False
TKT-01485,2025-06-23 18:57:00,2025-06-27 09:39:00,helpdesk_portal,Feature Request,Dark mode,Low,Resolved,Very Negative,SecureVault,Professional,North America,English,Agent_008 (Daniel N),"Can you add an option to export reports in Excel format, not just CSV?",Issue fixed by agent,86.7,1.9,15.2,False,False,1,622,2025-06-24 10:09:00,15.2,71.5,86.7,72,0.0,18,Monday,Noche (18-24),True,14.700000000000003,False
TKT-01486,2025-04-08 20:58:00,2025-04-12 00:40:00,web_form,Billing,Incorrect amount,Medium,Resolved,Very Negative,DataDash,Professional,South Asia,English,Agent_008 (Daniel N),My payment of $124.00 failed but the amount was still deducted from my account.,Pending customer,75.7,1.8,21.5,False,False,11,326,2025-04-09 18:28:00,21.5,54.2,75.7,48,0.0,20,Tuesday,Noche (18-24),False,27.700000000000003,False
TKT-01487,2024-05-30 18:55:00,2024-06-02 09:01:00,email,Refund / Return,Refund status,Medium,Resolved,Positive,InvoiceFlow,Starter,South Asia,English,Agent_001 (Priya S),I was overcharged and would like a partial refund for the difference.,Pending customer,62.1,4.2,15.2,True,False,5,835,2024-05-31 10:07:00,15.2,46.900000000000006,62.1,48,0.0,18,Thursday,Noche (18-24),False,14.100000000000001,False
TKT-01488,2024-01-15 19:36:00,2024-01-16 08:00:00,email,Technical Issue,Login error,Critical,Resolved,Negative,InvoiceFlow,Professional,Middle East,English,Agent_004 (Omar F),I'm unable to upload a file since the latest update. Getting error code ERR-567.,Self-service guided,12.4,2.6,2.5,False,False,8,1211,2024-01-15 22:06:00,2.5,9.9,12.4,8,0.0,19,Monday,Noche (18-24),False,4.4,False
TKT-01489,2025-05-17 16:26:00,,helpdesk_portal,Billing,Duplicate charge,Medium,In Progress,Very Negative,CloudSync Pro,Enterprise,South Asia,Spanish,Agent_004 (Omar F),"Hi, I was charged $27.00 twice on Feb 13, 2025. My invoice is INV-8250. Please refund the duplicate.",Refund processed,,,3.3,False,False,12,816,2025-05-17 19:44:00,3.3,,,48,,16,Saturday,Tarde (12-18),False,,False
TKT-01490,2024-04-12 07:58:00,2024-04-12 20:46:00,helpdesk_portal,Technical Issue,Login error,High,Resolved,Negative,CloudSync Pro,Professional,Africa,English,Agent_005 (Sophie M),I'm unable to upload a file since the latest update. Getting error code ERR-198.,No action needed,,2.7,,False,False,12,1205,,,,,24,,7,Friday,Mañana (06-12),False,,True
TKT-01491,2025-03-11 14:53:00,2025-03-12 04:35:00,helpdesk_portal,Billing,Incorrect amount,High,Resolved,Very Negative,DataDash,Free,Europe,English,Agent_006 (Raj P),I noticed an incorrect charge of $190.00 on my last bill. Can you look into invoice INV-5215?,Issue fixed by agent,,1.0,,False,False,5,618,,,,,24,,14,Tuesday,Tarde (12-18),False,,True
TKT-01492,2024-05-25 17:53:00,,phone,Delivery / Shipping,Damaged item,Medium,Open,Neutral,CloudSync Pro,Professional,North America,English,Agent_005 (Sophie M),"My order #64910 was supposed to arrive on Apr 22, 2025 but it's still not here.",,,,23.2,False,False,2,1351,2024-05-26 17:05:00,23.2,,,48,,17,Saturday,Tarde (12-18),False,,False
TKT-01493,2024-05-13 07:15:00,2024-05-14 08:51:00,email,Account Access,Account deletion,Medium,Resolved,Negative,CloudSync Pro,Starter,Southeast Asia,English,Agent_001 (Priya S),I need to update the email address associated with my account.,Issue fixed by agent,25.6,2.6,1.1,False,False,5,1254,2024-05-13 08:21:00,1.1,24.5,25.6,48,1.0,7,Monday,Mañana (06-12),False,0.0,False
TKT-01494,2025-03-20 16:54:00,2025-03-25 20:42:00,email,Account Access,Password reset,Low,Resolved,Negative,DataDash,Enterprise,Europe,English,Agent_006 (Raj P),I can't log in to my account. The password reset email is not arriving.,Policy exception granted,123.8,2.3,11.1,False,False,4,1409,2025-03-21 04:00:00,11.1,112.7,123.8,72,0.0,16,Thursday,Tarde (12-18),False,51.8,False
TKT-01495,2024-08-08 11:59:00,,whatsapp,Refund / Return,Partial refund,Medium,In Progress,Neutral,CloudSync Pro,Professional,South Asia,English,Agent_009 (Yuki T),What's the status of refund request #REF-6002? It's been 6 days.,Self-service guided,,,15.1,False,False,4,62,2024-08-09 03:05:00,15.1,,,48,,11,Thursday,Mañana (06-12),False,,False
TKT-01496,2024-06-25 13:08:00,2024-07-02 22:20:00,twitter_dm,Delivery / Shipping,Damaged item,Low,Resolved,Neutral,DataDash,Enterprise,Europe,English,Agent_009 (Yuki T),The item I received is damaged. I need a replacement or refund for order #64446.,Issue fixed by agent,177.2,3.7,7.3,False,False,3,1361,2024-06-25 20:26:00,7.3,169.89999999999998,177.2,72,0.0,13,Tuesday,Tarde (12-18),False,105.19999999999999,False
TKT-01497,2025-01-09 21:30:00,2025-01-11 12:36:00,whatsapp,Billing,Duplicate charge,High,Resolved,Neutral,InvoiceFlow,Starter,North America,French,Agent_001 (Priya S),My payment of $453.00 failed but the amount was still deducted from my account.,Refund processed,39.1,3.2,1.9,False,False,8,830,2025-01-09 23:24:00,1.9,37.2,39.1,24,0.0,21,Thursday,Noche (18-24),False,15.100000000000001,False
TKT-01498,2024-05-20 10:55:00,,chat,Technical Issue,Performance slow,Medium,In Progress,Positive,InvoiceFlow,Starter,Africa,English,Agent_007 (Elena V),The app keeps crashing when I try to invite a team member. I'm on Windows 11.,No action needed,,,3.4,True,False,7,688,2024-05-20 14:19:00,3.4,,,48,,10,Monday,Mañana (06-12),False,,False
TKT-01499,2025-03-31 20:47:00,2025-04-03 17:23:00,email,Technical Issue,App crash,Low,Resolved,Negative,CloudSync Pro,Professional,North America,Arabic,Agent_009 (Yuki T),The app keeps crashing when I try to invite a team member. I'm on iOS 17.,Pending customer,68.6,2.3,23.4,False,False,12,598,2025-04-01 20:11:00,23.4,45.199999999999996,68.6,72,1.0,20,Monday,Noche (18-24),False,0.0,False
TKT-01500,2025-06-02 09:26:00,2025-06-06 21:02:00,chat,Billing,Incorrect amount,Low,Resolved,Very Negative,TaskBoard,Enterprise,Southeast Asia,English,Agent_007 (Elena V),My payment of $470.49 failed but the amount was still deducted from my account.,Pending customer,107.6,1.8,22.8,False,False,3,1335,2025-06-03 08:14:00,22.8,84.8,107.6,72,0.0,9,Monday,Mañana (06-12),False,35.599999999999994,False
TKT-01501,2024-10-13 11:07:00,2024-10-13 19:49:00,helpdesk_portal,Technical Issue,App crash,High,Resolved,Negative,SecureVault,Starter,South Asia,English,Agent_007 (Elena V),Performance has been extremely slow on my end. Pages take 20+ seconds to load.,Issue fixed by agent,,2.4,,False,False,3,883,,,,,24,,11,Sunday,Mañana (06-12),False,,True
TKT-01502,2024-12-20 18:12:00,2024-12-21 21:12:00,email,Feature Request,Export options,High,Resolved,Neutral,TaskBoard,Professional,Africa,German,Agent_006 (Raj P),A dark mode option would be greatly appreciated for late-night work sessions.,Issue fixed by agent,27.0,3.8,3.0,False,False,12,240,2024-12-20 21:12:00,3.0,24.0,27.0,24,0.0,18,Friday,Noche (18-24),False,3.0,False
TKT-01503,2024-12-13 20:37:00,2024-12-15 12:49:00,chat,Billing,Incorrect amount,Medium,Resolved,Negative,DataDash,Free,North America,Hindi,Agent_002 (James T),Could you send me a detailed invoice for the period Oct–Dec 2024? I need it for tax purposes.,Self-service guided,40.2,2.9,21.9,False,False,5,1103,2024-12-14 18:31:00,21.9,18.300000000000004,40.2,48,1.0,20,Friday,Noche (18-24),False,0.0,False
TKT-01504,2025-03-16 09:49:00,2025-03-16 22:43:00,helpdesk_portal,General Inquiry,Partnership,High,Resolved,Neutral,TaskBoard,Professional,Europe,English,Agent_008 (Daniel N),Does TaskBoard integrate with Salesforce?,Pending customer,,3.2,,False,False,1,1420,,,,,24,,9,Sunday,Mañana (06-12),True,,True
TKT-01505,2025-02-09 17:36:00,2025-02-11 05:12:00,web_form,Feature Request,UI improvement,High,Resolved,Negative,TaskBoard,Professional,Europe,French,Unassigned,It would be really helpful if InvoiceFlow supported direct integration with Zapier.,Refund processed,35.6,2.4,,False,False,2,1061,,,,35.6,24,0.0,17,Sunday,Tarde (12-18),False,11.600000000000001,False
TKT-01506,2024-06-24 11:38:00,,email,Billing,Duplicate charge,High,Open,Negative,CloudSync Pro,Starter,Latin America,English,Agent_002 (James T),Could you send me a detailed invoice for the period Apr–Jun 2024? I need it for tax purposes.,Self-service guided,,,15.6,False,False,5,1396,2024-06-25 03:14:00,15.6,,,24,,11,Monday,Mañana (06-12),False,,False
TKT-01507,2025-04-25 16:07:00,,helpdesk_portal,Technical Issue,Performance slow,Low,In Progress,Very Negative,CloudSync Pro,Professional,South Asia,German,Unassigned,My data isn't syncing across devices. Last successful sync was 5 days ago.,No action needed,,,,False,False,6,936,,,,,72,,16,Friday,Tarde (12-18),False,,False
TKT-01508,2025-01-25 20:27:00,2025-01-26 17:39:00,helpdesk_portal,Delivery / Shipping,Tracking issue,Medium,Resolved,Negative,SecureVault,Free,Europe,Arabic,Agent_001 (Priya S),The item I received is damaged. I need a replacement or refund for order #58818.,Escalated to engineering,21.2,2.1,18.3,False,False,5,220,2025-01-26 14:45:00,18.3,2.8999999999999986,21.2,48,1.0,20,Saturday,Noche (18-24),False,0.0,False
TKT-01509,2025-02-01 08:00:00,2025-02-02 20:48:00,chat,Feature Request,New integration,Low,Resolved,Neutral,InvoiceFlow,Starter,Middle East,English,Agent_008 (Daniel N),"Can you add an option to export reports in Excel format, not just CSV?",Self-service guided,36.8,3.5,13.9,False,False,2,1251,2025-02-01 21:54:00,13.9,22.9,36.8,72,1.0,8,Saturday,Mañana (06-12),False,0.0,False
TKT-01510,2025-06-07 08:33:00,2025-06-08 06:21:00,chat,Account Access,Email change,High,Resolved,Neutral,CloudSync Pro,Enterprise,Middle East,English,Agent_004 (Omar F),I'm having trouble with 2FA — the codes aren't working on my new phone.,Issue fixed by agent,,3.9,,False,False,7,691,,,,,24,,8,Saturday,Mañana (06-12),False,,True
TKT-01511,2024-05-20 22:43:00,,chat,Refund / Return,Refund status,Low,In Progress,Very Negative,CloudSync Pro,Professional,Middle East,English,Agent_003 (Lena K),I was overcharged and would like a partial refund for the difference.,Issue fixed by agent,,,15.1,False,False,7,440,2024-05-21 13:49:00,15.1,,,72,,22,Monday,Noche (18-24),False,,False
TKT-01512,2024-05-04 14:50:00,2024-05-06 08:50:00,whatsapp,Feature Request,Export options,Medium,Closed,Negative,CloudSync Pro,Starter,Southeast Asia,Arabic,Unassigned,"Can you add an option to export reports in Excel format, not just CSV?",Issue fixed by agent,42.0,2.7,,False,False,2,1056,,,,42.0,48,1.0,14,Saturday,Tarde (12-18),False,0.0,False
TKT-01513,2025-04-27 15:52:00,2025-04-28 01:10:00,phone,Refund / Return,Return request,High,Resolved,Negative,InvoiceFlow,Professional,North America,Arabic,Agent_005 (Sophie M),I'd like to request a full refund for my recent purchase. Order #52364.,Policy exception granted,9.3,2.7,5.3,False,False,5,601,2025-04-27 21:10:00,5.3,4.000000000000001,9.3,24,1.0,15,Sunday,Tarde (12-18),False,0.0,False
TKT-01514,2024-03-30 07:27:00,,helpdesk_portal,Account Access,2FA issue,Medium,Open,Neutral,DataDash,Enterprise,North America,Japanese,Agent_008 (Daniel N),I need to update the email address associated with my account.,Issue fixed by agent,,,21.4,False,False,7,903,2024-03-31 04:51:00,21.4,,,48,,7,Saturday,Mañana (06-12),False,,False
TKT-01515,2024-04-24 12:45:00,2024-04-25 10:45:00,whatsapp,Refund / Return,Full refund,Medium,Closed,Neutral,CloudSync Pro,Enterprise,Southeast Asia,English,Agent_005 (Sophie M),I was overcharged and would like a partial refund for the difference.,Issue fixed by agent,22.0,3.2,16.0,False,False,7,577,2024-04-25 04:45:00,16.0,6.0,22.0,48,1.0,12,Wednesday,Tarde (12-18),False,0.0,False
TKT-01516,2025-06-08 16:22:00,2025-06-10 03:40:00,chat,General Inquiry,Documentation,High,Escalated,Positive,SecureVault,Professional,Europe,Arabic,Agent_006 (Raj P),Where can I find documentation on setting up the API?,Refund processed,35.3,,14.2,False,True,3,462,2025-06-09 06:34:00,14.2,21.099999999999998,35.3,24,0.0,16,Sunday,Tarde (12-18),False,11.299999999999997,False
TKT-01517,2025-06-13 19:25:00,,web_form,Feature Request,Dark mode,Medium,Open,Negative,TaskBoard,Professional,Latin America,English,Agent_002 (James T),Is there any plan to expose an API for the reporting module?,Refund processed,,,21.1,False,False,5,193,2025-06-14 16:31:00,21.1,,,48,,19,Friday,Noche (18-24),False,,False
TKT-01518,2025-01-17 22:27:00,2025-01-18 08:09:00,email,Billing,Subscription upgrade,High,Resolved,Positive,DataDash,Enterprise,Middle East,English,Agent_008 (Daniel N),Could you send me a detailed invoice for the period Jul–Sep 2024? I need it for tax purposes.,Issue fixed by agent,9.7,4.4,3.5,False,False,8,843,2025-01-18 01:57:00,3.5,6.199999999999999,9.7,24,1.0,22,Friday,Noche (18-24),False,0.0,False
TKT-01519,2024-05-03 18:47:00,2024-05-06 11:11:00,web_form,Account Access,Account deletion,Low,Escalated,Very Negative,CloudSync Pro,Starter,Europe,Japanese,Agent_007 (Elena V),My account appears to be locked. I haven't violated any terms.,,64.4,,23.3,True,True,3,573,2024-05-04 18:05:00,23.3,41.10000000000001,64.4,72,1.0,18,Friday,Noche (18-24),False,0.0,False
TKT-01520,2024-06-01 16:04:00,2024-06-03 07:04:00,web_form,Billing,Invoice request,Medium,Resolved,Positive,CloudSync Pro,Professional,Africa,English,Agent_002 (James T),"Hi, I was charged $415.99 twice on May 08, 2025. My invoice is INV-7447. Please refund the duplicate.",No action needed,39.0,4.0,2.6,False,False,5,1110,2024-06-01 18:40:00,2.6,36.4,39.0,48,1.0,16,Saturday,Tarde (12-18),False,0.0,False
TKT-01521,2024-05-27 15:43:00,,phone,Delivery / Shipping,Late delivery,Low,Open,Neutral,DataDash,Free,Europe,French,Agent_004 (Omar F),The item I received is damaged. I need a replacement or refund for order #46221.,Issue fixed by agent,,,1.3,False,False,12,1089,2024-05-27 17:01:00,1.3,,,72,,15,Monday,Tarde (12-18),False,,False
TKT-01522,2025-04-19 10:11:00,,chat,General Inquiry,Pricing info,Medium,In Progress,Negative,TaskBoard,Starter,Middle East,German,Agent_005 (Sophie M),Does CloudSync Pro integrate with Salesforce?,Escalated to engineering,,,15.6,False,False,7,330,2025-04-20 01:47:00,15.6,,,48,,10,Saturday,Mañana (06-12),False,,False
TKT-01523,2024-02-10 20:50:00,2024-02-14 12:26:00,twitter_dm,Delivery / Shipping,Tracking issue,Medium,Resolved,Neutral,TaskBoard,Free,Africa,English,Agent_005 (Sophie M),The item I received is damaged. I need a replacement or refund for order #33385.,Refund processed,87.6,3.7,3.5,False,False,7,1027,2024-02-11 00:20:00,3.5,84.1,87.6,48,0.0,20,Saturday,Noche (18-24),False,39.599999999999994,False
TKT-01524,2025-01-30 17:13:00,2025-01-31 11:31:00,chat,Account Access,Account locked,Medium,Resolved,Neutral,SecureVault,Professional,Southeast Asia,Arabic,Agent_003 (Lena K),I'm having trouble with 2FA — the codes aren't working on my new phone.,Escalated to engineering,18.3,3.3,3.4,False,False,5,489,2025-01-30 20:37:00,3.4,14.9,18.3,48,1.0,17,Thursday,Tarde (12-18),False,0.0,False
TKT-01525,2024-06-03 20:27:00,2024-06-05 03:15:00,whatsapp,Delivery / Shipping,Damaged item,Medium,Resolved,Very Negative,TaskBoard,Enterprise,Europe,English,Agent_001 (Priya S),The tracking for order #43432 hasn't updated in 2 days.,No action needed,30.8,1.3,15.1,False,False,4,1225,2024-06-04 11:33:00,15.1,15.700000000000001,30.8,48,1.0,20,Monday,Noche (18-24),False,0.0,False
TKT-01526,2024-07-19 21:52:00,,web_form,Feature Request,API access,Medium,In Progress,Negative,SecureVault,Professional,Southeast Asia,Hindi,Agent_002 (James T),"Can you add an option to export reports in Excel format, not just CSV?",Refund processed,,,8.4,False,False,4,682,2024-07-20 06:16:00,8.4,,,48,,21,Friday,Noche (18-24),False,,False
TKT-01527,2025-06-19 07:24:00,2025-06-20 21:30:00,chat,Billing,Payment failure,High,Closed,Negative,InvoiceFlow,Professional,North America,German,Agent_004 (Omar F),Could you send me a detailed invoice for the period Jul–Sep 2024? I need it for tax purposes.,Issue fixed by agent,38.1,2.7,10.5,False,False,1,921,2025-06-19 17:54:00,10.5,27.6,38.1,24,0.0,7,Thursday,Mañana (06-12),True,14.100000000000001,False
TKT-01528,2024-03-10 08:22:00,2024-03-13 01:16:00,web_form,Technical Issue,Feature not working,Medium,Closed,Very Negative,InvoiceFlow,Starter,Europe,German,Agent_005 (Sophie M),Performance has been extremely slow on my end. Pages take 20+ seconds to load.,Refund processed,64.9,2.0,3.5,False,False,12,483,2024-03-10 11:52:00,3.5,61.400000000000006,64.9,48,0.0,8,Sunday,Mañana (06-12),False,16.900000000000006,False
TKT-01529,2025-02-06 09:13:00,2025-02-08 17:31:00,email,Technical Issue,Performance slow,Low,Resolved,Negative,CloudSync Pro,Professional,Europe,Hindi,Agent_006 (Raj P),The app keeps crashing when I try to invite a team member. I'm on macOS Sonoma.,No action needed,56.3,2.8,15.9,False,False,1,24,2025-02-07 01:07:00,15.9,40.4,56.3,72,1.0,9,Thursday,Mañana (06-12),True,0.0,False
TKT-01530,2025-06-07 20:27:00,2025-06-11 07:15:00,whatsapp,Account Access,Account deletion,Medium,Resolved,Negative,CloudSync Pro,Professional,South Asia,Arabic,Agent_001 (Priya S),My account appears to be locked. I haven't violated any terms.,Refund processed,82.8,2.7,8.3,False,False,6,560,2025-06-08 04:45:00,8.3,74.5,82.8,48,0.0,20,Saturday,Noche (18-24),False,34.8,False
TKT-01531,2025-03-31 21:09:00,,email,Technical Issue,Login error,Low,In Progress,Very Negative,DataDash,Professional,Europe,English,Agent_005 (Sophie M),I'm unable to upload a file since the latest update. Getting error code ERR-347.,Policy exception granted,,,3.3,False,False,12,123,2025-04-01 00:27:00,3.3,,,72,,21,Monday,Noche (18-24),False,,False
TKT-01532,2024-11-22 10:16:00,2024-11-24 06:04:00,chat,Refund / Return,Policy inquiry,Medium,Closed,Negative,SecureVault,Enterprise,Europe,Hindi,Agent_008 (Daniel N),What's the status of refund request #REF-1895? It's been 2 days.,Escalated to engineering,43.8,2.4,20.6,False,False,11,166,2024-11-23 06:52:00,20.6,23.199999999999996,43.8,48,1.0,10,Friday,Mañana (06-12),False,0.0,False
TKT-01533,2025-03-22 17:11:00,2025-03-24 02:29:00,email,Complaint,Rude agent,Medium,Resolved,Very Negative,InvoiceFlow,Enterprise,Middle East,English,Agent_003 (Lena K),I've been waiting 3 days for a response. This is unacceptable.,Self-service guided,33.3,1.9,5.8,True,False,7,1196,2025-03-22 22:59:00,5.8,27.499999999999996,33.3,48,1.0,17,Saturday,Tarde (12-18),False,0.0,False
TKT-01534,2025-02-25 10:41:00,2025-02-26 19:47:00,web_form,Technical Issue,Login error,High,Resolved,Negative,InvoiceFlow,Professional,Southeast Asia,English,Agent_004 (Omar F),My data isn't syncing across devices. Last successful sync was 12 days ago.,No action needed,33.1,2.1,7.6,False,False,9,1194,2025-02-25 18:17:00,7.6,25.5,33.1,24,0.0,10,Tuesday,Mañana (06-12),False,9.100000000000001,False
TKT-01535,2025-05-29 18:03:00,,whatsapp,Feature Request,UI improvement,Medium,In Progress,Negative,InvoiceFlow,Free,Africa,Hindi,Agent_001 (Priya S),Is there any plan to expose an API for the reporting module?,Issue fixed by agent,,,6.4,False,False,2,1123,2025-05-30 00:27:00,6.4,,,48,,18,Thursday,Noche (18-24),False,,False
TKT-01536,2025-05-26 08:43:00,2025-06-02 13:55:00,twitter_dm,Complaint,Unresolved issue,Low,Closed,Positive,InvoiceFlow,Starter,Africa,English,Agent_006 (Raj P),Your refund policy is very unfair. I'm considering leaving the platform.,Issue fixed by agent,173.2,4.6,24.0,False,False,7,222,2025-05-27 08:43:00,24.0,149.2,173.2,72,0.0,8,Monday,Mañana (06-12),False,101.19999999999999,False
TKT-01537,2025-03-19 08:54:00,2025-03-21 00:24:00,chat,Technical Issue,Performance slow,High,Closed,Neutral,TaskBoard,Starter,Southeast Asia,English,Agent_006 (Raj P),The app keeps crashing when I try to invite a team member. I'm on macOS Sonoma.,Pending customer,39.5,3.6,23.2,False,False,10,632,2025-03-20 08:06:00,23.2,16.3,39.5,24,0.0,8,Wednesday,Mañana (06-12),False,15.5,False
TKT-01538,2025-01-31 07:37:00,2025-02-02 13:37:00,email,Account Access,Account locked,Low,Resolved,Neutral,InvoiceFlow,Starter,Southeast Asia,French,Agent_007 (Elena V),I need to update the email address associated with my account.,Refund processed,54.0,3.8,14.0,False,False,11,854,2025-01-31 21:37:00,14.0,40.0,54.0,72,1.0,7,Friday,Mañana (06-12),False,0.0,False
TKT-01539,2024-09-06 10:16:00,,phone,Delivery / Shipping,Damaged item,Low,In Progress,Negative,InvoiceFlow,Professional,South Asia,Spanish,Agent_001 (Priya S),I received the wrong item in my package. Order #68061.,Pending customer,,,19.3,False,False,7,1132,2024-09-07 05:34:00,19.3,,,72,,10,Friday,Mañana (06-12),False,,False
TKT-01540,2024-08-08 10:20:00,2024-08-09 09:20:00,web_form,Technical Issue,Performance slow,High,Resolved,Positive,DataDash,Free,South Asia,Arabic,Agent_006 (Raj P),The app keeps crashing when I try to invite a team member. I'm on macOS Sonoma.,Self-service guided,23.0,4.6,17.4,False,False,5,1087,2024-08-09 03:44:00,17.4,5.600000000000001,23.0,24,1.0,10,Thursday,Mañana (06-12),False,0.0,False
TKT-01541,2024-12-15 15:07:00,2024-12-16 13:37:00,phone,Complaint,Long wait time,High,Resolved,Neutral,TaskBoard,Enterprise,Latin America,English,Agent_004 (Omar F),I've been waiting 10 days for a response. This is unacceptable.,Pending customer,22.5,3.2,21.0,False,False,4,1020,2024-12-16 12:07:00,21.0,1.5,22.5,24,1.0,15,Sunday,Tarde (12-18),False,0.0,False
TKT-01542,2024-08-26 10:53:00,2024-08-28 11:41:00,web_form,General Inquiry,Plan comparison,Medium,Resolved,Negative,SecureVault,Free,South Asia,English,Agent_009 (Yuki T),I'm interested in a partnership opportunity with your company.,No action needed,48.8,2.2,8.1,False,False,11,767,2024-08-26 18:59:00,8.1,40.699999999999996,48.8,48,0.0,10,Monday,Mañana (06-12),False,0.7999999999999972,False
TKT-01543,2024-06-16 22:32:00,,chat,Delivery / Shipping,Damaged item,Low,Open,Negative,CloudSync Pro,Starter,South Asia,Spanish,Agent_009 (Yuki T),The tracking for order #24449 hasn't updated in 4 days.,Pending customer,,,1.9,False,False,7,1142,2024-06-17 00:26:00,1.9,,,72,,22,Sunday,Noche (18-24),False,,False
TKT-01544,2024-11-17 22:19:00,2024-11-19 12:31:00,email,Billing,Invoice request,Low,Resolved,Negative,SecureVault,Enterprise,Latin America,English,Agent_002 (James T),My payment of $233.49 failed but the amount was still deducted from my account.,Escalated to engineering,38.2,2.3,11.7,False,False,1,789,2024-11-18 10:01:00,11.7,26.500000000000004,38.2,72,1.0,22,Sunday,Noche (18-24),True,0.0,False
TKT-01545,2024-05-09 16:06:00,,chat,Billing,Payment failure,High,In Progress,Negative,DataDash,Free,North America,English,Agent_001 (Priya S),I noticed an incorrect charge of $268.49 on my last bill. Can you look into invoice INV-6099?,Pending customer,,,14.6,False,False,5,667,2024-05-10 06:42:00,14.6,,,24,,16,Thursday,Tarde (12-18),False,,False
TKT-01546,2024-11-01 09:22:00,2024-11-08 04:16:00,whatsapp,Billing,Incorrect amount,Low,Resolved,Negative,CloudSync Pro,Starter,North America,English,Agent_009 (Yuki T),I noticed an incorrect charge of $248.49 on my last bill. Can you look into invoice INV-5425?,Issue fixed by agent,162.9,2.5,13.8,False,False,2,1346,2024-11-01 23:10:00,13.8,149.1,162.9,72,0.0,9,Friday,Mañana (06-12),False,90.9,False
TKT-01547,2024-08-05 19:35:00,2024-08-06 04:47:00,chat,Complaint,Policy dissatisfaction,High,Resolved,Neutral,CloudSync Pro,Professional,South Asia,Hindi,Agent_002 (James T),I've contacted support 3 times about the same issue and it's still unresolved.,Refund processed,,3.9,,False,False,11,48,,,,,24,,19,Monday,Noche (18-24),False,,True
TKT-01548,2024-01-03 15:22:00,,chat,Refund / Return,Full refund,Medium,Open,Negative,DataDash,Starter,Africa,English,Agent_006 (Raj P),I'd like to request a full refund for my recent purchase. Order #41347.,Self-service guided,,,4.5,False,False,8,455,2024-01-03 19:52:00,4.5,,,48,,15,Wednesday,Tarde (12-18),False,,False
TKT-01549,2024-08-03 17:53:00,,email,Refund / Return,Partial refund,Medium,In Progress,Neutral,CloudSync Pro,Starter,Africa,Hindi,Agent_003 (Lena K),I was overcharged and would like a partial refund for the difference.,Issue fixed by agent,,,2.4,False,False,6,1259,2024-08-03 20:17:00,2.4,,,48,,17,Saturday,Tarde (12-18),False,,False
TKT-01550,2024-11-17 09:16:00,2024-11-22 19:34:00,whatsapp,Feature Request,Export options,Low,Resolved,Negative,TaskBoard,Professional,Southeast Asia,English,Agent_005 (Sophie M),It would be really helpful if InvoiceFlow supported direct integration with Jira.,Pending customer,130.3,2.9,21.3,False,False,1,87,2024-11-18 06:34:00,21.3,109.00000000000001,130.3,72,0.0,9,Sunday,Mañana (06-12),True,58.30000000000001,False
TKT-01551,2024-11-22 16:23:00,2024-11-26 01:29:00,helpdesk_portal,Technical Issue,Data sync issue,Medium,Resolved,Negative,CloudSync Pro,Starter,South Asia,Hindi,Agent_006 (Raj P),I'm unable to connect an integration since the latest update. Getting error code ERR-280.,Refund processed,81.1,2.4,7.6,False,False,9,1379,2024-11-22 23:59:00,7.6,73.5,81.1,48,0.0,16,Friday,Tarde (12-18),False,33.099999999999994,False
TKT-01552,2024-06-20 11:40:00,,web_form,General Inquiry,Pricing info,Medium,In Progress,Very Negative,CloudSync Pro,Starter,Europe,English,Agent_001 (Priya S),Does InvoiceFlow integrate with Salesforce?,Issue fixed by agent,,,7.0,False,False,6,930,2024-06-20 18:40:00,7.0,,,48,,11,Thursday,Mañana (06-12),False,,False
TKT-01553,2024-02-06 13:21:00,,web_form,Technical Issue,Login error,Medium,In Progress,Negative,DataDash,Starter,South Asia,English,Agent_004 (Omar F),Performance has been extremely slow on my end. Pages take 20+ seconds to load.,Issue fixed by agent,,,23.3,False,False,2,734,2024-02-07 12:39:00,23.3,,,48,,13,Tuesday,Tarde (12-18),False,,False
TKT-01554,2024-05-23 13:37:00,,email,Account Access,2FA issue,Medium,Open,Very Negative,CloudSync Pro,Free,Africa,English,Agent_002 (James T),I'm having trouble with 2FA — the codes aren't working on my new phone.,Issue fixed by agent,,,22.5,False,False,4,1286,2024-05-24 12:07:00,22.5,,,48,,13,Thursday,Tarde (12-18),False,,False
TKT-01555,2025-02-06 22:34:00,,chat,Billing,Invoice request,High,Open,Negative,CloudSync Pro,Starter,North America,English,Agent_003 (Lena K),Could you send me a detailed invoice for the period Jan–Mar 2024? I need it for tax purposes.,Pending customer,,,21.8,False,False,7,390,2025-02-07 20:22:00,21.8,,,24,,22,Thursday,Noche (18-24),False,,False
TKT-01556,2024-12-15 21:05:00,2024-12-16 23:17:00,whatsapp,Technical Issue,Login error,High,Resolved,Negative,CloudSync Pro,Enterprise,Southeast Asia,English,Agent_001 (Priya S),I'm unable to invite a team member since the latest update. Getting error code ERR-240.,Pending customer,26.2,2.0,4.5,False,False,7,583,2024-12-16 01:35:00,4.5,21.7,26.2,24,0.0,21,Sunday,Noche (18-24),False,2.1999999999999993,False
TKT-01557,2025-03-23 22:36:00,2025-03-27 16:00:00,twitter_dm,Billing,Subscription upgrade,Medium,Resolved,Neutral,TaskBoard,Professional,South Asia,Hindi,Agent_004 (Omar F),I noticed an incorrect charge of $346.99 on my last bill. Can you look into invoice INV-3020?,Refund processed,89.4,3.0,7.0,False,False,2,1013,2025-03-24 05:36:00,7.0,82.4,89.4,48,0.0,22,Sunday,Noche (18-24),False,41.400000000000006,False
TKT-01558,2025-02-15 20:27:00,2025-02-18 02:33:00,email,Refund / Return,Policy inquiry,Medium,Closed,Very Negative,SecureVault,Starter,Africa,English,Agent_005 (Sophie M),I want to return an item from order #56469 — it doesn't meet my needs.,Issue fixed by agent,54.1,1.7,6.1,False,False,10,825,2025-02-16 02:33:00,6.1,48.0,54.1,48,0.0,20,Saturday,Noche (18-24),False,6.100000000000001,False
TKT-01559,2024-05-27 21:21:00,,web_form,Delivery / Shipping,Missing package,Medium,In Progress,Neutral,CloudSync Pro,Professional,Europe,Japanese,Agent_007 (Elena V),The tracking for order #43534 hasn't updated in 10 days.,,,,2.5,False,False,6,343,2024-05-27 23:51:00,2.5,,,48,,21,Monday,Noche (18-24),False,,False
TKT-01560,2024-02-15 15:03:00,2024-02-21 01:09:00,twitter_dm,Delivery / Shipping,Missing package,Low,Escalated,Negative,InvoiceFlow,Free,North America,English,Agent_006 (Raj P),"My order #11869 was supposed to arrive on Nov 05, 2024 but it's still not here.",Refund processed,130.1,,16.2,False,True,5,331,2024-02-16 07:15:00,16.2,113.89999999999999,130.1,72,0.0,15,Thursday,Tarde (12-18),False,58.099999999999994,False
TKT-01561,2024-08-12 12:18:00,2024-08-14 06:48:00,chat,Complaint,Repeat issue,Medium,Closed,Very Negative,CloudSync Pro,Free,Africa,English,Agent_003 (Lena K),Your refund policy is very unfair. I'm considering leaving the platform.,Issue fixed by agent,42.5,1.5,8.2,False,False,8,886,2024-08-12 20:30:00,8.2,34.3,42.5,48,1.0,12,Monday,Tarde (12-18),False,0.0,False
TKT-01562,2024-06-12 08:38:00,2024-06-18 16:26:00,twitter_dm,Account Access,Password reset,Low,Resolved,Negative,InvoiceFlow,Starter,North America,English,Agent_002 (James T),My account appears to be locked. I haven't violated any terms.,Issue fixed by agent,151.8,2.3,5.2,False,False,1,278,2024-06-12 13:50:00,5.2,146.60000000000002,151.8,72,0.0,8,Wednesday,Mañana (06-12),True,79.80000000000001,False
TKT-01563,2025-04-16 12:49:00,2025-04-18 09:19:00,phone,Feature Request,API access,Medium,Resolved,Neutral,DataDash,Free,South Asia,English,Agent_007 (Elena V),It would be really helpful if DataDash supported direct integration with Google Sheets.,Policy exception granted,44.5,3.6,19.4,False,False,5,138,2025-04-17 08:13:00,19.4,25.1,44.5,48,1.0,12,Wednesday,Tarde (12-18),False,0.0,False
TKT-01564,2024-05-24 20:41:00,,chat,Billing,Invoice request,High,Open,Positive,CloudSync Pro,Starter,Europe,Hindi,Agent_008 (Daniel N),I noticed an incorrect charge of $49.49 on my last bill. Can you look into invoice INV-4477?,Self-service guided,,,8.6,False,False,6,402,2024-05-25 05:17:00,8.6,,,24,,20,Friday,Noche (18-24),False,,False
TKT-01565,2024-07-07 11:13:00,,email,Refund / Return,Partial refund,High,Open,Negative,DataDash,Enterprise,Europe,English,Agent_009 (Yuki T),I want to return an item from order #43509 — it doesn't meet my needs.,Self-service guided,,,23.4,False,False,9,492,2024-07-08 10:37:00,23.4,,,24,,11,Sunday,Mañana (06-12),False,,False
TKT-01566,2024-03-19 17:17:00,2024-03-21 11:11:00,email,Complaint,Unresolved issue,Low,Resolved,Neutral,DataDash,Starter,Latin America,English,Agent_001 (Priya S),The agent I spoke to was dismissive and unhelpful. I'd like to escalate.,Issue fixed by agent,41.9,3.7,13.7,False,False,1,1384,2024-03-20 06:59:00,13.7,28.2,41.9,72,1.0,17,Tuesday,Tarde (12-18),True,0.0,False
TKT-01567,2025-02-19 15:43:00,2025-02-21 08:19:00,chat,Technical Issue,Performance slow,Medium,Resolved,Negative,TaskBoard,Starter,Europe,English,Agent_001 (Priya S),I'm unable to connect an integration since the latest update. Getting error code ERR-774.,Policy exception granted,40.6,2.6,9.9,False,False,2,1416,2025-02-20 01:37:00,9.9,30.700000000000003,40.6,48,1.0,15,Wednesday,Tarde (12-18),False,0.0,False
TKT-01568,2025-03-03 22:07:00,2025-03-09 00:55:00,email,Technical Issue,Feature not working,Low,Closed,Negative,TaskBoard,Professional,Africa,English,Agent_004 (Omar F),The app keeps crashing when I try to upload a file. I'm on Windows 11.,Issue fixed by agent,122.8,2.8,13.1,False,False,6,1416,2025-03-04 11:13:00,13.1,109.7,122.8,72,0.0,22,Monday,Noche (18-24),False,50.8,False
TKT-01569,2024-01-12 19:24:00,2024-01-14 17:30:00,chat,Billing,Payment failure,Low,Closed,Negative,TaskBoard,Starter,Latin America,English,Agent_003 (Lena K),I noticed an incorrect charge of $322.00 on my last bill. Can you look into invoice INV-6527?,Issue fixed by agent,46.1,2.8,21.1,False,False,12,989,2024-01-13 16:30:00,21.1,25.0,46.1,72,1.0,19,Friday,Noche (18-24),False,0.0,False
TKT-01570,2025-06-24 18:40:00,2025-06-25 20:58:00,email,Delivery / Shipping,Damaged item,High,Closed,Very Negative,CloudSync Pro,Starter,North America,Spanish,Agent_002 (James T),"My order #41787 was supposed to arrive on May 22, 2024 but it's still not here.",Issue fixed by agent,26.3,1.2,13.9,False,False,6,139,2025-06-25 08:34:00,13.9,12.4,26.3,24,0.0,18,Tuesday,Noche (18-24),False,2.3000000000000007,False
TKT-01571,2024-06-10 21:35:00,2024-06-18 08:17:00,phone,Billing,Invoice request,Low,Closed,Neutral,InvoiceFlow,Professional,Europe,English,Agent_008 (Daniel N),Could you send me a detailed invoice for the period Oct–Dec 2024? I need it for tax purposes.,Self-service guided,178.7,3.3,16.5,False,False,7,694,2024-06-11 14:05:00,16.5,162.2,178.7,72,0.0,21,Monday,Noche (18-24),False,106.69999999999999,False
TKT-01572,2024-05-06 21:09:00,,web_form,Account Access,Password reset,Low,In Progress,Very Negative,CloudSync Pro,Starter,South Asia,Spanish,Agent_006 (Raj P),My account appears to be locked. I haven't violated any terms.,No action needed,,,24.0,False,False,10,1445,2024-05-07 21:09:00,24.0,,,72,,21,Monday,Noche (18-24),False,,False
TKT-01573,2024-10-13 17:03:00,2024-10-15 04:51:00,email,Account Access,2FA issue,High,Escalated,Positive,DataDash,Enterprise,Europe,English,Agent_001 (Priya S),My account appears to be locked. I haven't violated any terms.,Self-service guided,35.8,,16.2,False,True,11,837,2024-10-14 09:15:00,16.2,19.599999999999998,35.8,24,0.0,17,Sunday,Tarde (12-18),False,11.799999999999997,False
TKT-01574,2024-04-16 13:31:00,2024-04-18 03:31:00,phone,Refund / Return,Return request,Low,Closed,Positive,TaskBoard,Free,Latin America,French,Agent_002 (James T),What's the status of refund request #REF-5386? It's been 4 days.,Issue fixed by agent,38.0,4.7,3.2,False,False,9,431,2024-04-16 16:43:00,3.2,34.8,38.0,72,1.0,13,Tuesday,Tarde (12-18),False,0.0,False
TKT-01575,2025-05-27 15:51:00,2025-06-01 00:51:00,chat,Account Access,Account locked,Low,Resolved,Negative,DataDash,Free,Latin America,Spanish,Agent_007 (Elena V),My account appears to be locked. I haven't violated any terms.,Self-service guided,105.0,2.9,19.9,True,False,5,787,2025-05-28 11:45:00,19.9,85.1,105.0,72,0.0,15,Tuesday,Tarde (12-18),False,33.0,False
TKT-01576,2024-02-19 10:54:00,,whatsapp,Billing,Incorrect amount,Low,In Progress,Negative,DataDash,Enterprise,Southeast Asia,English,Agent_001 (Priya S),I noticed an incorrect charge of $177.49 on my last bill. Can you look into invoice INV-2336?,No action needed,,,11.2,False,False,9,1139,2024-02-19 22:06:00,11.2,,,72,,10,Monday,Mañana (06-12),False,,False
TKT-01577,2025-03-30 08:22:00,2025-04-03 00:34:00,email,Technical Issue,App crash,Medium,Closed,Very Negative,SecureVault,Enterprise,South Asia,Japanese,Agent_002 (James T),Performance has been extremely slow on my end. Pages take 20+ seconds to load.,Refund processed,88.2,1.6,20.6,False,False,5,480,2025-03-31 04:58:00,20.6,67.6,88.2,48,0.0,8,Sunday,Mañana (06-12),False,40.2,False
TKT-01578,2024-01-17 07:59:00,2024-01-17 18:53:00,chat,Billing,Invoice request,High,Resolved,Neutral,InvoiceFlow,Free,South Asia,English,Agent_003 (Lena K),Could you send me a detailed invoice for the period Jul–Sep 2024? I need it for tax purposes.,Policy exception granted,10.9,3.2,1.1,True,False,7,800,2024-01-17 09:05:00,1.1,9.8,10.9,24,1.0,7,Wednesday,Mañana (06-12),False,0.0,False
TKT-01579,2024-05-18 07:59:00,,helpdesk_portal,Billing,Subscription upgrade,Low,Open,Negative,InvoiceFlow,Professional,Europe,English,Agent_007 (Elena V),Could you send me a detailed invoice for the period Jan–Mar 2024? I need it for tax purposes.,Escalated to engineering,,,21.5,True,False,6,901,2024-05-19 05:29:00,21.5,,,72,,7,Saturday,Mañana (06-12),False,,False
TKT-01580,2024-03-17 20:00:00,2024-03-18 10:24:00,helpdesk_portal,Billing,Payment failure,Critical,Resolved,Negative,CloudSync Pro,Professional,North America,French,Agent_004 (Omar F),My payment of $492.00 failed but the amount was still deducted from my account.,Issue fixed by agent,14.4,2.2,10.6,False,False,9,744,2024-03-18 06:36:00,10.6,3.8000000000000007,14.4,8,0.0,20,Sunday,Noche (18-24),False,6.4,False
TKT-01581,2025-01-09 21:05:00,2025-01-13 02:35:00,email,Delivery / Shipping,Wrong item,Medium,Resolved,Very Negative,CloudSync Pro,Professional,Southeast Asia,Spanish,Agent_005 (Sophie M),The tracking for order #69972 hasn't updated in 8 days.,No action needed,77.5,1.5,19.0,False,False,2,244,2025-01-10 16:05:00,19.0,58.5,77.5,48,0.0,21,Thursday,Noche (18-24),False,29.5,False
TKT-01582,2024-07-09 20:11:00,2024-07-10 03:29:00,web_form,Billing,Payment failure,Critical,Resolved,Positive,InvoiceFlow,Professional,Southeast Asia,English,Agent_004 (Omar F),I noticed an incorrect charge of $181.49 on my last bill. Can you look into invoice INV-2280?,Self-service guided,,4.8,,False,False,11,1371,,,,,8,,20,Tuesday,Noche (18-24),False,,True
TKT-01583,2025-01-17 13:08:00,2025-01-20 18:38:00,email,Delivery / Shipping,Late delivery,Medium,Closed,Very Negative,TaskBoard,Enterprise,North America,Hindi,Agent_006 (Raj P),"My order #74223 was supposed to arrive on Sep 03, 2024 but it's still not here.",Refund processed,77.5,1.6,20.0,False,False,11,1162,2025-01-18 09:08:00,20.0,57.5,77.5,48,0.0,13,Friday,Tarde (12-18),False,29.5,False
TKT-01584,2024-02-17 17:39:00,,helpdesk_portal,Feature Request,New integration,Low,Open,Very Negative,DataDash,Free,Europe,English,Agent_005 (Sophie M),"Can you add an option to export reports in Excel format, not just CSV?",Escalated to engineering,,,18.5,False,False,5,1087,2024-02-18 12:09:00,18.5,,,72,,17,Saturday,Tarde (12-18),False,,False
TKT-01585,2025-04-11 21:20:00,2025-04-14 12:02:00,chat,Delivery / Shipping,Tracking issue,Low,Resolved,Neutral,SecureVault,Professional,North America,English,Unassigned,The item I received is damaged. I need a replacement or refund for order #80761.,Pending customer,62.7,3.7,,False,False,12,284,,,,62.7,72,1.0,21,Friday,Noche (18-24),False,0.0,False
TKT-01586,2025-03-16 12:16:00,2025-03-17 05:40:00,helpdesk_portal,Technical Issue,Data sync issue,High,Closed,Very Negative,DataDash,Professional,Europe,English,Agent_009 (Yuki T),The app keeps crashing when I try to upload a file. I'm on Android 14.,Issue fixed by agent,,1.1,,False,False,2,612,,,,,24,,12,Sunday,Tarde (12-18),False,,True
TKT-01587,2024-03-17 16:01:00,2024-03-20 22:13:00,email,Refund / Return,Partial refund,Low,Closed,Neutral,TaskBoard,Enterprise,Southeast Asia,Japanese,Agent_007 (Elena V),I want to return an item from order #39784 — it doesn't meet my needs.,Refund processed,78.2,3.5,13.7,False,False,6,608,2024-03-18 05:43:00,13.7,64.5,78.2,72,0.0,16,Sunday,Tarde (12-18),False,6.200000000000003,False
TKT-01588,2024-10-30 19:35:00,2024-11-01 19:41:00,web_form,Technical Issue,Feature not working,Medium,Closed,Neutral,SecureVault,Free,North America,Japanese,Agent_008 (Daniel N),My data isn't syncing across devices. Last successful sync was 13 days ago.,Refund processed,48.1,3.4,10.1,False,False,10,1177,2024-10-31 05:41:00,10.1,38.0,48.1,48,0.0,19,Wednesday,Noche (18-24),False,0.10000000000000142,False
TKT-01589,2024-02-04 11:33:00,2024-02-06 03:15:00,chat,Technical Issue,Feature not working,Low,Resolved,Positive,DataDash,Free,Southeast Asia,English,Agent_001 (Priya S),Performance has been extremely slow on my end. Pages take 20+ seconds to load.,,39.7,4.9,9.0,False,False,3,1018,2024-02-04 20:33:00,9.0,30.700000000000003,39.7,72,1.0,11,Sunday,Mañana (06-12),False,0.0,False
TKT-01590,2024-01-23 17:12:00,2024-01-27 23:24:00,whatsapp,Technical Issue,App crash,Low,Closed,Very Negative,CloudSync Pro,Starter,North America,Spanish,Agent_005 (Sophie M),I'm unable to export a report since the latest update. Getting error code ERR-787.,Refund processed,102.2,1.2,11.2,False,False,6,862,2024-01-24 04:24:00,11.2,91.0,102.2,72,0.0,17,Tuesday,Tarde (12-18),False,30.200000000000003,False
TKT-01591,2025-03-04 08:56:00,2025-03-06 13:56:00,email,Account Access,2FA issue,Medium,Resolved,Neutral,TaskBoard,Enterprise,Europe,Japanese,Agent_003 (Lena K),I need to update the email address associated with my account.,Issue fixed by agent,53.0,3.3,10.8,False,False,7,1103,2025-03-04 19:44:00,10.8,42.2,53.0,48,0.0,8,Tuesday,Mañana (06-12),False,5.0,False
TKT-01592,2024-03-29 21:30:00,2024-03-30 22:30:00,web_form,Feature Request,Export options,High,Resolved,Negative,DataDash,Free,Europe,English,Agent_009 (Yuki T),A dark mode option would be greatly appreciated for late-night work sessions.,Self-service guided,25.0,3.0,23.9,False,False,9,1100,2024-03-30 21:24:00,23.9,1.1000000000000014,25.0,24,0.0,21,Friday,Noche (18-24),False,1.0,False
TKT-01593,2025-06-18 19:28:00,2025-06-20 00:52:00,twitter_dm,Account Access,2FA issue,High,Closed,Very Negative,DataDash,Enterprise,Middle East,Arabic,Agent_006 (Raj P),My account appears to be locked. I haven't violated any terms.,Refund processed,29.4,1.8,8.0,False,False,7,652,2025-06-19 03:28:00,8.0,21.4,29.4,24,0.0,19,Wednesday,Noche (18-24),False,5.399999999999999,False
TKT-01594,2024-02-18 20:42:00,,whatsapp,Delivery / Shipping,Missing package,Medium,Open,Positive,SecureVault,Starter,South Asia,French,Agent_005 (Sophie M),The tracking for order #41054 hasn't updated in 2 days.,Pending customer,,,1.0,False,False,12,686,2024-02-18 21:42:00,1.0,,,48,,20,Sunday,Noche (18-24),False,,False
TKT-01595,2025-01-04 22:35:00,2025-01-05 21:05:00,phone,Technical Issue,Login error,High,Resolved,Neutral,TaskBoard,Starter,North America,English,Agent_007 (Elena V),Performance has been extremely slow on my end. Pages take 20+ seconds to load.,Policy exception granted,22.5,3.1,2.1,False,False,9,106,2025-01-05 00:41:00,2.1,20.4,22.5,24,1.0,22,Saturday,Noche (18-24),False,0.0,False
TKT-01596,2024-06-02 12:14:00,2024-06-04 00:32:00,chat,Billing,Duplicate charge,High,Resolved,Negative,InvoiceFlow,Starter,Middle East,English,Agent_003 (Lena K),I noticed an incorrect charge of $70.99 on my last bill. Can you look into invoice INV-4949?,Escalated to engineering,36.3,2.5,9.4,False,False,8,423,2024-06-02 21:38:00,9.4,26.9,36.3,24,0.0,12,Sunday,Tarde (12-18),False,12.299999999999997,False
TKT-01597,2024-09-22 16:25:00,2024-09-23 05:37:00,email,Billing,Subscription upgrade,Critical,Resolved,Negative,CloudSync Pro,Free,Europe,French,Agent_005 (Sophie M),My payment of $183.99 failed but the amount was still deducted from my account.,Refund processed,,2.1,,False,False,12,680,,,,,8,,16,Sunday,Tarde (12-18),False,,True
TKT-01598,2025-06-26 15:50:00,2025-06-27 19:56:00,chat,Account Access,Password reset,Medium,Resolved,Negative,CloudSync Pro,Professional,North America,Japanese,Agent_003 (Lena K),My account appears to be locked. I haven't violated any terms.,Issue fixed by agent,28.1,2.6,12.2,True,False,7,1044,2025-06-27 04:02:00,12.2,15.900000000000002,28.1,48,1.0,15,Thursday,Tarde (12-18),False,0.0,False
TKT-01599,2025-05-02 18:04:00,2025-05-05 08:16:00,email,Technical Issue,App crash,Medium,Resolved,Very Negative,InvoiceFlow,Starter,North America,German,Agent_008 (Daniel N),I'm unable to export a report since the latest update. Getting error code ERR-878.,Self-service guided,62.2,1.5,6.2,False,False,7,558,2025-05-03 00:16:00,6.2,56.0,62.2,48,0.0,18,Friday,Noche (18-24),False,14.200000000000003,False
TKT-01600,2025-04-02 20:56:00,2025-04-07 06:14:00,whatsapp,Complaint,Long wait time,Low,Closed,Very Negative,SecureVault,Enterprise,North America,French,Agent_004 (Omar F),The agent I spoke to was dismissive and unhelpful. I'd like to escalate.,Issue fixed by agent,105.3,1.2,21.9,False,False,2,306,2025-04-03 18:50:00,21.9,83.4,105.3,72,0.0,20,Wednesday,Noche (18-24),False,33.3,False
TKT-01601,2024-12-03 21:01:00,2024-12-04 08:01:00,email,Technical Issue,Feature not working,Critical,Resolved,Very Negative,DataDash,Free,Southeast Asia,English,Agent_001 (Priya S),The app keeps crashing when I try to invite a team member. I'm on Windows 11.,Issue fixed by agent,11.0,1.2,2.7,False,False,12,851,2024-12-03 23:43:00,2.7,8.3,11.0,8,0.0,21,Tuesday,Noche (18-24),False,3.0,False
TKT-01602,2024-10-13 20:33:00,2024-10-14 13:45:00,chat,Refund / Return,Policy inquiry,High,Resolved,Neutral,CloudSync Pro,Enterprise,North America,German,Agent_004 (Omar F),I was overcharged and would like a partial refund for the difference.,Issue fixed by agent,17.2,3.7,11.4,True,False,3,1006,2024-10-14 07:57:00,11.4,5.799999999999999,17.2,24,1.0,20,Sunday,Noche (18-24),False,0.0,False
TKT-01603,2024-02-01 22:15:00,,chat,Feature Request,API access,Medium,In Progress,Negative,TaskBoard,Professional,North America,English,Agent_008 (Daniel N),Is there any plan to expose an API for the reporting module?,Policy exception granted,,,15.9,False,False,4,1356,2024-02-02 14:09:00,15.9,,,48,,22,Thursday,Noche (18-24),False,,False
TKT-01604,2024-01-06 08:00:00,,email,Complaint,Long wait time,Low,In Progress,Negative,DataDash,Free,North America,English,Agent_009 (Yuki T),I've contacted support 5 times about the same issue and it's still unresolved.,Refund processed,,,23.7,True,False,10,1083,2024-01-07 07:42:00,23.7,,,72,,8,Saturday,Mañana (06-12),False,,False
TKT-01605,2024-12-26 10:49:00,2024-12-27 13:37:00,chat,Billing,Invoice request,Medium,Resolved,Positive,TaskBoard,Free,North America,Hindi,Agent_003 (Lena K),I noticed an incorrect charge of $295.00 on my last bill. Can you look into invoice INV-7860?,Self-service guided,26.8,4.2,22.8,False,False,7,41,2024-12-27 09:37:00,22.8,4.0,26.8,48,1.0,10,Thursday,Mañana (06-12),False,0.0,False
TKT-01606,2024-03-03 18:09:00,2024-03-04 07:15:00,twitter_dm,Technical Issue,Performance slow,Critical,Resolved,Positive,SecureVault,Starter,Europe,English,Agent_007 (Elena V),The app keeps crashing when I try to invite a team member. I'm on macOS Sonoma.,No action needed,,4.6,,False,False,12,1035,,,,,8,,18,Sunday,Noche (18-24),False,,True
TKT-01607,2024-04-09 07:48:00,2024-04-13 16:12:00,twitter_dm,Technical Issue,Data sync issue,Low,Closed,Very Negative,TaskBoard,Professional,North America,English,Agent_004 (Omar F),I'm unable to export a report since the latest update. Getting error code ERR-537.,Issue fixed by agent,104.4,1.3,2.9,False,False,8,1012,2024-04-09 10:42:00,2.9,101.5,104.4,72,0.0,7,Tuesday,Mañana (06-12),False,32.400000000000006,False
TKT-01608,2024-05-05 19:10:00,2024-05-08 11:34:00,email,Technical Issue,Performance slow,Medium,Escalated,Very Negative,DataDash,Professional,North America,Arabic,Agent_006 (Raj P),My data isn't syncing across devices. Last successful sync was 4 days ago.,Pending customer,64.4,,2.2,False,True,12,712,2024-05-05 21:22:00,2.2,62.2,64.4,48,0.0,19,Sunday,Noche (18-24),False,16.400000000000006,False
TKT-01609,2024-08-16 11:12:00,,chat,Feature Request,API access,Medium,Open,Positive,DataDash,Starter,Europe,Japanese,Agent_002 (James T),It would be really helpful if SecureVault supported direct integration with Slack.,Refund processed,,,17.2,False,False,5,224,2024-08-17 04:24:00,17.2,,,48,,11,Friday,Mañana (06-12),False,,False
TKT-01610,2025-04-04 14:14:00,,email,Account Access,Email change,Medium,In Progress,Negative,DataDash,Starter,North America,English,Agent_008 (Daniel N),I can't log in to my account. The password reset email is not arriving.,,,,13.9,True,False,1,1094,2025-04-05 04:08:00,13.9,,,48,,14,Friday,Tarde (12-18),True,,False
TKT-01611,2024-01-23 16:07:00,2024-01-25 22:31:00,whatsapp,Billing,Subscription upgrade,Medium,Resolved,Negative,DataDash,Enterprise,Middle East,German,Agent_007 (Elena V),Could you send me a detailed invoice for the period Oct–Dec 2024? I need it for tax purposes.,Self-service guided,54.4,2.7,23.7,False,False,7,624,2024-01-24 15:49:00,23.7,30.7,54.4,48,0.0,16,Tuesday,Tarde (12-18),False,6.399999999999999,False
TKT-01612,2024-05-17 20:37:00,2024-05-18 21:25:00,email,Billing,Invoice request,Medium,Resolved,Neutral,DataDash,Professional,Latin America,Japanese,Agent_006 (Raj P),"Hi, I was charged $342.49 twice on Nov 23, 2024. My invoice is INV-7466. Please refund the duplicate.",,24.8,3.2,10.0,False,False,10,1175,2024-05-18 06:37:00,10.0,14.8,24.8,48,1.0,20,Friday,Noche (18-24),False,0.0,False
TKT-01613,2025-01-12 19:40:00,2025-01-16 12:40:00,whatsapp,Feature Request,Export options,Medium,Closed,Neutral,CloudSync Pro,Enterprise,North America,French,Agent_007 (Elena V),A dark mode option would be greatly appreciated for late-night work sessions.,No action needed,89.0,3.7,4.0,False,False,8,1037,2025-01-12 23:40:00,4.0,85.0,89.0,48,0.0,19,Sunday,Noche (18-24),False,41.0,False
TKT-01614,2024-03-29 22:28:00,2024-04-04 10:16:00,whatsapp,Delivery / Shipping,Late delivery,Low,Closed,Negative,InvoiceFlow,Enterprise,North America,Japanese,Agent_001 (Priya S),"My order #51857 was supposed to arrive on Feb 14, 2024 but it's still not here.",Escalated to engineering,131.8,2.1,15.1,True,False,5,1309,2024-03-30 13:34:00,15.1,116.70000000000002,131.8,72,0.0,22,Friday,Noche (18-24),False,59.80000000000001,False
TKT-01615,2024-01-19 15:58:00,2024-01-21 05:10:00,helpdesk_portal,Account Access,Password reset,Low,Closed,Positive,SecureVault,Starter,North America,French,Agent_002 (James T),My account appears to be locked. I haven't violated any terms.,Issue fixed by agent,37.2,4.6,17.1,False,False,6,773,2024-01-20 09:04:00,17.1,20.1,37.2,72,1.0,15,Friday,Tarde (12-18),False,0.0,False
TKT-01616,2025-02-10 17:39:00,2025-02-12 01:57:00,phone,Billing,Payment failure,High,Closed,Negative,DataDash,Free,South Asia,French,Agent_007 (Elena V),Could you send me a detailed invoice for the period Oct–Dec 2024? I need it for tax purposes.,Issue fixed by agent,32.3,2.9,21.3,False,False,7,712,2025-02-11 14:57:00,21.3,10.999999999999996,32.3,24,0.0,17,Monday,Tarde (12-18),False,8.299999999999997,False
TKT-01617,2024-06-10 21:55:00,2024-06-13 00:31:00,chat,Account Access,Password reset,Medium,Closed,Negative,InvoiceFlow,Free,South Asia,English,Agent_006 (Raj P),I need to update the email address associated with my account.,Issue fixed by agent,50.6,2.5,11.6,False,False,11,1039,2024-06-11 09:31:00,11.6,39.0,50.6,48,0.0,21,Monday,Noche (18-24),False,2.6000000000000014,False
TKT-01618,2024-09-01 15:29:00,2024-09-03 00:11:00,email,Billing,Duplicate charge,High,Closed,Neutral,DataDash,Professional,North America,English,Agent_008 (Daniel N),I noticed an incorrect charge of $227.49 on my last bill. Can you look into invoice INV-7624?,Issue fixed by agent,32.7,3.7,18.2,False,False,8,431,2024-09-02 09:41:00,18.2,14.500000000000004,32.7,24,0.0,15,Sunday,Tarde (12-18),False,8.700000000000003,False
TKT-01619,2024-06-09 18:21:00,2024-06-15 22:15:00,helpdesk_portal,Billing,Invoice request,Low,Resolved,Positive,TaskBoard,Professional,Southeast Asia,English,Agent_009 (Yuki T),Could you send me a detailed invoice for the period Apr–Jun 2024? I need it for tax purposes.,,147.9,4.1,16.5,False,False,6,578,2024-06-10 10:51:00,16.5,131.4,147.9,72,0.0,18,Sunday,Noche (18-24),False,75.9,False
TKT-01620,2025-05-14 10:07:00,2025-05-17 06:43:00,whatsapp,Technical Issue,Login error,Medium,Resolved,Negative,DataDash,Starter,Africa,Japanese,Agent_003 (Lena K),Performance has been extremely slow on my end. Pages take 20+ seconds to load.,No action needed,68.6,2.9,15.2,False,False,7,933,2025-05-15 01:19:00,15.2,53.39999999999999,68.6,48,0.0,10,Wednesday,Mañana (06-12),False,20.599999999999994,False
TKT-01621,2025-03-10 21:03:00,,email,Billing,Duplicate charge,Low,In Progress,Negative,InvoiceFlow,Enterprise,North America,Spanish,Agent_004 (Omar F),"Hi, I was charged $266.49 twice on May 01, 2024. My invoice is INV-8614. Please refund the duplicate.",Pending customer,,,11.5,True,False,9,1246,2025-03-11 08:33:00,11.5,,,72,,21,Monday,Noche (18-24),False,,False
TKT-01622,2024-04-21 09:30:00,,chat,Account Access,Account locked,Medium,In Progress,Positive,CloudSync Pro,Professional,Latin America,English,Agent_002 (James T),I'm having trouble with 2FA — the codes aren't working on my new phone.,Self-service guided,,,22.4,False,False,10,154,2024-04-22 07:54:00,22.4,,,48,,9,Sunday,Mañana (06-12),False,,False
TKT-01623,2024-11-11 19:21:00,2024-11-11 22:33:00,web_form,Technical Issue,Feature not working,Critical,Resolved,Neutral,DataDash,Starter,Europe,English,Agent_002 (James T),Performance has been extremely slow on my end. Pages take 20+ seconds to load.,Self-service guided,,3.5,,False,False,10,875,,,,,8,,19,Monday,Noche (18-24),False,,True
TKT-01624,2024-10-09 20:17:00,2024-10-12 21:47:00,email,Refund / Return,Full refund,Medium,Resolved,Negative,InvoiceFlow,Starter,Middle East,Spanish,Agent_002 (James T),I want to return an item from order #46344 — it doesn't meet my needs.,Policy exception granted,73.5,2.9,14.4,False,False,5,1305,2024-10-10 10:41:00,14.4,59.1,73.5,48,0.0,20,Wednesday,Noche (18-24),False,25.5,False
TKT-01625,2024-10-13 14:33:00,,whatsapp,Delivery / Shipping,Damaged item,Medium,In Progress,Very Negative,SecureVault,Free,North America,Hindi,Agent_008 (Daniel N),The tracking for order #41343 hasn't updated in 3 days.,Self-service guided,,,19.7,False,False,3,651,2024-10-14 10:15:00,19.7,,,48,,14,Sunday,Tarde (12-18),False,,False
TKT-01626,2024-04-20 11:32:00,2024-04-26 14:20:00,web_form,Feature Request,Export options,Low,Resolved,Very Negative,DataDash,Free,Southeast Asia,Arabic,Agent_002 (James T),It would be really helpful if InvoiceFlow supported direct integration with Slack.,Issue fixed by agent,146.8,1.5,2.2,False,False,2,1397,2024-04-20 13:44:00,2.2,144.60000000000002,146.8,72,0.0,11,Saturday,Mañana (06-12),False,74.80000000000001,False
TKT-01627,2024-05-05 14:46:00,2024-05-06 23:52:00,helpdesk_portal,Delivery / Shipping,Wrong item,Medium,Closed,Negative,CloudSync Pro,Enterprise,North America,English,Agent_009 (Yuki T),"My order #93057 was supposed to arrive on Sep 10, 2024 but it's still not here.",Escalated to engineering,33.1,2.7,23.9,False,False,10,520,2024-05-06 14:40:00,23.9,9.200000000000003,33.1,48,1.0,14,Sunday,Tarde (12-18),False,0.0,False
TKT-01628,2024-10-19 19:35:00,,whatsapp,Billing,Incorrect amount,High,Open,Negative,TaskBoard,Professional,South Asia,English,Agent_005 (Sophie M),"Hi, I was charged $209.00 twice on Jan 19, 2025. My invoice is INV-3132. Please refund the duplicate.",Issue fixed by agent,,,5.3,False,False,3,517,2024-10-20 00:53:00,5.3,,,24,,19,Saturday,Noche (18-24),False,,False
TKT-01629,2025-06-17 22:52:00,2025-06-20 07:52:00,email,Billing,Invoice request,Medium,Closed,Negative,TaskBoard,Professional,Europe,English,Agent_003 (Lena K),My payment of $317.00 failed but the amount was still deducted from my account.,,57.0,2.0,11.1,False,False,12,69,2025-06-18 09:58:00,11.1,45.9,57.0,48,0.0,22,Tuesday,Noche (18-24),False,9.0,False
TKT-01630,2025-01-18 10:36:00,,helpdesk_portal,Technical Issue,Data sync issue,Medium,In Progress,Very Negative,InvoiceFlow,Starter,South Asia,French,Agent_007 (Elena V),Performance has been extremely slow on my end. Pages take 20+ seconds to load.,Issue fixed by agent,,,21.9,False,False,6,2,2025-01-19 08:30:00,21.9,,,48,,10,Saturday,Mañana (06-12),False,,False
TKT-01631,2024-06-17 16:33:00,,email,Billing,Payment failure,Medium,Open,Neutral,CloudSync Pro,Starter,Middle East,Hindi,Agent_003 (Lena K),I noticed an incorrect charge of $224.00 on my last bill. Can you look into invoice INV-3816?,Policy exception granted,,,0.6,False,False,9,9,2024-06-17 17:09:00,0.6,,,48,,16,Monday,Tarde (12-18),False,,False
TKT-01632,2024-05-27 13:40:00,2024-05-29 08:34:00,email,Feature Request,UI improvement,Medium,Escalated,Neutral,InvoiceFlow,Free,North America,French,Agent_008 (Daniel N),Is there any plan to expose an API for the reporting module?,Issue fixed by agent,42.9,,0.5,False,True,3,347,2024-05-27 14:10:00,0.5,42.4,42.9,48,1.0,13,Monday,Tarde (12-18),False,0.0,False
TKT-01633,2024-09-13 13:10:00,2024-09-15 14:10:00,helpdesk_portal,Account Access,Password reset,Medium,Closed,Very Negative,TaskBoard,Professional,South Asia,Arabic,Agent_003 (Lena K),My account appears to be locked. I haven't violated any terms.,No action needed,49.0,1.5,18.9,True,False,7,1111,2024-09-14 08:04:00,18.9,30.1,49.0,48,0.0,13,Friday,Tarde (12-18),False,1.0,False
TKT-01634,2025-01-01 09:49:00,2025-01-04 00:43:00,whatsapp,Technical Issue,Data sync issue,Low,Resolved,Positive,SecureVault,Starter,Southeast Asia,Japanese,Agent_001 (Priya S),My data isn't syncing across devices. Last successful sync was 3 days ago.,Self-service guided,62.9,4.4,20.0,False,False,8,509,2025-01-02 05:49:00,20.0,42.9,62.9,72,1.0,9,Wednesday,Mañana (06-12),False,0.0,False
TKT-01635,2024-10-02 14:44:00,2024-10-03 18:26:00,whatsapp,Account Access,Account deletion,Medium,Closed,Negative,TaskBoard,Free,Southeast Asia,English,Agent_003 (Lena K),I need to update the email address associated with my account.,Escalated to engineering,27.7,2.1,14.0,False,False,11,1018,2024-10-03 04:44:00,14.0,13.7,27.7,48,1.0,14,Wednesday,Tarde (12-18),False,0.0,False
TKT-01636,2024-12-23 11:07:00,2024-12-26 02:07:00,email,Billing,Invoice request,Medium,Closed,Positive,TaskBoard,Enterprise,Southeast Asia,English,Agent_004 (Omar F),I noticed an incorrect charge of $108.49 on my last bill. Can you look into invoice INV-6544?,Issue fixed by agent,63.0,5.0,15.6,False,False,9,955,2024-12-24 02:43:00,15.6,47.4,63.0,48,0.0,11,Monday,Mañana (06-12),False,15.0,False
TKT-01637,2024-09-19 10:39:00,,web_form,Billing,Incorrect amount,Low,In Progress,Neutral,SecureVault,Enterprise,North America,German,Agent_006 (Raj P),Could you send me a detailed invoice for the period Oct–Dec 2024? I need it for tax purposes.,Self-service guided,,,6.8,False,False,8,541,2024-09-19 17:27:00,6.8,,,72,,10,Thursday,Mañana (06-12),False,,False
TKT-01638,2024-10-04 14:10:00,,email,Billing,Invoice request,High,Open,Positive,InvoiceFlow,Enterprise,Africa,English,Agent_005 (Sophie M),My payment of $400.49 failed but the amount was still deducted from my account.,Issue fixed by agent,,,6.9,False,False,10,1143,2024-10-04 21:04:00,6.9,,,24,,14,Friday,Tarde (12-18),False,,False
TKT-01639,2024-02-20 08:38:00,,whatsapp,General Inquiry,Pricing info,Low,In Progress,Negative,DataDash,Professional,Southeast Asia,English,Unassigned,Could you explain the difference between the Professional and Enterprise plans?,Refund processed,,,,False,False,5,36,,,,,72,,8,Tuesday,Mañana (06-12),False,,False
TKT-01640,2024-04-28 08:24:00,,whatsapp,Delivery / Shipping,Tracking issue,High,Open,Neutral,DataDash,Enterprise,Europe,French,Agent_004 (Omar F),"My order #31262 was supposed to arrive on Apr 17, 2024 but it's still not here.",Issue fixed by agent,,,7.9,False,False,5,1187,2024-04-28 16:18:00,7.9,,,24,,8,Sunday,Mañana (06-12),False,,False
TKT-01641,2024-09-08 15:58:00,,web_form,Technical Issue,Feature not working,Medium,In Progress,Negative,CloudSync Pro,Enterprise,South Asia,English,Agent_007 (Elena V),The app keeps crashing when I try to upload a file. I'm on macOS Sonoma.,Issue fixed by agent,,,1.5,False,False,1,1287,2024-09-08 17:28:00,1.5,,,48,,15,Sunday,Tarde (12-18),True,,False
TKT-01642,2024-03-27 10:10:00,2024-04-02 08:22:00,web_form,Refund / Return,Refund status,Low,Resolved,Negative,DataDash,Starter,Europe,English,Agent_009 (Yuki T),What's the status of refund request #REF-8122? It's been 4 days.,Refund processed,142.2,2.1,20.9,False,False,6,1246,2024-03-28 07:04:00,20.9,121.29999999999998,142.2,72,0.0,10,Wednesday,Mañana (06-12),False,70.19999999999999,False
TKT-01643,2024-03-30 19:04:00,,helpdesk_portal,Account Access,2FA issue,Medium,In Progress,Negative,CloudSync Pro,Professional,Middle East,English,Agent_006 (Raj P),I can't log in to my account. The password reset email is not arriving.,No action needed,,,3.6,False,False,6,505,2024-03-30 22:40:00,3.6,,,48,,19,Saturday,Noche (18-24),False,,False
TKT-01644,2025-02-03 19:31:00,2025-02-04 14:55:00,phone,Account Access,Account locked,High,Closed,Negative,TaskBoard,Professional,North America,Arabic,Agent_001 (Priya S),I'm having trouble with 2FA — the codes aren't working on my new phone.,Pending customer,19.4,2.8,1.7,False,False,5,756,2025-02-03 21:13:00,1.7,17.7,19.4,24,1.0,19,Monday,Noche (18-24),False,0.0,False
TKT-01645,2024-05-29 21:07:00,,chat,Delivery / Shipping,Tracking issue,High,In Progress,Negative,CloudSync Pro,Professional,North America,English,Agent_009 (Yuki T),The tracking for order #64612 hasn't updated in 9 days.,Refund processed,,,12.2,False,False,4,261,2024-05-30 09:19:00,12.2,,,24,,21,Wednesday,Noche (18-24),False,,False
TKT-01646,2024-05-11 13:12:00,2024-05-14 05:42:00,helpdesk_portal,Refund / Return,Partial refund,Medium,Resolved,Neutral,CloudSync Pro,Starter,North America,English,Agent_007 (Elena V),I'd like to request a full refund for my recent purchase. Order #69397.,,64.5,3.2,2.8,True,False,7,605,2024-05-11 16:00:00,2.8,61.7,64.5,48,0.0,13,Saturday,Tarde (12-18),False,16.5,False
TKT-01647,2024-08-30 14:24:00,,chat,Delivery / Shipping,Damaged item,Low,In Progress,Very Negative,TaskBoard,Enterprise,Southeast Asia,French,Agent_008 (Daniel N),I received the wrong item in my package. Order #35441.,Issue fixed by agent,,,5.1,False,False,2,889,2024-08-30 19:30:00,5.1,,,72,,14,Friday,Tarde (12-18),False,,False
TKT-01648,2024-12-10 22:16:00,,email,Delivery / Shipping,Late delivery,Medium,Open,Very Negative,CloudSync Pro,Enterprise,South Asia,German,Agent_009 (Yuki T),I received the wrong item in my package. Order #85372.,No action needed,,,6.5,False,False,6,1290,2024-12-11 04:46:00,6.5,,,48,,22,Tuesday,Noche (18-24),False,,False
TKT-01649,2024-05-19 08:14:00,2024-05-21 00:14:00,email,Technical Issue,Performance slow,Medium,Resolved,Negative,InvoiceFlow,Free,Southeast Asia,English,Agent_001 (Priya S),My data isn't syncing across devices. Last successful sync was 14 days ago.,Refund processed,40.0,2.9,4.5,False,False,3,474,2024-05-19 12:44:00,4.5,35.5,40.0,48,1.0,8,Sunday,Mañana (06-12),False,0.0,False
TKT-01650,2025-04-07 12:58:00,2025-04-08 11:40:00,web_form,Complaint,Long wait time,Medium,Resolved,Negative,CloudSync Pro,Professional,North America,Arabic,Agent_007 (Elena V),The agent I spoke to was dismissive and unhelpful. I'd like to escalate.,Policy exception granted,,2.0,,False,False,2,192,,,,,48,,12,Monday,Tarde (12-18),False,,True
TKT-01651,2024-02-19 17:11:00,2024-02-20 21:53:00,email,Account Access,Password reset,High,Escalated,Negative,CloudSync Pro,Professional,North America,Japanese,Agent_007 (Elena V),I'm having trouble with 2FA — the codes aren't working on my new phone.,Self-service guided,28.7,,16.5,False,True,8,1446,2024-02-20 09:41:00,16.5,12.2,28.7,24,0.0,17,Monday,Tarde (12-18),False,4.699999999999999,False
TKT-01652,2024-01-23 22:49:00,,email,Delivery / Shipping,Tracking issue,Low,In Progress,Negative,InvoiceFlow,Professional,North America,English,Agent_005 (Sophie M),The tracking for order #82630 hasn't updated in 7 days.,Pending customer,,,10.2,False,False,3,1344,2024-01-24 09:01:00,10.2,,,72,,22,Tuesday,Noche (18-24),False,,False
TKT-01653,2025-04-21 10:35:00,2025-04-22 15:59:00,email,Delivery / Shipping,Wrong item,Medium,Resolved,Neutral,InvoiceFlow,Enterprise,Southeast Asia,English,Agent_001 (Priya S),I received the wrong item in my package. Order #49815.,Refund processed,29.4,3.8,9.5,False,False,12,636,2025-04-21 20:05:00,9.5,19.9,29.4,48,1.0,10,Monday,Mañana (06-12),False,0.0,False
TKT-01654,2024-03-06 14:12:00,,whatsapp,Technical Issue,Data sync issue,Medium,In Progress,Negative,InvoiceFlow,Professional,Europe,English,Agent_004 (Omar F),The app keeps crashing when I try to invite a team member. I'm on macOS Sonoma.,Issue fixed by agent,,,6.4,False,False,11,302,2024-03-06 20:36:00,6.4,,,48,,14,Wednesday,Tarde (12-18),False,,False
TKT-01655,2024-03-02 21:35:00,2024-03-03 06:23:00,chat,General Inquiry,Partnership,High,Closed,Very Negative,DataDash,Free,Middle East,English,Agent_006 (Raj P),Does SecureVault integrate with Salesforce?,Escalated to engineering,,1.5,,False,False,9,432,,,,,24,,21,Saturday,Noche (18-24),False,,True
TKT-01656,2024-04-06 09:16:00,,chat,General Inquiry,Documentation,High,In Progress,Positive,DataDash,Enterprise,South Asia,English,Agent_004 (Omar F),Does DataDash integrate with Salesforce?,Issue fixed by agent,,,7.5,False,False,2,625,2024-04-06 16:46:00,7.5,,,24,,9,Saturday,Mañana (06-12),False,,False
TKT-01657,2024-09-22 19:47:00,2024-09-24 05:05:00,whatsapp,Technical Issue,Data sync issue,Medium,Escalated,Very Negative,CloudSync Pro,Starter,Middle East,English,Agent_006 (Raj P),Performance has been extremely slow on my end. Pages take 20+ seconds to load.,Issue fixed by agent,33.3,,13.5,False,True,3,110,2024-09-23 09:17:00,13.5,19.799999999999997,33.3,48,1.0,19,Sunday,Noche (18-24),False,0.0,False
TKT-01658,2024-02-10 12:45:00,2024-02-12 03:15:00,whatsapp,Complaint,Unresolved issue,High,Resolved,Neutral,InvoiceFlow,Free,Southeast Asia,English,Agent_009 (Yuki T),I've been waiting 10 days for a response. This is unacceptable.,Issue fixed by agent,38.5,3.7,10.8,True,False,1,1365,2024-02-10 23:33:00,10.8,27.7,38.5,24,0.0,12,Saturday,Tarde (12-18),True,14.5,False
TKT-01659,2024-01-19 10:09:00,2024-01-19 14:15:00,chat,Billing,Payment failure,Critical,Resolved,Negative,DataDash,Professional,Middle East,English,Agent_008 (Daniel N),My payment of $474.00 failed but the amount was still deducted from my account.,Self-service guided,,2.6,,False,False,11,673,,,,,8,,10,Friday,Mañana (06-12),False,,True
TKT-01660,2025-05-20 12:01:00,2025-05-27 08:07:00,whatsapp,General Inquiry,Compatibility,Low,Resolved,Positive,CloudSync Pro,Free,North America,English,Agent_008 (Daniel N),Where can I find documentation on setting up the API?,Policy exception granted,164.1,4.0,23.2,False,False,12,803,2025-05-21 11:13:00,23.2,140.9,164.1,72,0.0,12,Tuesday,Tarde (12-18),False,92.1,False
TKT-01661,2025-02-20 19:32:00,2025-02-25 18:50:00,whatsapp,Billing,Duplicate charge,Low,Resolved,Very Negative,TaskBoard,Enterprise,South Asia,Spanish,Agent_008 (Daniel N),"Hi, I was charged $20.49 twice on Dec 14, 2024. My invoice is INV-3949. Please refund the duplicate.",Escalated to engineering,119.3,1.1,6.2,False,False,2,886,2025-02-21 01:44:00,6.2,113.1,119.3,72,0.0,19,Thursday,Noche (18-24),False,47.3,False
TKT-01662,2024-12-23 08:11:00,2024-12-23 18:59:00,web_form,Refund / Return,Return request,Critical,Resolved,Neutral,DataDash,Enterprise,North America,Arabic,Agent_001 (Priya S),I'd like to request a full refund for my recent purchase. Order #23146.,,,3.7,,False,False,5,1139,,,,,8,,8,Monday,Mañana (06-12),False,,True
TKT-01663,2025-04-19 22:52:00,2025-04-22 10:22:00,email,Delivery / Shipping,Damaged item,Medium,Resolved,Negative,TaskBoard,Free,Europe,English,Agent_007 (Elena V),"My order #92385 was supposed to arrive on Feb 14, 2025 but it's still not here.",No action needed,59.5,2.6,6.8,True,False,12,979,2025-04-20 05:40:00,6.8,52.7,59.5,48,0.0,22,Saturday,Noche (18-24),False,11.5,False
TKT-01664,2024-07-09 16:08:00,2024-07-11 19:44:00,web_form,Refund / Return,Refund status,Medium,Closed,Neutral,InvoiceFlow,Starter,Africa,Hindi,Agent_003 (Lena K),What's the status of refund request #REF-8221? It's been 9 days.,Pending customer,51.6,3.8,5.0,False,False,7,608,2024-07-09 21:08:00,5.0,46.6,51.6,48,0.0,16,Tuesday,Tarde (12-18),False,3.6000000000000014,False
TKT-01665,2025-05-21 10:27:00,,helpdesk_portal,Technical Issue,Data sync issue,Low,Open,Very Negative,SecureVault,Starter,Middle East,Japanese,Agent_002 (James T),My data isn't syncing across devices. Last successful sync was 13 days ago.,Issue fixed by agent,,,3.0,False,False,3,1348,2025-05-21 13:27:00,3.0,,,72,,10,Wednesday,Mañana (06-12),False,,False
TKT-01666,2024-03-24 21:51:00,2024-03-25 04:33:00,email,General Inquiry,Compatibility,Critical,Resolved,Negative,TaskBoard,Professional,South Asia,English,Agent_001 (Priya S),Could you explain the difference between the Professional and Enterprise plans?,Issue fixed by agent,,2.3,,False,False,5,979,,,,,8,,21,Sunday,Noche (18-24),False,,True
TKT-01667,2024-06-16 17:17:00,2024-06-18 00:05:00,chat,Delivery / Shipping,Damaged item,Medium,Resolved,Positive,InvoiceFlow,Professional,Europe,English,Agent_002 (James T),The tracking for order #10196 hasn't updated in 8 days.,Escalated to engineering,30.8,4.6,3.7,False,False,4,1436,2024-06-16 20:59:00,3.7,27.1,30.8,48,1.0,17,Sunday,Tarde (12-18),False,0.0,False
TKT-01668,2024-08-24 21:23:00,2024-08-25 10:53:00,email,Billing,Duplicate charge,Critical,Escalated,Negative,DataDash,Professional,Europe,Japanese,Agent_007 (Elena V),I noticed an incorrect charge of $296.99 on my last bill. Can you look into invoice INV-4295?,Issue fixed by agent,13.5,,12.5,False,True,3,1350,2024-08-25 09:53:00,12.5,1.0,13.5,8,0.0,21,Saturday,Noche (18-24),False,5.5,False
TKT-01669,2024-10-20 21:20:00,2024-10-21 01:20:00,phone,Technical Issue,Login error,Critical,Resolved,Negative,SecureVault,Enterprise,North America,Spanish,Agent_004 (Omar F),My data isn't syncing across devices. Last successful sync was 14 days ago.,Issue fixed by agent,,2.0,,True,False,11,353,,,,,8,,21,Sunday,Noche (18-24),False,,True
TKT-01670,2024-07-04 12:07:00,2024-07-05 15:19:00,chat,Feature Request,Dark mode,Medium,Resolved,Negative,TaskBoard,Starter,North America,English,Agent_001 (Priya S),It would be really helpful if DataDash supported direct integration with Slack.,Issue fixed by agent,27.2,2.3,3.4,True,False,7,119,2024-07-04 15:31:00,3.4,23.8,27.2,48,1.0,12,Thursday,Tarde (12-18),False,0.0,False
TKT-01671,2024-08-07 13:08:00,2024-08-08 19:50:00,email,Account Access,2FA issue,Medium,Resolved,Very Negative,CloudSync Pro,Professional,South Asia,Japanese,Agent_002 (James T),I need to update the email address associated with my account.,Escalated to engineering,30.7,1.6,10.8,False,False,6,1395,2024-08-07 23:56:00,10.8,19.9,30.7,48,1.0,13,Wednesday,Tarde (12-18),False,0.0,False
TKT-01672,2025-05-19 15:49:00,2025-05-22 16:25:00,chat,Refund / Return,Partial refund,Low,Resolved,Neutral,TaskBoard,Free,North America,German,Agent_009 (Yuki T),I want to return an item from order #78768 — it doesn't meet my needs.,,72.6,3.8,20.3,False,False,1,107,2025-05-20 12:07:00,20.3,52.3,72.6,72,0.0,15,Monday,Tarde (12-18),True,0.5999999999999943,False
TKT-01673,2025-06-03 18:37:00,2025-06-08 09:19:00,phone,Technical Issue,Feature not working,Low,Resolved,Negative,CloudSync Pro,Professional,Latin America,German,Agent_004 (Omar F),The app keeps crashing when I try to export a report. I'm on iOS 17.,No action needed,110.7,2.2,17.4,False,False,10,597,2025-06-04 12:01:00,17.4,93.30000000000001,110.7,72,0.0,18,Tuesday,Noche (18-24),False,38.7,False
TKT-01674,2024-05-02 11:47:00,2024-05-08 01:11:00,phone,Delivery / Shipping,Late delivery,Low,Closed,Negative,InvoiceFlow,Professional,Europe,English,Agent_009 (Yuki T),The tracking for order #69578 hasn't updated in 4 days.,Pending customer,133.4,2.1,10.9,False,False,8,310,2024-05-02 22:41:00,10.9,122.5,133.4,72,0.0,11,Thursday,Mañana (06-12),False,61.400000000000006,False
TKT-01675,2025-05-06 14:23:00,2025-05-07 16:29:00,chat,Billing,Invoice request,Medium,Closed,Negative,CloudSync Pro,Starter,North America,French,Agent_004 (Omar F),Could you send me a detailed invoice for the period Jan–Mar 2024? I need it for tax purposes.,Pending customer,26.1,2.2,19.5,False,False,10,278,2025-05-07 09:53:00,19.5,6.600000000000001,26.1,48,1.0,14,Tuesday,Tarde (12-18),False,0.0,False
TKT-01676,2024-11-16 07:51:00,2024-11-17 15:57:00,whatsapp,Billing,Incorrect amount,Medium,Closed,Positive,InvoiceFlow,Free,North America,Spanish,Agent_002 (James T),"Hi, I was charged $402.00 twice on Jun 05, 2025. My invoice is INV-1160. Please refund the duplicate.",Self-service guided,32.1,4.9,13.8,False,False,1,555,2024-11-16 21:39:00,13.8,18.3,32.1,48,1.0,7,Saturday,Mañana (06-12),True,0.0,False
TKT-01677,2024-05-21 12:41:00,2024-05-24 00:41:00,web_form,Account Access,Email change,Medium,Closed,Very Negative,InvoiceFlow,Professional,Southeast Asia,Hindi,Unassigned,I can't log in to my account. The password reset email is not arriving.,Self-service guided,60.0,1.3,,False,False,8,1151,,,,60.0,48,0.0,12,Tuesday,Tarde (12-18),False,12.0,False
TKT-01678,2025-01-23 20:54:00,,whatsapp,Technical Issue,Performance slow,Low,In Progress,Positive,CloudSync Pro,Free,Europe,English,Agent_004 (Omar F),Performance has been extremely slow on my end. Pages take 20+ seconds to load.,Issue fixed by agent,,,8.1,False,False,1,210,2025-01-24 05:00:00,8.1,,,72,,20,Thursday,Noche (18-24),True,,False
TKT-01679,2024-07-03 22:44:00,,email,Complaint,Unresolved issue,High,In Progress,Negative,DataDash,Starter,North America,French,Agent_005 (Sophie M),I've contacted support 5 times about the same issue and it's still unresolved.,,,,9.3,False,False,9,325,2024-07-04 08:02:00,9.3,,,24,,22,Wednesday,Noche (18-24),False,,False
TKT-01680,2024-11-04 19:58:00,2024-11-07 18:34:00,whatsapp,Technical Issue,Feature not working,Medium,Resolved,Negative,CloudSync Pro,Free,Europe,German,Agent_004 (Omar F),Performance has been extremely slow on my end. Pages take 20+ seconds to load.,Self-service guided,70.6,2.7,18.2,False,False,3,1258,2024-11-05 14:10:00,18.2,52.39999999999999,70.6,48,0.0,19,Monday,Noche (18-24),False,22.599999999999994,False
TKT-01681,2024-03-06 09:50:00,2024-03-07 23:44:00,helpdesk_portal,Billing,Duplicate charge,Low,Closed,Negative,DataDash,Starter,North America,English,Agent_009 (Yuki T),Could you send me a detailed invoice for the period Apr–Jun 2024? I need it for tax purposes.,Refund processed,37.9,2.6,11.7,False,False,4,376,2024-03-06 21:32:00,11.7,26.2,37.9,72,1.0,9,Wednesday,Mañana (06-12),False,0.0,False
TKT-01682,2024-12-24 16:49:00,2024-12-27 21:37:00,twitter_dm,Billing,Invoice request,Low,Resolved,Negative,CloudSync Pro,Free,South Asia,English,Agent_003 (Lena K),I noticed an incorrect charge of $232.99 on my last bill. Can you look into invoice INV-3862?,Self-service guided,76.8,2.4,9.5,False,False,10,1184,2024-12-25 02:19:00,9.5,67.3,76.8,72,0.0,16,Tuesday,Tarde (12-18),False,4.799999999999997,False
TKT-01683,2024-05-14 17:46:00,2024-05-19 20:52:00,whatsapp,Delivery / Shipping,Wrong item,Low,Closed,Positive,CloudSync Pro,Professional,Europe,English,Agent_004 (Omar F),"My order #31149 was supposed to arrive on Jun 14, 2025 but it's still not here.",Issue fixed by agent,123.1,4.3,22.0,False,False,9,229,2024-05-15 15:46:00,22.0,101.1,123.1,72,0.0,17,Tuesday,Tarde (12-18),False,51.099999999999994,False
TKT-01684,2024-05-13 16:18:00,2024-05-15 02:48:00,helpdesk_portal,Technical Issue,Login error,Medium,Escalated,Positive,DataDash,Starter,North America,English,Agent_002 (James T),I'm unable to export a report since the latest update. Getting error code ERR-813.,Self-service guided,34.5,,1.2,False,True,9,321,2024-05-13 17:30:00,1.2,33.3,34.5,48,1.0,16,Monday,Tarde (12-18),False,0.0,False
TKT-01685,2024-04-09 22:10:00,2024-04-12 11:10:00,helpdesk_portal,Account Access,2FA issue,Medium,Resolved,Neutral,InvoiceFlow,Starter,South Asia,English,Agent_002 (James T),I can't log in to my account. The password reset email is not arriving.,Issue fixed by agent,61.0,3.7,2.5,False,False,7,1014,2024-04-10 00:40:00,2.5,58.5,61.0,48,0.0,22,Tuesday,Noche (18-24),False,13.0,False
TKT-01686,2024-12-24 14:50:00,2024-12-25 15:14:00,whatsapp,Account Access,Password reset,High,Resolved,Very Negative,TaskBoard,Free,North America,Japanese,Unassigned,I'm having trouble with 2FA — the codes aren't working on my new phone.,No action needed,24.4,1.9,,False,False,12,1246,,,,24.4,24,0.0,14,Tuesday,Tarde (12-18),False,0.3999999999999986,False
TKT-01687,2024-04-30 12:56:00,2024-05-06 15:08:00,email,Feature Request,API access,Low,Closed,Very Negative,DataDash,Professional,Southeast Asia,Arabic,Agent_003 (Lena K),"Can you add an option to export reports in Excel format, not just CSV?",Issue fixed by agent,146.2,1.3,18.8,False,False,8,305,2024-05-01 07:44:00,18.8,127.39999999999999,146.2,72,0.0,12,Tuesday,Tarde (12-18),False,74.19999999999999,False
TKT-01688,2025-02-18 22:39:00,2025-02-22 11:03:00,email,Technical Issue,App crash,Medium,Resolved,Negative,InvoiceFlow,Starter,Latin America,English,Agent_001 (Priya S),The app keeps crashing when I try to upload a file. I'm on macOS Sonoma.,Self-service guided,84.4,2.3,16.1,False,False,5,52,2025-02-19 14:45:00,16.1,68.30000000000001,84.4,48,0.0,22,Tuesday,Noche (18-24),False,36.400000000000006,False
TKT-01689,2024-10-04 12:51:00,2024-10-06 19:09:00,chat,Feature Request,Export options,Low,Escalated,Positive,DataDash,Professional,Europe,Hindi,Agent_005 (Sophie M),A dark mode option would be greatly appreciated for late-night work sessions.,Issue fixed by agent,54.3,,10.0,False,True,9,95,2024-10-04 22:51:00,10.0,44.3,54.3,72,1.0,12,Friday,Tarde (12-18),False,0.0,False
TKT-01690,2024-03-23 21:10:00,2024-03-27 21:58:00,chat,Technical Issue,App crash,Low,Resolved,Very Negative,InvoiceFlow,Starter,Southeast Asia,French,Agent_005 (Sophie M),The app keeps crashing when I try to export a report. I'm on Android 14.,Refund processed,96.8,1.4,1.3,False,False,10,1240,2024-03-23 22:28:00,1.3,95.5,96.8,72,0.0,21,Saturday,Noche (18-24),False,24.799999999999997,False
TKT-01691,2025-03-05 08:39:00,2025-03-05 16:33:00,twitter_dm,Account Access,Password reset,Critical,Resolved,Negative,SecureVault,Professional,South Asia,Japanese,Agent_008 (Daniel N),I can't log in to my account. The password reset email is not arriving.,Self-service guided,,2.3,,False,False,11,947,,,,,8,,8,Wednesday,Mañana (06-12),False,,True
TKT-01692,2024-08-25 12:54:00,2024-08-29 20:06:00,email,Billing,Payment failure,Low,Closed,Very Negative,TaskBoard,Professional,South Asia,Hindi,Agent_004 (Omar F),My payment of $47.00 failed but the amount was still deducted from my account.,Self-service guided,103.2,1.4,18.2,False,False,2,1106,2024-08-26 07:06:00,18.2,85.0,103.2,72,0.0,12,Sunday,Tarde (12-18),False,31.200000000000003,False
TKT-01693,2024-10-11 20:02:00,2024-10-13 18:50:00,chat,Billing,Invoice request,Medium,Closed,Negative,CloudSync Pro,Starter,North America,Spanish,Agent_004 (Omar F),My payment of $293.00 failed but the amount was still deducted from my account.,No action needed,46.8,2.2,2.2,False,False,11,317,2024-10-11 22:14:00,2.2,44.599999999999994,46.8,48,1.0,20,Friday,Noche (18-24),False,0.0,False
TKT-01694,2025-03-21 17:13:00,2025-03-24 18:31:00,email,Technical Issue,Data sync issue,Low,Resolved,Neutral,CloudSync Pro,Enterprise,Middle East,English,Agent_009 (Yuki T),My data isn't syncing across devices. Last successful sync was 10 days ago.,Self-service guided,73.3,3.9,18.0,False,False,2,956,2025-03-22 11:13:00,18.0,55.3,73.3,72,0.0,17,Friday,Tarde (12-18),False,1.2999999999999972,False
TKT-01695,2025-05-21 22:49:00,2025-05-23 22:37:00,whatsapp,Account Access,Password reset,Medium,Resolved,Negative,CloudSync Pro,Enterprise,Southeast Asia,English,Unassigned,My account appears to be locked. I haven't violated any terms.,Issue fixed by agent,47.8,2.2,,False,False,10,321,,,,47.8,48,1.0,22,Wednesday,Noche (18-24),False,0.0,False
TKT-01696,2024-01-26 10:52:00,2024-01-31 23:10:00,chat,Complaint,Policy dissatisfaction,Low,Closed,Negative,TaskBoard,Starter,Africa,Hindi,Agent_008 (Daniel N),I've been waiting 5 days for a response. This is unacceptable.,Issue fixed by agent,132.3,2.5,7.8,False,False,4,195,2024-01-26 18:40:00,7.8,124.50000000000001,132.3,72,0.0,10,Friday,Mañana (06-12),False,60.30000000000001,False
TKT-01697,2024-01-31 14:28:00,2024-01-31 21:40:00,chat,General Inquiry,Compatibility,Critical,Closed,Neutral,TaskBoard,Professional,North America,English,Agent_005 (Sophie M),Could you explain the difference between the Professional and Enterprise plans?,Issue fixed by agent,,3.2,,False,False,7,442,,,,,8,,14,Wednesday,Tarde (12-18),False,,True
TKT-01698,2024-12-22 11:20:00,2024-12-23 19:08:00,web_form,General Inquiry,Compatibility,Medium,Resolved,Negative,CloudSync Pro,Professional,North America,Hindi,Agent_001 (Priya S),Where can I find documentation on setting up the API?,Policy exception granted,31.8,2.3,3.6,False,False,1,281,2024-12-22 14:56:00,3.6,28.2,31.8,48,1.0,11,Sunday,Mañana (06-12),True,0.0,False
TKT-01699,2024-03-09 11:58:00,2024-03-09 23:10:00,web_form,Billing,Duplicate charge,High,Resolved,Negative,CloudSync Pro,Starter,Europe,English,Agent_008 (Daniel N),"Hi, I was charged $151.49 twice on May 11, 2025. My invoice is INV-8725. Please refund the duplicate.",Policy exception granted,11.2,2.3,8.4,False,False,12,888,2024-03-09 20:22:00,8.4,2.799999999999999,11.2,24,1.0,11,Saturday,Mañana (06-12),False,0.0,False
TKT-01700,2024-12-21 19:31:00,,helpdesk_portal,General Inquiry,Plan comparison,Medium,In Progress,Very Negative,InvoiceFlow,Professional,Latin America,English,Agent_001 (Priya S),Does TaskBoard integrate with Salesforce?,Issue fixed by agent,,,18.2,False,False,12,385,2024-12-22 13:43:00,18.2,,,48,,19,Saturday,Noche (18-24),False,,False
TKT-01701,2024-11-09 13:44:00,2024-11-10 08:14:00,whatsapp,General Inquiry,Documentation,Medium,Closed,Negative,SecureVault,Enterprise,North America,English,Agent_005 (Sophie M),I'm interested in a partnership opportunity with your company.,Issue fixed by agent,18.5,2.7,9.5,False,False,3,691,2024-11-09 23:14:00,9.5,9.0,18.5,48,1.0,13,Saturday,Tarde (12-18),False,0.0,False
TKT-01702,2025-02-24 15:27:00,2025-02-25 14:51:00,email,Billing,Duplicate charge,High,Resolved,Neutral,DataDash,Professional,Africa,Japanese,Agent_008 (Daniel N),I noticed an incorrect charge of $276.00 on my last bill. Can you look into invoice INV-5835?,Issue fixed by agent,23.4,3.7,0.6,False,False,4,447,2025-02-24 16:03:00,0.6,22.799999999999997,23.4,24,1.0,15,Monday,Tarde (12-18),False,0.0,False
TKT-01703,2024-02-26 22:56:00,,email,Billing,Invoice request,High,Open,Negative,InvoiceFlow,Starter,Africa,French,Agent_008 (Daniel N),My payment of $346.99 failed but the amount was still deducted from my account.,Escalated to engineering,,,11.3,False,False,7,601,2024-02-27 10:14:00,11.3,,,24,,22,Monday,Noche (18-24),False,,False
TKT-01704,2024-10-13 11:54:00,2024-10-16 02:48:00,chat,Technical Issue,Login error,Low,Resolved,Neutral,CloudSync Pro,Free,South Asia,German,Agent_008 (Daniel N),The app keeps crashing when I try to export a report. I'm on Android 14.,Self-service guided,62.9,3.7,17.6,False,False,11,652,2024-10-14 05:30:00,17.6,45.3,62.9,72,1.0,11,Sunday,Mañana (06-12),False,0.0,False
TKT-01705,2024-03-10 22:21:00,,chat,Account Access,2FA issue,Medium,In Progress,Negative,CloudSync Pro,Starter,Europe,Japanese,Agent_004 (Omar F),My account appears to be locked. I haven't violated any terms.,No action needed,,,12.3,False,False,7,730,2024-03-11 10:39:00,12.3,,,48,,22,Sunday,Noche (18-24),False,,False
TKT-01706,2024-01-30 14:45:00,2024-01-31 14:27:00,web_form,Technical Issue,Data sync issue,High,Closed,Very Negative,SecureVault,Free,South Asia,Arabic,Agent_005 (Sophie M),Performance has been extremely slow on my end. Pages take 20+ seconds to load.,Issue fixed by agent,23.7,1.3,7.7,True,False,12,711,2024-01-30 22:27:00,7.7,16.0,23.7,24,1.0,14,Tuesday,Tarde (12-18),False,0.0,False
TKT-01707,2025-01-25 10:05:00,,email,General Inquiry,Compatibility,Medium,Open,Very Negative,SecureVault,Professional,Middle East,Hindi,Agent_008 (Daniel N),Could you explain the difference between the Professional and Enterprise plans?,Refund processed,,,8.6,False,False,11,535,2025-01-25 18:41:00,8.6,,,48,,10,Saturday,Mañana (06-12),False,,False
TKT-01708,2024-12-07 11:54:00,2024-12-09 11:06:00,twitter_dm,Billing,Subscription upgrade,Medium,Closed,Negative,CloudSync Pro,Professional,North America,English,Agent_001 (Priya S),I noticed an incorrect charge of $381.00 on my last bill. Can you look into invoice INV-8331?,Issue fixed by agent,47.2,2.8,3.1,False,False,6,1277,2024-12-07 15:00:00,3.1,44.1,47.2,48,1.0,11,Saturday,Mañana (06-12),False,0.0,False
TKT-01709,2024-09-14 13:56:00,2024-09-16 13:44:00,whatsapp,Refund / Return,Partial refund,Low,Closed,Neutral,TaskBoard,Starter,North America,German,Agent_006 (Raj P),I'd like to request a full refund for my recent purchase. Order #12118.,Self-service guided,47.8,3.5,20.4,False,False,11,655,2024-09-15 10:20:00,20.4,27.4,47.8,72,1.0,13,Saturday,Tarde (12-18),False,0.0,False
TKT-01710,2025-05-26 13:16:00,,chat,Technical Issue,App crash,Low,Open,Negative,CloudSync Pro,Free,Latin America,English,Agent_009 (Yuki T),I'm unable to upload a file since the latest update. Getting error code ERR-974.,Refund processed,,,15.2,False,False,7,1123,2025-05-27 04:28:00,15.2,,,72,,13,Monday,Tarde (12-18),False,,False
TKT-01711,2024-01-24 21:48:00,2024-01-29 14:24:00,whatsapp,Feature Request,UI improvement,Low,Resolved,Neutral,SecureVault,Professional,North America,English,Agent_005 (Sophie M),A dark mode option would be greatly appreciated for late-night work sessions.,Issue fixed by agent,112.6,3.1,23.6,False,False,7,994,2024-01-25 21:24:00,23.6,89.0,112.6,72,0.0,21,Wednesday,Noche (18-24),False,40.599999999999994,False
TKT-01712,2025-02-19 21:31:00,2025-02-23 04:19:00,chat,Billing,Incorrect amount,Low,Closed,Negative,TaskBoard,Enterprise,Europe,Japanese,Agent_007 (Elena V),"Hi, I was charged $380.00 twice on Jul 15, 2024. My invoice is INV-1243. Please refund the duplicate.",Refund processed,78.8,2.2,10.7,False,False,6,553,2025-02-20 08:13:00,10.7,68.1,78.8,72,0.0,21,Wednesday,Noche (18-24),False,6.799999999999997,False
TKT-01713,2025-06-05 13:10:00,2025-06-08 00:22:00,twitter_dm,Billing,Payment failure,Low,Resolved,Very Negative,InvoiceFlow,Starter,South Asia,Japanese,Agent_004 (Omar F),I noticed an incorrect charge of $177.00 on my last bill. Can you look into invoice INV-3981?,Refund processed,59.2,1.5,2.7,False,False,1,696,2025-06-05 15:52:00,2.7,56.5,59.2,72,1.0,13,Thursday,Tarde (12-18),True,0.0,False
TKT-01714,2024-02-16 08:46:00,2024-02-18 00:46:00,helpdesk_portal,Account Access,Account locked,Medium,Resolved,Negative,DataDash,Professional,North America,Arabic,Agent_006 (Raj P),My account appears to be locked. I haven't violated any terms.,,40.0,2.8,19.1,False,False,6,1359,2024-02-17 03:52:00,19.1,20.9,40.0,48,1.0,8,Friday,Mañana (06-12),False,0.0,False
TKT-01715,2024-03-13 22:34:00,2024-03-19 14:34:00,helpdesk_portal,Delivery / Shipping,Damaged item,Low,Resolved,Neutral,InvoiceFlow,Starter,South Asia,English,Agent_007 (Elena V),"My order #75273 was supposed to arrive on Nov 13, 2024 but it's still not here.",Policy exception granted,136.0,3.5,7.6,False,False,3,1110,2024-03-14 06:10:00,7.6,128.4,136.0,72,0.0,22,Wednesday,Noche (18-24),False,64.0,False
TKT-01716,2024-03-24 10:21:00,2024-03-25 23:03:00,email,Billing,Duplicate charge,Medium,Resolved,Negative,CloudSync Pro,Starter,Latin America,English,Agent_008 (Daniel N),Could you send me a detailed invoice for the period Oct–Dec 2024? I need it for tax purposes.,No action needed,36.7,2.9,10.3,False,False,8,813,2024-03-24 20:39:00,10.3,26.400000000000002,36.7,48,1.0,10,Sunday,Mañana (06-12),False,0.0,False
TKT-01717,2024-12-22 10:12:00,2024-12-22 19:24:00,twitter_dm,Technical Issue,Performance slow,Critical,Resolved,Very Negative,InvoiceFlow,Professional,Middle East,Arabic,Agent_004 (Omar F),Performance has been extremely slow on my end. Pages take 20+ seconds to load.,No action needed,,1.7,,False,False,10,614,,,,,8,,10,Sunday,Mañana (06-12),False,,True
TKT-01718,2024-08-11 14:49:00,2024-08-18 15:31:00,chat,Account Access,2FA issue,Low,Resolved,Negative,SecureVault,Professional,Middle East,English,Agent_005 (Sophie M),I can't log in to my account. The password reset email is not arriving.,Refund processed,168.7,3.0,18.1,False,False,11,327,2024-08-12 08:55:00,18.1,150.6,168.7,72,0.0,14,Sunday,Tarde (12-18),False,96.69999999999999,False
TKT-01719,2025-04-03 20:53:00,2025-04-06 04:47:00,chat,Feature Request,API access,Medium,Closed,Neutral,CloudSync Pro,Professional,Europe,French,Agent_009 (Yuki T),"Can you add an option to export reports in Excel format, not just CSV?",Issue fixed by agent,55.9,3.4,14.5,False,False,11,169,2025-04-04 11:23:00,14.5,41.4,55.9,48,0.0,20,Thursday,Noche (18-24),False,7.899999999999999,False
TKT-01720,2024-03-20 09:37:00,2024-03-21 19:25:00,chat,Account Access,Account deletion,High,Resolved,Negative,DataDash,Professional,Southeast Asia,Japanese,Agent_001 (Priya S),I'm having trouble with 2FA — the codes aren't working on my new phone.,No action needed,33.8,2.3,7.2,False,False,3,341,2024-03-20 16:49:00,7.2,26.599999999999998,33.8,24,0.0,9,Wednesday,Mañana (06-12),False,9.799999999999997,False
TKT-01721,2025-04-08 15:14:00,2025-04-12 02:38:00,chat,Account Access,Account deletion,Medium,Closed,Very Negative,InvoiceFlow,Starter,Southeast Asia,Hindi,Agent_001 (Priya S),I can't log in to my account. The password reset email is not arriving.,Issue fixed by agent,83.4,1.7,13.7,False,False,11,938,2025-04-09 04:56:00,13.7,69.7,83.4,48,0.0,15,Tuesday,Tarde (12-18),False,35.400000000000006,False
TKT-01722,2024-05-12 18:52:00,,chat,General Inquiry,Documentation,Medium,Open,Very Negative,DataDash,Free,South Asia,English,Agent_001 (Priya S),Could you explain the difference between the Professional and Enterprise plans?,Policy exception granted,,,19.4,False,False,8,816,2024-05-13 14:16:00,19.4,,,48,,18,Sunday,Noche (18-24),False,,False
TKT-01723,2024-10-15 19:02:00,2024-10-17 14:14:00,phone,General Inquiry,Plan comparison,Medium,Closed,Negative,CloudSync Pro,Professional,Southeast Asia,English,Agent_002 (James T),I'm interested in a partnership opportunity with your company.,Issue fixed by agent,43.2,2.1,20.3,False,False,9,972,2024-10-16 15:20:00,20.3,22.900000000000002,43.2,48,1.0,19,Tuesday,Noche (18-24),False,0.0,False
TKT-01724,2024-02-23 20:16:00,2024-02-25 19:58:00,web_form,Billing,Payment failure,Medium,Closed,Neutral,CloudSync Pro,Starter,South Asia,Arabic,Agent_005 (Sophie M),Could you send me a detailed invoice for the period Apr–Jun 2024? I need it for tax purposes.,,47.7,3.6,18.3,False,False,8,1079,2024-02-24 14:34:00,18.3,29.400000000000002,47.7,48,1.0,20,Friday,Noche (18-24),False,0.0,False
TKT-01725,2024-08-01 11:24:00,2024-08-07 08:42:00,email,Feature Request,Export options,Low,Resolved,Neutral,TaskBoard,Professional,Southeast Asia,French,Agent_009 (Yuki T),Is there any plan to expose an API for the reporting module?,Pending customer,141.3,3.7,10.9,False,False,9,888,2024-08-01 22:18:00,10.9,130.4,141.3,72,0.0,11,Thursday,Mañana (06-12),False,69.30000000000001,False
TKT-01726,2025-03-20 19:14:00,2025-03-22 01:20:00,email,Technical Issue,Login error,High,Resolved,Positive,DataDash,Free,North America,English,Agent_003 (Lena K),My data isn't syncing across devices. Last successful sync was 2 days ago.,Self-service guided,30.1,4.5,18.0,False,False,9,381,2025-03-21 13:14:00,18.0,12.100000000000001,30.1,24,0.0,19,Thursday,Noche (18-24),False,6.100000000000001,False
TKT-01727,2025-04-03 13:47:00,2025-04-05 19:23:00,phone,General Inquiry,Documentation,Medium,Resolved,Negative,InvoiceFlow,Professional,North America,English,Agent_002 (James T),Where can I find documentation on setting up the API?,Self-service guided,53.6,2.3,11.4,False,False,1,1356,2025-04-04 01:11:00,11.4,42.2,53.6,48,0.0,13,Thursday,Tarde (12-18),True,5.600000000000001,False
TKT-01728,2024-07-20 20:37:00,2024-07-22 21:01:00,twitter_dm,Account Access,2FA issue,Medium,Closed,Very Negative,InvoiceFlow,Free,South Asia,Japanese,Agent_006 (Raj P),My account appears to be locked. I haven't violated any terms.,Refund processed,48.4,1.9,18.0,False,False,4,1440,2024-07-21 14:37:00,18.0,30.4,48.4,48,0.0,20,Saturday,Noche (18-24),False,0.3999999999999986,False
TKT-01729,2024-11-23 10:32:00,2024-11-25 14:32:00,chat,Technical Issue,App crash,Low,Resolved,Very Negative,InvoiceFlow,Starter,North America,Arabic,Agent_001 (Priya S),The app keeps crashing when I try to export a report. I'm on iOS 17.,Escalated to engineering,52.0,1.6,3.6,True,False,1,1393,2024-11-23 14:08:00,3.6,48.4,52.0,72,1.0,10,Saturday,Mañana (06-12),True,0.0,False
TKT-01730,2025-05-24 16:47:00,2025-05-25 14:53:00,email,Account Access,Account locked,High,Closed,Negative,DataDash,Professional,North America,Arabic,Agent_008 (Daniel N),I can't log in to my account. The password reset email is not arriving.,Policy exception granted,22.1,2.5,3.4,False,False,5,189,2025-05-24 20:11:00,3.4,18.700000000000003,22.1,24,1.0,16,Saturday,Tarde (12-18),False,0.0,False
TKT-01731,2025-01-18 21:58:00,2025-01-19 20:52:00,whatsapp,Refund / Return,Full refund,Medium,Resolved,Negative,DataDash,Professional,North America,French,Agent_001 (Priya S),I'd like to request a full refund for my recent purchase. Order #28918.,Refund processed,22.9,2.3,16.5,False,False,1,772,2025-01-19 14:28:00,16.5,6.399999999999999,22.9,48,1.0,21,Saturday,Noche (18-24),True,0.0,False
TKT-01732,2025-02-28 09:44:00,2025-03-02 13:32:00,chat,Delivery / Shipping,Tracking issue,Medium,Resolved,Negative,CloudSync Pro,Professional,South Asia,English,Agent_007 (Elena V),The tracking for order #81574 hasn't updated in 11 days.,Refund processed,51.8,2.9,16.6,False,False,2,97,2025-03-01 02:20:00,16.6,35.199999999999996,51.8,48,0.0,9,Friday,Mañana (06-12),False,3.799999999999997,False
TKT-01733,2024-11-28 10:20:00,2024-12-01 20:14:00,chat,Delivery / Shipping,Missing package,Medium,Resolved,Very Negative,InvoiceFlow,Free,North America,English,Agent_004 (Omar F),"My order #76320 was supposed to arrive on Mar 02, 2025 but it's still not here.",Issue fixed by agent,81.9,1.7,2.2,False,False,1,531,2024-11-28 12:32:00,2.2,79.7,81.9,48,0.0,10,Thursday,Mañana (06-12),True,33.900000000000006,False
TKT-01734,2024-06-13 12:55:00,,whatsapp,Billing,Subscription upgrade,Low,In Progress,Neutral,CloudSync Pro,Starter,South Asia,English,Agent_009 (Yuki T),My payment of $156.00 failed but the amount was still deducted from my account.,Self-service guided,,,0.5,False,False,4,651,2024-06-13 13:25:00,0.5,,,72,,12,Thursday,Tarde (12-18),False,,False
TKT-01735,2025-06-04 13:10:00,2025-06-09 02:16:00,web_form,Account Access,Email change,Low,Closed,Very Negative,DataDash,Professional,Europe,Spanish,Agent_004 (Omar F),I can't log in to my account. The password reset email is not arriving.,Pending customer,109.1,1.8,19.8,False,False,8,587,2025-06-05 08:58:00,19.8,89.3,109.1,72,0.0,13,Wednesday,Tarde (12-18),False,37.099999999999994,False
TKT-01736,2024-12-13 09:32:00,,phone,Feature Request,New integration,Medium,In Progress,Negative,CloudSync Pro,Free,North America,English,Agent_006 (Raj P),A dark mode option would be greatly appreciated for late-night work sessions.,Policy exception granted,,,14.7,False,False,11,516,2024-12-14 00:14:00,14.7,,,48,,9,Friday,Mañana (06-12),False,,False
TKT-01737,2024-12-10 19:49:00,,email,Delivery / Shipping,Missing package,Medium,In Progress,Neutral,CloudSync Pro,Professional,Latin America,Hindi,Agent_007 (Elena V),The item I received is damaged. I need a replacement or refund for order #75002.,Pending customer,,,14.3,True,False,3,574,2024-12-11 10:07:00,14.3,,,48,,19,Tuesday,Noche (18-24),False,,False
TKT-01738,2025-04-09 14:17:00,2025-04-11 04:53:00,whatsapp,Technical Issue,Feature not working,Low,Resolved,Neutral,SecureVault,Starter,North America,English,Agent_007 (Elena V),My data isn't syncing across devices. Last successful sync was 3 days ago.,Issue fixed by agent,38.6,3.2,8.9,False,False,4,1263,2025-04-09 23:11:00,8.9,29.700000000000003,38.6,72,1.0,14,Wednesday,Tarde (12-18),False,0.0,False
TKT-01739,2024-06-11 15:01:00,,helpdesk_portal,Delivery / Shipping,Late delivery,High,Open,Neutral,SecureVault,Enterprise,North America,English,Agent_008 (Daniel N),"My order #29055 was supposed to arrive on Jul 21, 2024 but it's still not here.",Policy exception granted,,,0.4,False,False,10,1006,2024-06-11 15:25:00,0.4,,,24,,15,Tuesday,Tarde (12-18),False,,False
TKT-01740,2024-06-12 20:19:00,2024-06-14 03:19:00,email,Technical Issue,Performance slow,Medium,Resolved,Very Negative,CloudSync Pro,Starter,North America,Hindi,Agent_007 (Elena V),I'm unable to connect an integration since the latest update. Getting error code ERR-826.,Escalated to engineering,31.0,1.6,10.0,False,False,12,408,2024-06-13 06:19:00,10.0,21.0,31.0,48,1.0,20,Wednesday,Noche (18-24),False,0.0,False
TKT-01741,2024-07-12 14:00:00,2024-07-13 07:18:00,web_form,Feature Request,UI improvement,High,Resolved,Neutral,TaskBoard,Enterprise,Middle East,English,Agent_008 (Daniel N),A dark mode option would be greatly appreciated for late-night work sessions.,No action needed,17.3,3.1,6.4,False,False,3,1248,2024-07-12 20:24:00,6.4,10.9,17.3,24,1.0,14,Friday,Tarde (12-18),False,0.0,False
TKT-01742,2025-04-24 20:10:00,,email,Billing,Duplicate charge,Critical,Open,Positive,InvoiceFlow,Professional,North America,French,Agent_001 (Priya S),Could you send me a detailed invoice for the period Jul–Sep 2024? I need it for tax purposes.,Self-service guided,,,21.4,True,False,9,303,2025-04-25 17:34:00,21.4,,,8,,20,Thursday,Noche (18-24),False,,False
TKT-01743,2024-01-30 22:14:00,2024-02-03 01:14:00,chat,General Inquiry,Plan comparison,Medium,Resolved,Negative,CloudSync Pro,Starter,Europe,English,Agent_009 (Yuki T),I'm interested in a partnership opportunity with your company.,Escalated to engineering,75.0,2.8,15.2,False,False,9,910,2024-01-31 13:26:00,15.2,59.8,75.0,48,0.0,22,Tuesday,Noche (18-24),False,27.0,False
TKT-01744,2025-05-03 16:01:00,,email,Billing,Incorrect amount,Low,In Progress,Very Negative,CloudSync Pro,Free,North America,Hindi,Agent_002 (James T),Could you send me a detailed invoice for the period Jul–Sep 2024? I need it for tax purposes.,Pending customer,,,12.2,False,False,12,1099,2025-05-04 04:13:00,12.2,,,72,,16,Saturday,Tarde (12-18),False,,False
TKT-01745,2024-02-17 15:42:00,2024-02-18 08:42:00,email,Delivery / Shipping,Late delivery,High,Closed,Negative,CloudSync Pro,Professional,South Asia,English,Agent_006 (Raj P),"My order #22443 was supposed to arrive on May 27, 2024 but it's still not here.",Pending customer,17.0,2.4,10.6,False,False,4,967,2024-02-18 02:18:00,10.6,6.4,17.0,24,1.0,15,Saturday,Tarde (12-18),False,0.0,False
TKT-01746,2024-12-27 21:29:00,2024-12-29 02:47:00,whatsapp,Billing,Subscription upgrade,High,Resolved,Neutral,TaskBoard,Starter,Southeast Asia,English,Agent_003 (Lena K),"Hi, I was charged $387.49 twice on Sep 14, 2024. My invoice is INV-3212. Please refund the duplicate.",Pending customer,29.3,3.6,2.6,True,False,3,918,2024-12-28 00:05:00,2.6,26.7,29.3,24,0.0,21,Friday,Noche (18-24),False,5.300000000000001,False
TKT-01747,2024-08-20 22:53:00,2024-08-23 18:35:00,email,Technical Issue,Login error,Medium,Resolved,Neutral,TaskBoard,Professional,South Asia,English,Agent_005 (Sophie M),My data isn't syncing across devices. Last successful sync was 6 days ago.,Pending customer,67.7,3.6,1.5,False,False,9,423,2024-08-21 00:23:00,1.5,66.2,67.7,48,0.0,22,Tuesday,Noche (18-24),False,19.700000000000003,False
TKT-01748,2025-05-24 16:30:00,2025-05-27 18:30:00,email,Refund / Return,Return request,Low,Closed,Very Negative,SecureVault,Free,Europe,English,Agent_004 (Omar F),I was overcharged and would like a partial refund for the difference.,Self-service guided,74.0,1.9,12.2,False,False,5,8,2025-05-25 04:42:00,12.2,61.8,74.0,72,0.0,16,Saturday,Tarde (12-18),False,2.0,False
TKT-01749,2025-01-07 14:39:00,,chat,Feature Request,UI improvement,High,In Progress,Negative,SecureVault,Enterprise,South Asia,English,Agent_008 (Daniel N),Is there any plan to expose an API for the reporting module?,Policy exception granted,,,22.3,False,False,1,184,2025-01-08 12:57:00,22.3,,,24,,14,Tuesday,Tarde (12-18),True,,False
TKT-01750,2024-12-23 15:51:00,2024-12-25 13:27:00,web_form,Billing,Payment failure,Low,Resolved,Positive,CloudSync Pro,Free,Southeast Asia,English,Agent_007 (Elena V),Could you send me a detailed invoice for the period Jul–Sep 2024? I need it for tax purposes.,Self-service guided,45.6,4.1,9.6,False,False,5,502,2024-12-24 01:27:00,9.6,36.0,45.6,72,1.0,15,Monday,Tarde (12-18),False,0.0,False
TKT-01751,2024-03-19 22:32:00,2024-03-22 03:50:00,phone,Feature Request,Export options,Medium,Resolved,Positive,CloudSync Pro,Professional,Latin America,English,Agent_007 (Elena V),A dark mode option would be greatly appreciated for late-night work sessions.,Escalated to engineering,53.3,4.4,7.9,False,False,1,724,2024-03-20 06:26:00,7.9,45.4,53.3,48,0.0,22,Tuesday,Noche (18-24),True,5.299999999999997,False
TKT-01752,2024-09-24 21:48:00,2024-09-26 03:06:00,chat,Refund / Return,Policy inquiry,High,Resolved,Negative,CloudSync Pro,Starter,Southeast Asia,Japanese,Agent_001 (Priya S),I was overcharged and would like a partial refund for the difference.,Issue fixed by agent,29.3,2.6,13.0,False,False,4,1326,2024-09-25 10:48:00,13.0,16.3,29.3,24,0.0,21,Tuesday,Noche (18-24),False,5.300000000000001,False
TKT-01753,2025-04-08 18:23:00,2025-04-09 13:11:00,helpdesk_portal,Refund / Return,Full refund,Medium,Resolved,Negative,DataDash,Starter,South Asia,English,Agent_002 (James T),I want to return an item from order #81307 — it doesn't meet my needs.,Issue fixed by agent,,2.8,,False,False,1,1019,,,,,48,,18,Tuesday,Noche (18-24),True,,True
TKT-01754,2024-09-24 08:56:00,2024-09-25 15:14:00,whatsapp,Account Access,Password reset,Medium,Resolved,Negative,TaskBoard,Free,Southeast Asia,English,Agent_007 (Elena V),My account appears to be locked. I haven't violated any terms.,Self-service guided,30.3,2.5,19.9,False,False,7,839,2024-09-25 04:50:00,19.9,10.400000000000002,30.3,48,1.0,8,Tuesday,Mañana (06-12),False,0.0,False
TKT-01755,2025-06-18 15:01:00,2025-06-19 18:55:00,whatsapp,Complaint,Long wait time,High,Resolved,Negative,CloudSync Pro,Professional,Africa,English,Agent_006 (Raj P),I've contacted support 4 times about the same issue and it's still unresolved.,Issue fixed by agent,27.9,2.6,22.9,False,False,11,1397,2025-06-19 13:55:00,22.9,5.0,27.9,24,0.0,15,Wednesday,Tarde (12-18),False,3.8999999999999986,False
TKT-01756,2024-12-01 11:37:00,2024-12-03 02:01:00,whatsapp,Feature Request,API access,High,Closed,Positive,DataDash,Free,Europe,English,Agent_008 (Daniel N),A dark mode option would be greatly appreciated for late-night work sessions.,Self-service guided,38.4,4.9,22.0,False,False,8,823,2024-12-02 09:37:00,22.0,16.4,38.4,24,0.0,11,Sunday,Mañana (06-12),False,14.399999999999999,False
TKT-01757,2024-09-11 17:20:00,,chat,Technical Issue,Login error,Medium,In Progress,Positive,CloudSync Pro,Professional,Africa,Spanish,Agent_002 (James T),I'm unable to invite a team member since the latest update. Getting error code ERR-770.,Issue fixed by agent,,,17.8,False,False,3,740,2024-09-12 11:08:00,17.8,,,48,,17,Wednesday,Tarde (12-18),False,,False
TKT-01758,2024-04-09 21:49:00,2024-04-10 18:19:00,chat,Technical Issue,Feature not working,High,Resolved,Very Negative,CloudSync Pro,Professional,Africa,English,Agent_002 (James T),I'm unable to connect an integration since the latest update. Getting error code ERR-623.,Escalated to engineering,20.5,1.1,17.5,False,False,12,204,2024-04-10 15:19:00,17.5,3.0,20.5,24,1.0,21,Tuesday,Noche (18-24),False,0.0,False
TKT-01759,2024-01-22 20:38:00,,chat,Technical Issue,Data sync issue,Low,Open,Positive,CloudSync Pro,Professional,North America,Hindi,Agent_006 (Raj P),The app keeps crashing when I try to upload a file. I'm on Android 14.,Self-service guided,,,5.4,False,False,7,1107,2024-01-23 02:02:00,5.4,,,72,,20,Monday,Noche (18-24),False,,False
TKT-01760,2025-04-16 22:39:00,2025-04-23 04:03:00,phone,Complaint,Unresolved issue,Low,Resolved,Very Negative,SecureVault,Starter,Europe,English,Agent_001 (Priya S),I've contacted support 2 times about the same issue and it's still unresolved.,Escalated to engineering,149.4,1.2,17.9,False,False,8,416,2025-04-17 16:33:00,17.9,131.5,149.4,72,0.0,22,Wednesday,Noche (18-24),False,77.4,False
TKT-01761,2024-11-15 16:07:00,,email,Technical Issue,App crash,Medium,In Progress,Very Negative,CloudSync Pro,Enterprise,South Asia,Arabic,Agent_008 (Daniel N),Performance has been extremely slow on my end. Pages take 20+ seconds to load.,Self-service guided,,,13.5,False,False,10,470,2024-11-16 05:37:00,13.5,,,48,,16,Friday,Tarde (12-18),False,,False
TKT-01762,2024-09-13 10:21:00,2024-09-20 05:27:00,helpdesk_portal,Technical Issue,App crash,Low,Closed,Positive,DataDash,Starter,Europe,English,Agent_002 (James T),My data isn't syncing across devices. Last successful sync was 13 days ago.,Self-service guided,163.1,5.0,19.5,False,False,2,948,2024-09-14 05:51:00,19.5,143.6,163.1,72,0.0,10,Friday,Mañana (06-12),False,91.1,False
TKT-01763,2024-08-03 15:03:00,,whatsapp,Technical Issue,Feature not working,Low,In Progress,Negative,CloudSync Pro,Enterprise,Southeast Asia,English,Agent_008 (Daniel N),My data isn't syncing across devices. Last successful sync was 13 days ago.,Issue fixed by agent,,,3.2,False,False,1,1210,2024-08-03 18:15:00,3.2,,,72,,15,Saturday,Tarde (12-18),True,,False
TKT-01764,2025-05-23 12:39:00,2025-05-26 19:39:00,email,Billing,Duplicate charge,Low,Closed,Neutral,CloudSync Pro,Professional,South Asia,French,Agent_005 (Sophie M),Could you send me a detailed invoice for the period Jul–Sep 2024? I need it for tax purposes.,,79.0,3.5,8.1,False,False,8,1279,2025-05-23 20:45:00,8.1,70.9,79.0,72,0.0,12,Friday,Tarde (12-18),False,7.0,False
TKT-01765,2025-03-05 18:46:00,,twitter_dm,Delivery / Shipping,Tracking issue,Low,Open,Very Negative,SecureVault,Starter,Europe,German,Agent_005 (Sophie M),"My order #53394 was supposed to arrive on Feb 26, 2024 but it's still not here.",Self-service guided,,,9.6,False,False,7,801,2025-03-06 04:22:00,9.6,,,72,,18,Wednesday,Noche (18-24),False,,False
TKT-01766,2025-06-16 09:00:00,2025-06-17 22:24:00,phone,Account Access,Account locked,Medium,Resolved,Neutral,CloudSync Pro,Free,North America,English,Agent_002 (James T),I'm having trouble with 2FA — the codes aren't working on my new phone.,Refund processed,37.4,3.5,21.3,False,False,11,1423,2025-06-17 06:18:00,21.3,16.099999999999998,37.4,48,1.0,9,Monday,Mañana (06-12),False,0.0,False
TKT-01767,2024-11-07 15:54:00,,twitter_dm,Refund / Return,Full refund,Medium,In Progress,Positive,TaskBoard,Professional,Europe,Hindi,Agent_003 (Lena K),What's the status of refund request #REF-9624? It's been 12 days.,Escalated to engineering,,,4.6,True,False,8,953,2024-11-07 20:30:00,4.6,,,48,,15,Thursday,Tarde (12-18),False,,False
TKT-01768,2025-04-21 21:03:00,2025-04-25 10:51:00,whatsapp,Account Access,Account deletion,Low,Resolved,Very Negative,CloudSync Pro,Free,North America,English,Agent_009 (Yuki T),I need to update the email address associated with my account.,No action needed,85.8,1.1,5.4,False,False,12,733,2025-04-22 02:27:00,5.4,80.39999999999999,85.8,72,0.0,21,Monday,Noche (18-24),False,13.799999999999997,False
TKT-01769,2024-05-11 10:05:00,2024-05-14 09:41:00,email,Account Access,2FA issue,Medium,Closed,Very Negative,TaskBoard,Starter,Southeast Asia,English,Agent_003 (Lena K),I'm having trouble with 2FA — the codes aren't working on my new phone.,Issue fixed by agent,71.6,1.8,2.3,True,False,2,506,2024-05-11 12:23:00,2.3,69.3,71.6,48,0.0,10,Saturday,Mañana (06-12),False,23.599999999999994,False
TKT-01770,2025-02-07 07:28:00,2025-02-08 15:10:00,chat,General Inquiry,Documentation,Medium,Closed,Negative,CloudSync Pro,Professional,Africa,English,Agent_003 (Lena K),Does CloudSync Pro integrate with Salesforce?,Policy exception granted,31.7,2.6,22.9,False,False,11,421,2025-02-08 06:22:00,22.9,8.8,31.7,48,1.0,7,Friday,Mañana (06-12),False,0.0,False
TKT-01771,2025-03-21 20:27:00,,whatsapp,General Inquiry,Documentation,High,Open,Neutral,DataDash,Free,Middle East,English,Agent_001 (Priya S),I'm interested in a partnership opportunity with your company.,Issue fixed by agent,,,9.8,False,False,4,175,2025-03-22 06:15:00,9.8,,,24,,20,Friday,Noche (18-24),False,,False
TKT-01772,2024-02-28 12:30:00,,email,General Inquiry,Plan comparison,High,Open,Negative,InvoiceFlow,Enterprise,Africa,English,Agent_001 (Priya S),Does InvoiceFlow integrate with Salesforce?,Refund processed,,,12.2,False,False,3,487,2024-02-29 00:42:00,12.2,,,24,,12,Wednesday,Tarde (12-18),False,,False
TKT-01773,2024-06-01 14:31:00,2024-06-04 01:07:00,twitter_dm,Billing,Subscription upgrade,Low,Resolved,Neutral,InvoiceFlow,Professional,Middle East,French,Agent_007 (Elena V),I noticed an incorrect charge of $314.00 on my last bill. Can you look into invoice INV-5046?,Refund processed,58.6,3.0,9.6,False,False,3,918,2024-06-02 00:07:00,9.6,49.0,58.6,72,1.0,14,Saturday,Tarde (12-18),False,0.0,False
TKT-01774,2024-04-07 13:17:00,2024-04-11 04:53:00,chat,Technical Issue,Data sync issue,Medium,Closed,Very Negative,DataDash,Professional,Europe,Arabic,Agent_009 (Yuki T),The app keeps crashing when I try to connect an integration. I'm on iOS 17.,No action needed,87.6,1.3,7.2,False,False,5,223,2024-04-07 20:29:00,7.2,80.39999999999999,87.6,48,0.0,13,Sunday,Tarde (12-18),False,39.599999999999994,False
TKT-01775,2024-06-13 16:29:00,2024-06-17 03:17:00,chat,Technical Issue,Feature not working,Medium,Resolved,Negative,DataDash,Free,Middle East,English,Agent_009 (Yuki T),The app keeps crashing when I try to connect an integration. I'm on iOS 17.,Issue fixed by agent,82.8,2.5,11.6,False,False,5,361,2024-06-14 04:05:00,11.6,71.2,82.8,48,0.0,16,Thursday,Tarde (12-18),False,34.8,False
TKT-01776,2025-05-31 11:27:00,2025-06-07 19:51:00,whatsapp,General Inquiry,Plan comparison,Low,Closed,Negative,CloudSync Pro,Professional,Middle East,Spanish,Unassigned,Where can I find documentation on setting up the API?,Issue fixed by agent,176.4,2.3,,False,False,12,22,,,,176.4,72,0.0,11,Saturday,Mañana (06-12),False,104.4,False
TKT-01777,2024-06-12 15:29:00,2024-06-14 14:11:00,chat,Technical Issue,Feature not working,Low,Closed,Negative,CloudSync Pro,Professional,Europe,Japanese,Agent_005 (Sophie M),Performance has been extremely slow on my end. Pages take 20+ seconds to load.,Issue fixed by agent,46.7,2.5,17.5,False,False,5,952,2024-06-13 08:59:00,17.5,29.200000000000003,46.7,72,1.0,15,Wednesday,Tarde (12-18),False,0.0,False
TKT-01778,2024-02-01 19:23:00,2024-02-07 21:59:00,email,Delivery / Shipping,Missing package,Low,Resolved,Negative,SecureVault,Enterprise,Africa,English,Agent_004 (Omar F),"My order #31323 was supposed to arrive on Dec 04, 2024 but it's still not here.",Refund processed,146.6,2.4,19.2,False,False,4,1450,2024-02-02 14:35:00,19.2,127.39999999999999,146.6,72,0.0,19,Thursday,Noche (18-24),False,74.6,False
TKT-01779,2024-01-23 19:41:00,,email,Account Access,Email change,High,In Progress,Very Negative,TaskBoard,Enterprise,North America,Spanish,Agent_008 (Daniel N),I need to update the email address associated with my account.,No action needed,,,4.0,False,False,8,115,2024-01-23 23:41:00,4.0,,,24,,19,Tuesday,Noche (18-24),False,,False
TKT-01780,2024-04-05 15:39:00,2024-04-10 04:27:00,whatsapp,Billing,Invoice request,Low,Resolved,Negative,SecureVault,Free,Middle East,French,Agent_007 (Elena V),My payment of $459.49 failed but the amount was still deducted from my account.,Refund processed,108.8,2.3,13.4,False,False,7,796,2024-04-06 05:03:00,13.4,95.39999999999999,108.8,72,0.0,15,Friday,Tarde (12-18),False,36.8,False
TKT-01781,2024-10-01 17:51:00,2024-10-02 14:33:00,email,Delivery / Shipping,Late delivery,High,Resolved,Neutral,CloudSync Pro,Starter,Southeast Asia,French,Agent_004 (Omar F),"My order #58504 was supposed to arrive on Dec 24, 2024 but it's still not here.",Policy exception granted,20.7,3.8,10.1,False,False,12,156,2024-10-02 03:57:00,10.1,10.6,20.7,24,1.0,17,Tuesday,Tarde (12-18),False,0.0,False
TKT-01782,2024-01-30 11:29:00,2024-02-02 00:35:00,whatsapp,Account Access,Account locked,Medium,Resolved,Negative,TaskBoard,Starter,Middle East,English,Agent_004 (Omar F),I need to update the email address associated with my account.,Policy exception granted,61.1,2.7,7.6,False,False,12,1119,2024-01-30 19:05:00,7.6,53.5,61.1,48,0.0,11,Tuesday,Mañana (06-12),False,13.100000000000001,False
TKT-01783,2024-11-06 18:29:00,2024-11-13 14:47:00,email,Account Access,2FA issue,Low,Resolved,Negative,TaskBoard,Professional,Middle East,English,Agent_005 (Sophie M),I'm having trouble with 2FA — the codes aren't working on my new phone.,Issue fixed by agent,164.3,2.3,10.2,False,False,1,257,2024-11-07 04:41:00,10.2,154.10000000000002,164.3,72,0.0,18,Wednesday,Noche (18-24),True,92.30000000000001,False
TKT-01784,2025-05-26 13:49:00,2025-05-29 19:01:00,email,Complaint,Policy dissatisfaction,Medium,Closed,Very Negative,SecureVault,Professional,Europe,German,Agent_008 (Daniel N),Your refund policy is very unfair. I'm considering leaving the platform.,Issue fixed by agent,77.2,1.0,10.4,False,False,10,1309,2025-05-27 00:13:00,10.4,66.8,77.2,48,0.0,13,Monday,Tarde (12-18),False,29.200000000000003,False
TKT-01785,2024-06-05 10:02:00,,helpdesk_portal,Feature Request,Dark mode,High,Open,Very Negative,TaskBoard,Enterprise,Europe,English,Agent_003 (Lena K),It would be really helpful if SecureVault supported direct integration with Jira.,Self-service guided,,,19.5,False,False,4,1008,2024-06-06 05:32:00,19.5,,,24,,10,Wednesday,Mañana (06-12),False,,False
TKT-01786,2025-04-04 12:27:00,,web_form,Billing,Invoice request,Medium,In Progress,Very Negative,CloudSync Pro,Enterprise,South Asia,Arabic,Agent_001 (Priya S),"Hi, I was charged $194.49 twice on Mar 29, 2024. My invoice is INV-5943. Please refund the duplicate.",Self-service guided,,,7.1,False,False,7,565,2025-04-04 19:33:00,7.1,,,48,,12,Friday,Tarde (12-18),False,,False
TKT-01787,2024-09-23 17:23:00,,phone,Technical Issue,Feature not working,Medium,Open,Neutral,DataDash,Starter,Southeast Asia,Hindi,Agent_009 (Yuki T),My data isn't syncing across devices. Last successful sync was 14 days ago.,Issue fixed by agent,,,7.4,False,False,5,278,2024-09-24 00:47:00,7.4,,,48,,17,Monday,Tarde (12-18),False,,False
TKT-01788,2024-06-26 09:59:00,,chat,Feature Request,API access,Low,Open,Negative,SecureVault,Free,Africa,German,Agent_005 (Sophie M),It would be really helpful if TaskBoard supported direct integration with Zapier.,Pending customer,,,22.9,False,False,3,482,2024-06-27 08:53:00,22.9,,,72,,9,Wednesday,Mañana (06-12),False,,False
TKT-01789,2025-02-20 20:22:00,,whatsapp,Billing,Subscription upgrade,Medium,In Progress,Neutral,SecureVault,Professional,Middle East,German,Agent_007 (Elena V),"Hi, I was charged $430.00 twice on Mar 08, 2025. My invoice is INV-7679. Please refund the duplicate.",Escalated to engineering,,,2.5,False,False,12,1430,2025-02-20 22:52:00,2.5,,,48,,20,Thursday,Noche (18-24),False,,False
TKT-01790,2024-01-07 11:16:00,2024-01-08 17:34:00,phone,Technical Issue,Performance slow,High,Closed,Very Negative,InvoiceFlow,Professional,North America,Hindi,Agent_001 (Priya S),The app keeps crashing when I try to invite a team member. I'm on Windows 11.,Issue fixed by agent,30.3,1.1,23.1,False,False,2,456,2024-01-08 10:22:00,23.1,7.199999999999999,30.3,24,0.0,11,Sunday,Mañana (06-12),False,6.300000000000001,False
TKT-01791,2024-07-17 11:51:00,,helpdesk_portal,Billing,Duplicate charge,Critical,In Progress,Negative,DataDash,Professional,North America,English,Agent_004 (Omar F),Could you send me a detailed invoice for the period Apr–Jun 2024? I need it for tax purposes.,Issue fixed by agent,,,22.3,True,False,1,555,2024-07-18 10:09:00,22.3,,,8,,11,Wednesday,Mañana (06-12),True,,False
TKT-01792,2024-03-30 18:37:00,2024-03-31 17:01:00,phone,Technical Issue,Performance slow,Medium,Closed,Negative,TaskBoard,Free,South Asia,English,Agent_002 (James T),I'm unable to connect an integration since the latest update. Getting error code ERR-989.,,22.4,2.2,9.4,False,False,1,1433,2024-03-31 04:01:00,9.4,12.999999999999998,22.4,48,1.0,18,Saturday,Noche (18-24),True,0.0,False
TKT-01793,2024-09-27 12:44:00,,whatsapp,Technical Issue,Performance slow,High,Open,Neutral,SecureVault,Enterprise,South Asia,Hindi,Agent_007 (Elena V),Performance has been extremely slow on my end. Pages take 20+ seconds to load.,Issue fixed by agent,,,19.9,False,False,5,1107,2024-09-28 08:38:00,19.9,,,24,,12,Friday,Tarde (12-18),False,,False
TKT-01794,2025-05-09 12:17:00,2025-05-11 07:29:00,email,Technical Issue,App crash,Medium,Resolved,Negative,DataDash,Professional,Africa,English,Agent_008 (Daniel N),Performance has been extremely slow on my end. Pages take 20+ seconds to load.,No action needed,43.2,2.2,5.5,False,False,5,906,2025-05-09 17:47:00,5.5,37.7,43.2,48,1.0,12,Friday,Tarde (12-18),False,0.0,False
TKT-01795,2024-07-10 17:30:00,2024-07-12 09:12:00,email,Refund / Return,Partial refund,Low,Closed,Neutral,SecureVault,Starter,Southeast Asia,English,Agent_004 (Omar F),What's the status of refund request #REF-4734? It's been 3 days.,No action needed,39.7,3.1,16.9,False,False,7,1002,2024-07-11 10:24:00,16.9,22.800000000000004,39.7,72,1.0,17,Wednesday,Tarde (12-18),False,0.0,False
TKT-01796,2024-07-30 07:35:00,2024-07-30 22:11:00,email,Billing,Incorrect amount,High,Closed,Negative,CloudSync Pro,Starter,North America,English,Agent_002 (James T),"Hi, I was charged $396.99 twice on Mar 29, 2024. My invoice is INV-5978. Please refund the duplicate.",Issue fixed by agent,,2.7,,False,False,3,471,,,,,24,,7,Tuesday,Mañana (06-12),False,,True
TKT-01797,2024-02-11 16:09:00,2024-02-13 03:27:00,email,Billing,Subscription upgrade,High,Resolved,Positive,CloudSync Pro,Starter,South Asia,English,Agent_005 (Sophie M),Could you send me a detailed invoice for the period Jan–Mar 2024? I need it for tax purposes.,Issue fixed by agent,35.3,4.7,21.0,False,False,10,948,2024-02-12 13:09:00,21.0,14.299999999999997,35.3,24,0.0,16,Sunday,Tarde (12-18),False,11.299999999999997,False
TKT-01798,2024-05-05 21:40:00,2024-05-08 14:22:00,phone,Account Access,2FA issue,Medium,Closed,Negative,TaskBoard,Free,South Asia,English,Agent_003 (Lena K),I'm having trouble with 2FA — the codes aren't working on my new phone.,Issue fixed by agent,64.7,2.4,13.4,False,False,6,679,2024-05-06 11:04:00,13.4,51.300000000000004,64.7,48,0.0,21,Sunday,Noche (18-24),False,16.700000000000003,False
TKT-01799,2024-03-23 17:38:00,,phone,General Inquiry,Partnership,Low,In Progress,Negative,TaskBoard,Enterprise,Europe,French,Agent_003 (Lena K),I'm interested in a partnership opportunity with your company.,Self-service guided,,,17.9,False,False,9,461,2024-03-24 11:32:00,17.9,,,72,,17,Saturday,Tarde (12-18),False,,False
TKT-01800,2025-06-16 22:16:00,,web_form,Technical Issue,Performance slow,Low,Open,Negative,TaskBoard,Enterprise,North America,English,Agent_004 (Omar F),My data isn't syncing across devices. Last successful sync was 6 days ago.,Issue fixed by agent,,,1.2,False,False,5,699,2025-06-16 23:28:00,1.2,,,72,,22,Monday,Noche (18-24),False,,False
TKT-01801,2024-04-27 22:41:00,2024-04-29 12:17:00,phone,Billing,Subscription upgrade,Medium,Resolved,Neutral,CloudSync Pro,Starter,Southeast Asia,English,Agent_008 (Daniel N),My payment of $88.49 failed but the amount was still deducted from my account.,Refund processed,37.6,3.9,16.5,True,False,9,982,2024-04-28 15:11:00,16.5,21.1,37.6,48,1.0,22,Saturday,Noche (18-24),False,0.0,False
TKT-01802,2024-04-26 14:12:00,2024-04-28 00:30:00,web_form,Technical Issue,Feature not working,Medium,Resolved,Negative,CloudSync Pro,Starter,North America,Japanese,Agent_007 (Elena V),Performance has been extremely slow on my end. Pages take 20+ seconds to load.,,34.3,2.6,13.3,False,False,11,1018,2024-04-27 03:30:00,13.3,20.999999999999996,34.3,48,1.0,14,Friday,Tarde (12-18),False,0.0,False
TKT-01803,2025-04-21 10:47:00,2025-04-23 07:53:00,helpdesk_portal,Refund / Return,Policy inquiry,Medium,Closed,Very Negative,DataDash,Enterprise,Africa,English,Agent_005 (Sophie M),What's the status of refund request #REF-8978? It's been 6 days.,Issue fixed by agent,45.1,1.9,9.7,False,False,12,546,2025-04-21 20:29:00,9.7,35.400000000000006,45.1,48,1.0,10,Monday,Mañana (06-12),False,0.0,False
TKT-01804,2024-01-31 09:06:00,2024-02-03 01:42:00,email,General Inquiry,Partnership,Medium,Resolved,Negative,InvoiceFlow,Free,Southeast Asia,English,Agent_004 (Omar F),I'm interested in a partnership opportunity with your company.,Issue fixed by agent,64.6,2.9,4.0,False,False,7,1367,2024-01-31 13:06:00,4.0,60.599999999999994,64.6,48,0.0,9,Wednesday,Mañana (06-12),False,16.599999999999994,False
TKT-01805,2025-03-17 15:03:00,2025-03-18 21:09:00,phone,Billing,Subscription upgrade,High,Closed,Positive,CloudSync Pro,Enterprise,North America,German,Agent_009 (Yuki T),My payment of $489.99 failed but the amount was still deducted from my account.,No action needed,30.1,4.2,3.0,False,False,5,1203,2025-03-17 18:03:00,3.0,27.1,30.1,24,0.0,15,Monday,Tarde (12-18),False,6.100000000000001,False
TKT-01806,2024-01-06 12:14:00,,phone,Account Access,2FA issue,Low,In Progress,Negative,SecureVault,Starter,Europe,English,Agent_009 (Yuki T),My account appears to be locked. I haven't violated any terms.,Self-service guided,,,0.8,False,False,2,42,2024-01-06 13:02:00,0.8,,,72,,12,Saturday,Tarde (12-18),False,,False
TKT-01807,2024-05-23 14:57:00,2024-05-26 10:09:00,whatsapp,Billing,Subscription upgrade,Low,Closed,Positive,InvoiceFlow,Enterprise,North America,English,Agent_001 (Priya S),My payment of $239.99 failed but the amount was still deducted from my account.,Self-service guided,67.2,4.6,6.3,False,False,8,426,2024-05-23 21:15:00,6.3,60.900000000000006,67.2,72,1.0,14,Thursday,Tarde (12-18),False,0.0,False
TKT-01808,2025-01-09 14:47:00,2025-01-10 01:29:00,helpdesk_portal,Technical Issue,App crash,Critical,Closed,Positive,CloudSync Pro,Professional,North America,English,Agent_003 (Lena K),The app keeps crashing when I try to upload a file. I'm on Android 14.,Escalated to engineering,,4.5,,False,False,8,1345,,,,,8,,14,Thursday,Tarde (12-18),False,,True
TKT-01809,2024-07-18 21:45:00,2024-07-20 18:15:00,whatsapp,Technical Issue,Performance slow,Medium,Closed,Neutral,InvoiceFlow,Professional,Europe,German,Agent_002 (James T),I'm unable to connect an integration since the latest update. Getting error code ERR-229.,Escalated to engineering,44.5,3.0,14.7,False,False,10,3,2024-07-19 12:27:00,14.7,29.8,44.5,48,1.0,21,Thursday,Noche (18-24),False,0.0,False
TKT-01810,2024-10-31 08:03:00,,chat,Feature Request,UI improvement,High,In Progress,Positive,CloudSync Pro,Professional,North America,English,Agent_005 (Sophie M),Is there any plan to expose an API for the reporting module?,Pending customer,,,8.7,False,False,2,329,2024-10-31 16:45:00,8.7,,,24,,8,Thursday,Mañana (06-12),False,,False
TKT-01811,2024-06-17 15:10:00,2024-06-19 06:28:00,chat,Technical Issue,Login error,Low,Closed,Very Negative,DataDash,Free,North America,French,Agent_004 (Omar F),The app keeps crashing when I try to export a report. I'm on Windows 11.,Refund processed,39.3,1.7,13.2,False,False,8,1049,2024-06-18 04:22:00,13.2,26.099999999999998,39.3,72,1.0,15,Monday,Tarde (12-18),False,0.0,False
TKT-01812,2024-03-11 21:29:00,,chat,Account Access,2FA issue,Low,In Progress,Negative,DataDash,Professional,North America,English,Agent_001 (Priya S),I need to update the email address associated with my account.,Issue fixed by agent,,,7.6,False,False,5,509,2024-03-12 05:05:00,7.6,,,72,,21,Monday,Noche (18-24),False,,False
TKT-01813,2024-09-26 10:59:00,2024-10-03 14:41:00,whatsapp,Account Access,2FA issue,Low,Resolved,Neutral,SecureVault,Enterprise,North America,Hindi,Agent_004 (Omar F),My account appears to be locked. I haven't violated any terms.,Issue fixed by agent,171.7,3.3,8.6,True,False,9,3,2024-09-26 19:35:00,8.6,163.1,171.7,72,0.0,10,Thursday,Mañana (06-12),False,99.69999999999999,False
TKT-01814,2024-12-18 14:30:00,2024-12-20 09:06:00,web_form,Refund / Return,Return request,Low,Resolved,Neutral,CloudSync Pro,Starter,North America,French,Unassigned,What's the status of refund request #REF-4885? It's been 2 days.,Refund processed,42.6,3.3,,True,False,8,743,,,,42.6,72,1.0,14,Wednesday,Tarde (12-18),False,0.0,False
TKT-01815,2024-08-18 16:02:00,,email,Technical Issue,Login error,Medium,In Progress,Negative,CloudSync Pro,Professional,Africa,French,Agent_004 (Omar F),The app keeps crashing when I try to upload a file. I'm on Windows 11.,Issue fixed by agent,,,0.6,False,False,7,405,2024-08-18 16:38:00,0.6,,,48,,16,Sunday,Tarde (12-18),False,,False
TKT-01816,2024-10-29 13:26:00,,helpdesk_portal,Technical Issue,Login error,Low,Open,Negative,TaskBoard,Enterprise,Europe,Hindi,Agent_003 (Lena K),I'm unable to upload a file since the latest update. Getting error code ERR-668.,Self-service guided,,,11.4,False,False,9,54,2024-10-30 00:50:00,11.4,,,72,,13,Tuesday,Tarde (12-18),False,,False
TKT-01817,2024-01-12 20:55:00,2024-01-13 04:31:00,helpdesk_portal,General Inquiry,Documentation,Critical,Closed,Negative,InvoiceFlow,Professional,Southeast Asia,French,Agent_005 (Sophie M),Where can I find documentation on setting up the API?,Policy exception granted,,2.5,,False,False,1,222,,,,,8,,20,Friday,Noche (18-24),True,,True
TKT-01818,2024-10-15 14:37:00,,whatsapp,Refund / Return,Return request,Low,In Progress,Negative,InvoiceFlow,Enterprise,North America,Hindi,Agent_005 (Sophie M),I was overcharged and would like a partial refund for the difference.,Issue fixed by agent,,,20.8,True,False,3,461,2024-10-16 11:25:00,20.8,,,72,,14,Tuesday,Tarde (12-18),False,,False
TKT-01819,2024-11-27 18:23:00,2024-12-01 09:23:00,chat,Billing,Payment failure,Low,Resolved,Very Negative,DataDash,Enterprise,South Asia,Spanish,Agent_005 (Sophie M),"Hi, I was charged $325.99 twice on Apr 04, 2024. My invoice is INV-8642. Please refund the duplicate.",Refund processed,87.0,1.4,11.5,False,False,5,1290,2024-11-28 05:53:00,11.5,75.5,87.0,72,0.0,18,Wednesday,Noche (18-24),False,15.0,False
TKT-01820,2025-05-03 15:54:00,,phone,Delivery / Shipping,Missing package,Low,Open,Positive,InvoiceFlow,Enterprise,North America,Hindi,Agent_002 (James T),The item I received is damaged. I need a replacement or refund for order #68084.,Self-service guided,,,0.3,False,False,8,359,2025-05-03 16:12:00,0.3,,,72,,15,Saturday,Tarde (12-18),False,,False
TKT-01821,2024-02-01 07:10:00,2024-02-02 19:16:00,chat,Complaint,Long wait time,Medium,Closed,Negative,DataDash,Starter,Latin America,Hindi,Agent_001 (Priya S),I've been waiting 4 days for a response. This is unacceptable.,Issue fixed by agent,36.1,2.3,2.8,False,False,9,637,2024-02-01 09:58:00,2.8,33.300000000000004,36.1,48,1.0,7,Thursday,Mañana (06-12),False,0.0,False
TKT-01822,2024-02-26 16:55:00,2024-03-02 01:01:00,twitter_dm,Account Access,Account deletion,Low,Closed,Negative,SecureVault,Professional,Europe,English,Unassigned,I can't log in to my account. The password reset email is not arriving.,Refund processed,104.1,2.4,,False,False,9,1409,,,,104.1,72,0.0,16,Monday,Tarde (12-18),False,32.099999999999994,False
TKT-01823,2024-02-17 22:02:00,,whatsapp,Refund / Return,Partial refund,Medium,Open,Negative,DataDash,Starter,Africa,English,Agent_007 (Elena V),I was overcharged and would like a partial refund for the difference.,Issue fixed by agent,,,7.4,False,False,7,430,2024-02-18 05:26:00,7.4,,,48,,22,Saturday,Noche (18-24),False,,False
TKT-01824,2024-06-18 09:55:00,,email,Refund / Return,Policy inquiry,Low,In Progress,Neutral,DataDash,Free,Europe,English,Agent_009 (Yuki T),I'd like to request a full refund for my recent purchase. Order #63972.,Self-service guided,,,12.2,False,False,3,476,2024-06-18 22:07:00,12.2,,,72,,9,Tuesday,Mañana (06-12),False,,False
TKT-01825,2024-01-20 13:05:00,,web_form,Billing,Invoice request,Critical,In Progress,Neutral,InvoiceFlow,Free,Southeast Asia,Hindi,Agent_008 (Daniel N),Could you send me a detailed invoice for the period Jan–Mar 2024? I need it for tax purposes.,Self-service guided,,,7.1,False,False,4,899,2024-01-20 20:11:00,7.1,,,8,,13,Saturday,Tarde (12-18),False,,False
TKT-01826,2024-07-17 07:04:00,2024-07-17 14:58:00,email,Technical Issue,Performance slow,Critical,Resolved,Negative,SecureVault,Enterprise,Southeast Asia,Japanese,Agent_007 (Elena V),My data isn't syncing across devices. Last successful sync was 8 days ago.,Issue fixed by agent,,2.1,,False,False,2,444,,,,,8,,7,Wednesday,Mañana (06-12),False,,True
TKT-01827,2024-10-17 17:12:00,,twitter_dm,Account Access,Password reset,High,Open,Negative,SecureVault,Free,Africa,Spanish,Agent_002 (James T),I need to update the email address associated with my account.,,,,12.5,False,False,9,28,2024-10-18 05:42:00,12.5,,,24,,17,Thursday,Tarde (12-18),False,,False
TKT-01828,2025-04-19 20:21:00,,web_form,Feature Request,Dark mode,Medium,Open,Very Negative,SecureVault,Professional,Europe,French,Agent_006 (Raj P),It would be really helpful if SecureVault supported direct integration with HubSpot.,Pending customer,,,20.4,True,False,6,888,2025-04-20 16:45:00,20.4,,,48,,20,Saturday,Noche (18-24),False,,False
TKT-01829,2025-01-11 11:41:00,2025-01-13 18:47:00,email,Account Access,Email change,Medium,Resolved,Negative,DataDash,Professional,Middle East,English,Agent_002 (James T),I'm having trouble with 2FA — the codes aren't working on my new phone.,Issue fixed by agent,55.1,2.1,13.3,False,False,7,1390,2025-01-12 00:59:00,13.3,41.8,55.1,48,0.0,11,Saturday,Mañana (06-12),False,7.100000000000001,False
TKT-01830,2025-02-25 21:23:00,2025-02-26 20:05:00,web_form,Delivery / Shipping,Late delivery,High,Resolved,Very Negative,CloudSync Pro,Free,South Asia,English,Agent_003 (Lena K),The tracking for order #99962 hasn't updated in 5 days.,Pending customer,22.7,1.6,18.7,False,False,10,705,2025-02-26 16:05:00,18.7,4.0,22.7,24,1.0,21,Tuesday,Noche (18-24),False,0.0,False
TKT-01831,2024-05-29 12:46:00,2024-05-29 19:04:00,email,Account Access,Password reset,Critical,Resolved,Very Negative,InvoiceFlow,Free,Europe,Hindi,Agent_003 (Lena K),My account appears to be locked. I haven't violated any terms.,Issue fixed by agent,,1.0,,False,False,3,866,,,,,8,,12,Wednesday,Tarde (12-18),False,,True
TKT-01832,2025-01-03 13:11:00,2025-01-06 10:41:00,email,Billing,Incorrect amount,Medium,Resolved,Neutral,SecureVault,Professional,Southeast Asia,English,Agent_001 (Priya S),Could you send me a detailed invoice for the period Oct–Dec 2024? I need it for tax purposes.,Issue fixed by agent,69.5,4.0,5.8,False,False,4,968,2025-01-03 18:59:00,5.8,63.7,69.5,48,0.0,13,Friday,Tarde (12-18),False,21.5,False
TKT-01833,2024-09-23 10:54:00,2024-09-25 12:42:00,email,Delivery / Shipping,Late delivery,Medium,Resolved,Very Negative,CloudSync Pro,Professional,South Asia,German,Agent_005 (Sophie M),The item I received is damaged. I need a replacement or refund for order #86590.,Issue fixed by agent,49.8,1.9,20.9,False,False,12,1262,2024-09-24 07:48:00,20.9,28.9,49.8,48,0.0,10,Monday,Mañana (06-12),False,1.7999999999999972,False
TKT-01834,2025-03-29 22:00:00,2025-03-30 10:12:00,whatsapp,Account Access,Email change,Critical,Closed,Positive,DataDash,Professional,North America,Hindi,Agent_007 (Elena V),I need to update the email address associated with my account.,,,4.1,,False,False,8,1338,,,,,8,,22,Saturday,Noche (18-24),False,,True
TKT-01835,2024-04-20 10:34:00,,email,Refund / Return,Full refund,High,In Progress,Positive,TaskBoard,Professional,Middle East,English,Agent_008 (Daniel N),I was overcharged and would like a partial refund for the difference.,Refund processed,,,8.4,False,False,9,271,2024-04-20 18:58:00,8.4,,,24,,10,Saturday,Mañana (06-12),False,,False
TKT-01836,2024-11-02 20:41:00,2024-11-04 22:17:00,whatsapp,General Inquiry,Partnership,Medium,Resolved,Negative,TaskBoard,Starter,Europe,Hindi,Agent_005 (Sophie M),Does InvoiceFlow integrate with Salesforce?,Refund processed,49.6,2.1,16.7,False,False,12,995,2024-11-03 13:23:00,16.7,32.900000000000006,49.6,48,0.0,20,Saturday,Noche (18-24),False,1.6000000000000014,False
TKT-01837,2024-12-19 07:05:00,2024-12-20 06:11:00,twitter_dm,Technical Issue,App crash,Medium,Resolved,Very Negative,SecureVault,Free,Europe,English,Agent_001 (Priya S),The app keeps crashing when I try to upload a file. I'm on macOS Sonoma.,Issue fixed by agent,23.1,1.6,21.9,False,False,12,371,2024-12-20 04:59:00,21.9,1.2000000000000028,23.1,48,1.0,7,Thursday,Mañana (06-12),False,0.0,False
TKT-01838,2024-09-20 13:11:00,2024-09-23 01:17:00,chat,Billing,Payment failure,Medium,Closed,Negative,CloudSync Pro,Free,Europe,Spanish,Agent_009 (Yuki T),"Hi, I was charged $345.49 twice on Mar 22, 2025. My invoice is INV-9701. Please refund the duplicate.",Issue fixed by agent,60.1,2.8,18.2,False,False,3,1008,2024-09-21 07:23:00,18.2,41.900000000000006,60.1,48,0.0,13,Friday,Tarde (12-18),False,12.100000000000001,False
TKT-01839,2024-12-28 22:04:00,2025-01-02 21:10:00,chat,Feature Request,New integration,Low,Resolved,Very Negative,CloudSync Pro,Starter,Africa,English,Agent_004 (Omar F),Is there any plan to expose an API for the reporting module?,Policy exception granted,119.1,1.9,23.2,False,False,5,1224,2024-12-29 21:16:00,23.2,95.89999999999999,119.1,72,0.0,22,Saturday,Noche (18-24),False,47.099999999999994,False
TKT-01840,2024-10-31 22:03:00,,chat,Billing,Invoice request,Medium,In Progress,Negative,TaskBoard,Starter,Middle East,Arabic,Agent_002 (James T),My payment of $345.99 failed but the amount was still deducted from my account.,Issue fixed by agent,,,6.8,False,False,12,1171,2024-11-01 04:51:00,6.8,,,48,,22,Thursday,Noche (18-24),False,,False
TKT-01841,2025-05-07 09:52:00,,web_form,Technical Issue,Data sync issue,Low,In Progress,Neutral,CloudSync Pro,Professional,Middle East,English,Agent_004 (Omar F),The app keeps crashing when I try to export a report. I'm on iOS 17.,Self-service guided,,,14.4,False,False,7,944,2025-05-08 00:16:00,14.4,,,72,,9,Wednesday,Mañana (06-12),False,,False
TKT-01842,2025-02-06 15:58:00,2025-02-08 05:40:00,whatsapp,Technical Issue,Login error,Low,Resolved,Negative,DataDash,Starter,Europe,English,Agent_003 (Lena K),Performance has been extremely slow on my end. Pages take 20+ seconds to load.,Refund processed,37.7,2.3,2.4,True,False,10,1053,2025-02-06 18:22:00,2.4,35.300000000000004,37.7,72,1.0,15,Thursday,Tarde (12-18),False,0.0,False
TKT-01843,2024-02-28 17:38:00,,whatsapp,Billing,Duplicate charge,Critical,Open,Positive,TaskBoard,Professional,North America,English,Agent_001 (Priya S),I noticed an incorrect charge of $251.49 on my last bill. Can you look into invoice INV-4350?,Issue fixed by agent,,,13.1,False,False,1,1210,2024-02-29 06:44:00,13.1,,,8,,17,Wednesday,Tarde (12-18),True,,False
TKT-01844,2024-11-01 12:46:00,2024-11-02 17:28:00,phone,Technical Issue,App crash,Medium,Escalated,Very Negative,CloudSync Pro,Free,Latin America,Japanese,Agent_001 (Priya S),Performance has been extremely slow on my end. Pages take 20+ seconds to load.,Escalated to engineering,28.7,,21.9,True,True,12,900,2024-11-02 10:40:00,21.9,6.800000000000001,28.7,48,1.0,12,Friday,Tarde (12-18),False,0.0,False
TKT-01845,2024-02-15 14:09:00,2024-02-18 10:09:00,email,Billing,Incorrect amount,Medium,Closed,Neutral,DataDash,Professional,North America,English,Agent_001 (Priya S),I noticed an incorrect charge of $208.00 on my last bill. Can you look into invoice INV-5382?,Issue fixed by agent,68.0,3.9,2.5,False,False,5,837,2024-02-15 16:39:00,2.5,65.5,68.0,48,0.0,14,Thursday,Tarde (12-18),False,20.0,False
TKT-01846,2024-07-28 18:20:00,,email,Account Access,Account deletion,Critical,Open,Negative,CloudSync Pro,Free,North America,Spanish,Agent_009 (Yuki T),I need to update the email address associated with my account.,Self-service guided,,,17.0,False,False,12,796,2024-07-29 11:20:00,17.0,,,8,,18,Sunday,Noche (18-24),False,,False
TKT-01847,2025-01-28 07:04:00,2025-01-31 13:28:00,email,Billing,Payment failure,Medium,Closed,Very Negative,TaskBoard,Free,Latin America,English,Agent_008 (Daniel N),Could you send me a detailed invoice for the period Jul–Sep 2024? I need it for tax purposes.,Issue fixed by agent,78.4,1.9,0.8,False,False,2,414,2025-01-28 07:52:00,0.8,77.60000000000001,78.4,48,0.0,7,Tuesday,Mañana (06-12),False,30.400000000000006,False
TKT-01848,2024-01-04 21:42:00,2024-01-08 12:06:00,email,Refund / Return,Return request,Low,Escalated,Neutral,CloudSync Pro,Professional,Europe,English,Agent_001 (Priya S),I was overcharged and would like a partial refund for the difference.,Issue fixed by agent,86.4,,22.1,True,True,4,86,2024-01-05 19:48:00,22.1,64.30000000000001,86.4,72,0.0,21,Thursday,Noche (18-24),False,14.400000000000006,False
TKT-01849,2024-07-17 10:58:00,,chat,Delivery / Shipping,Wrong item,Medium,In Progress,Negative,CloudSync Pro,Professional,Southeast Asia,Spanish,Agent_004 (Omar F),The tracking for order #25458 hasn't updated in 6 days.,Self-service guided,,,2.1,False,False,12,735,2024-07-17 13:04:00,2.1,,,48,,10,Wednesday,Mañana (06-12),False,,False
TKT-01850,2025-06-29 10:49:00,2025-06-30 06:01:00,email,Feature Request,API access,High,Resolved,Neutral,InvoiceFlow,Starter,North America,Spanish,Agent_008 (Daniel N),A dark mode option would be greatly appreciated for late-night work sessions.,Policy exception granted,19.2,3.9,9.3,False,False,4,491,2025-06-29 20:07:00,9.3,9.899999999999999,19.2,24,1.0,10,Sunday,Mañana (06-12),False,0.0,False
TKT-01851,2025-02-19 16:13:00,2025-02-22 16:49:00,chat,Technical Issue,Login error,Medium,Resolved,Very Negative,InvoiceFlow,Enterprise,North America,English,Agent_009 (Yuki T),I'm unable to export a report since the latest update. Getting error code ERR-301.,No action needed,72.6,1.6,11.3,False,False,9,1408,2025-02-20 03:31:00,11.3,61.3,72.6,48,0.0,16,Wednesday,Tarde (12-18),False,24.599999999999994,False
TKT-01852,2025-02-25 19:23:00,2025-03-02 19:17:00,helpdesk_portal,Feature Request,API access,Low,Closed,Very Negative,DataDash,Enterprise,South Asia,French,Agent_006 (Raj P),A dark mode option would be greatly appreciated for late-night work sessions.,Pending customer,119.9,1.6,22.8,False,False,12,1203,2025-02-26 18:11:00,22.8,97.10000000000001,119.9,72,0.0,19,Tuesday,Noche (18-24),False,47.900000000000006,False
TKT-01853,2024-04-29 15:28:00,2024-05-01 00:22:00,email,Technical Issue,App crash,High,Resolved,Neutral,InvoiceFlow,Professional,Europe,English,Agent_003 (Lena K),I'm unable to connect an integration since the latest update. Getting error code ERR-461.,Self-service guided,32.9,3.7,22.0,False,False,8,241,2024-04-30 13:28:00,22.0,10.899999999999999,32.9,24,0.0,15,Monday,Tarde (12-18),False,8.899999999999999,False
TKT-01854,2024-04-21 22:57:00,2024-04-23 14:57:00,whatsapp,Feature Request,UI improvement,Medium,Resolved,Positive,InvoiceFlow,Free,North America,Japanese,Agent_005 (Sophie M),Is there any plan to expose an API for the reporting module?,Issue fixed by agent,40.0,4.0,4.0,False,False,2,1344,2024-04-22 02:57:00,4.0,36.0,40.0,48,1.0,22,Sunday,Noche (18-24),False,0.0,False
TKT-01855,2024-09-03 21:39:00,2024-09-06 15:15:00,phone,Feature Request,New integration,Medium,Resolved,Negative,CloudSync Pro,Free,Latin America,Japanese,Unassigned,Is there any plan to expose an API for the reporting module?,Refund processed,65.6,2.8,,False,False,2,1164,,,,65.6,48,0.0,21,Tuesday,Noche (18-24),False,17.599999999999994,False
TKT-01856,2025-01-08 16:22:00,2025-01-11 02:40:00,whatsapp,Complaint,Unresolved issue,Medium,Escalated,Very Negative,TaskBoard,Enterprise,Europe,Hindi,Agent_005 (Sophie M),The agent I spoke to was dismissive and unhelpful. I'd like to escalate.,Issue fixed by agent,58.3,,14.4,False,True,11,1154,2025-01-09 06:46:00,14.4,43.9,58.3,48,0.0,16,Wednesday,Tarde (12-18),False,10.299999999999997,False
TKT-01857,2024-03-17 21:05:00,2024-03-23 00:41:00,chat,Technical Issue,Performance slow,Low,Resolved,Negative,InvoiceFlow,Enterprise,Europe,English,Agent_002 (James T),Performance has been extremely slow on my end. Pages take 20+ seconds to load.,Issue fixed by agent,123.6,2.3,13.4,False,False,8,579,2024-03-18 10:29:00,13.4,110.19999999999999,123.6,72,0.0,21,Sunday,Noche (18-24),False,51.599999999999994,False
TKT-01858,2024-04-29 21:21:00,,web_form,Refund / Return,Policy inquiry,Low,In Progress,Negative,DataDash,Professional,Latin America,English,Agent_004 (Omar F),I want to return an item from order #76432 — it doesn't meet my needs.,Refund processed,,,9.4,False,False,3,947,2024-04-30 06:45:00,9.4,,,72,,21,Monday,Noche (18-24),False,,False
TKT-01859,2024-08-29 18:05:00,2024-08-31 22:23:00,phone,Technical Issue,Data sync issue,Medium,Closed,Positive,CloudSync Pro,Enterprise,Southeast Asia,Hindi,Agent_008 (Daniel N),Performance has been extremely slow on my end. Pages take 20+ seconds to load.,Self-service guided,52.3,4.8,16.6,False,False,2,1311,2024-08-30 10:41:00,16.6,35.699999999999996,52.3,48,0.0,18,Thursday,Noche (18-24),False,4.299999999999997,False
TKT-01860,2024-05-20 21:35:00,2024-05-24 01:47:00,whatsapp,Billing,Incorrect amount,Medium,Escalated,Very Negative,CloudSync Pro,Enterprise,Europe,English,Agent_009 (Yuki T),"Hi, I was charged $63.49 twice on Mar 06, 2024. My invoice is INV-2876. Please refund the duplicate.",Refund processed,76.2,,15.3,False,True,2,722,2024-05-21 12:53:00,15.3,60.900000000000006,76.2,48,0.0,21,Monday,Noche (18-24),False,28.200000000000003,False
TKT-01861,2025-05-06 09:57:00,2025-05-12 08:45:00,helpdesk_portal,Refund / Return,Partial refund,Low,Closed,Very Negative,CloudSync Pro,Free,Southeast Asia,Hindi,Agent_001 (Priya S),What's the status of refund request #REF-1981? It's been 2 days.,No action needed,142.8,1.3,8.6,False,False,4,365,2025-05-06 18:33:00,8.6,134.20000000000002,142.8,72,0.0,9,Tuesday,Mañana (06-12),False,70.80000000000001,False
TKT-01862,2024-07-15 17:14:00,2024-07-17 19:50:00,whatsapp,Account Access,Account locked,Low,Closed,Very Negative,InvoiceFlow,Free,Southeast Asia,English,Agent_009 (Yuki T),My account appears to be locked. I haven't violated any terms.,,50.6,1.3,13.3,False,False,3,850,2024-07-16 06:32:00,13.3,37.3,50.6,72,1.0,17,Monday,Tarde (12-18),False,0.0,False
TKT-01863,2025-02-23 17:26:00,2025-02-24 13:20:00,email,Delivery / Shipping,Tracking issue,Medium,Resolved,Very Negative,InvoiceFlow,Enterprise,North America,English,Agent_002 (James T),The item I received is damaged. I need a replacement or refund for order #74441.,,19.9,1.6,4.4,False,False,10,518,2025-02-23 21:50:00,4.4,15.499999999999998,19.9,48,1.0,17,Sunday,Tarde (12-18),False,0.0,False
TKT-01864,2025-05-29 15:16:00,2025-05-30 18:22:00,web_form,Refund / Return,Full refund,High,Closed,Very Negative,InvoiceFlow,Free,South Asia,Hindi,Agent_003 (Lena K),I was overcharged and would like a partial refund for the difference.,Pending customer,27.1,1.0,1.9,True,False,4,911,2025-05-29 17:10:00,1.9,25.200000000000003,27.1,24,0.0,15,Thursday,Tarde (12-18),False,3.1000000000000014,False
TKT-01865,2024-02-26 10:07:00,2024-02-27 07:19:00,whatsapp,Technical Issue,Feature not working,Medium,Resolved,Positive,TaskBoard,Professional,Africa,French,Agent_007 (Elena V),The app keeps crashing when I try to invite a team member. I'm on Windows 11.,Self-service guided,21.2,4.1,19.9,False,False,10,1394,2024-02-27 06:01:00,19.9,1.3000000000000007,21.2,48,1.0,10,Monday,Mañana (06-12),False,0.0,False
TKT-01866,2024-05-15 09:26:00,,email,Delivery / Shipping,Damaged item,Low,Open,Very Negative,CloudSync Pro,Professional,Southeast Asia,English,Agent_007 (Elena V),The item I received is damaged. I need a replacement or refund for order #95556.,Escalated to engineering,,,7.2,False,False,5,492,2024-05-15 16:38:00,7.2,,,72,,9,Wednesday,Mañana (06-12),False,,False
TKT-01867,2024-08-25 18:18:00,2024-08-28 02:54:00,twitter_dm,Account Access,Password reset,Medium,Resolved,Neutral,DataDash,Professional,Latin America,French,Agent_001 (Priya S),I can't log in to my account. The password reset email is not arriving.,No action needed,56.6,3.5,2.2,True,False,3,654,2024-08-25 20:30:00,2.2,54.4,56.6,48,0.0,18,Sunday,Noche (18-24),False,8.600000000000001,False
TKT-01868,2024-03-10 16:36:00,2024-03-13 20:06:00,phone,Delivery / Shipping,Late delivery,Low,Resolved,Negative,TaskBoard,Starter,South Asia,English,Agent_007 (Elena V),The tracking for order #22616 hasn't updated in 10 days.,Self-service guided,75.5,2.4,18.6,False,False,6,1365,2024-03-11 11:12:00,18.6,56.9,75.5,72,0.0,16,Sunday,Tarde (12-18),False,3.5,False
TKT-01869,2025-04-24 20:37:00,2025-04-27 18:13:00,web_form,Complaint,Policy dissatisfaction,Medium,Resolved,Negative,InvoiceFlow,Starter,Southeast Asia,English,Agent_004 (Omar F),Your refund policy is very unfair. I'm considering leaving the platform.,Escalated to engineering,69.6,3.0,19.1,False,False,4,1127,2025-04-25 15:43:00,19.1,50.49999999999999,69.6,48,0.0,20,Thursday,Noche (18-24),False,21.599999999999994,False
TKT-01870,2025-06-18 12:30:00,,helpdesk_portal,Billing,Incorrect amount,Medium,Open,Very Negative,TaskBoard,Enterprise,Southeast Asia,English,Agent_004 (Omar F),My payment of $91.99 failed but the amount was still deducted from my account.,Pending customer,,,23.9,False,False,6,1038,2025-06-19 12:24:00,23.9,,,48,,12,Wednesday,Tarde (12-18),False,,False
TKT-01871,2024-05-09 10:30:00,2024-05-12 00:06:00,web_form,Complaint,Rude agent,Medium,Escalated,Very Negative,CloudSync Pro,Enterprise,North America,English,Agent_001 (Priya S),The agent I spoke to was dismissive and unhelpful. I'd like to escalate.,Issue fixed by agent,61.6,,16.5,False,True,11,597,2024-05-10 03:00:00,16.5,45.1,61.6,48,0.0,10,Thursday,Mañana (06-12),False,13.600000000000001,False
TKT-01872,2024-03-04 14:14:00,,web_form,Complaint,Policy dissatisfaction,Low,Open,Very Negative,TaskBoard,Professional,Southeast Asia,English,Agent_001 (Priya S),I've been waiting 14 days for a response. This is unacceptable.,Issue fixed by agent,,,16.7,False,False,6,858,2024-03-05 06:56:00,16.7,,,72,,14,Monday,Tarde (12-18),False,,False
TKT-01873,2024-06-02 08:30:00,2024-06-05 19:54:00,phone,Feature Request,New integration,Low,Resolved,Neutral,InvoiceFlow,Free,South Asia,English,Agent_004 (Omar F),Is there any plan to expose an API for the reporting module?,Issue fixed by agent,83.4,4.0,2.2,False,False,1,92,2024-06-02 10:42:00,2.2,81.2,83.4,72,0.0,8,Sunday,Mañana (06-12),True,11.400000000000006,False
TKT-01874,2024-04-23 11:28:00,2024-04-23 21:34:00,email,Account Access,Account deletion,High,Resolved,Neutral,CloudSync Pro,Starter,Europe,Arabic,Agent_008 (Daniel N),I'm having trouble with 2FA — the codes aren't working on my new phone.,Refund processed,10.1,3.1,0.7,True,False,7,523,2024-04-23 12:10:00,0.7,9.4,10.1,24,1.0,11,Tuesday,Mañana (06-12),False,0.0,False
TKT-01875,2024-04-02 14:01:00,2024-04-04 01:01:00,email,Account Access,2FA issue,High,Resolved,Very Negative,CloudSync Pro,Starter,North America,Hindi,Agent_004 (Omar F),My account appears to be locked. I haven't violated any terms.,Issue fixed by agent,35.0,1.9,12.0,False,False,5,7,2024-04-03 02:01:00,12.0,23.0,35.0,24,0.0,14,Tuesday,Tarde (12-18),False,11.0,False
TKT-01876,2025-01-19 09:33:00,2025-01-21 23:39:00,web_form,Technical Issue,Login error,Medium,Closed,Positive,CloudSync Pro,Enterprise,Latin America,Hindi,Agent_007 (Elena V),My data isn't syncing across devices. Last successful sync was 12 days ago.,Pending customer,62.1,4.9,23.1,False,False,5,416,2025-01-20 08:39:00,23.1,39.0,62.1,48,0.0,9,Sunday,Mañana (06-12),False,14.100000000000001,False
TKT-01877,2024-03-22 11:19:00,2024-03-24 08:25:00,helpdesk_portal,Technical Issue,Login error,Low,Resolved,Neutral,TaskBoard,Professional,South Asia,Japanese,Agent_009 (Yuki T),The app keeps crashing when I try to export a report. I'm on Android 14.,,45.1,3.6,23.1,False,False,8,466,2024-03-23 10:25:00,23.1,22.0,45.1,72,1.0,11,Friday,Mañana (06-12),False,0.0,False
TKT-01878,2024-05-21 08:30:00,2024-05-21 13:00:00,whatsapp,Account Access,2FA issue,Critical,Escalated,Negative,TaskBoard,Enterprise,Africa,English,Agent_006 (Raj P),I'm having trouble with 2FA — the codes aren't working on my new phone.,Self-service guided,,,,False,True,12,277,,,,,8,,8,Tuesday,Mañana (06-12),False,,True
TKT-01879,2025-02-05 13:09:00,2025-02-07 08:27:00,twitter_dm,Refund / Return,Return request,Medium,Resolved,Very Negative,CloudSync Pro,Professional,North America,Japanese,Agent_003 (Lena K),What's the status of refund request #REF-2276? It's been 8 days.,Pending customer,43.3,1.7,16.8,False,False,4,1427,2025-02-06 05:57:00,16.8,26.499999999999996,43.3,48,1.0,13,Wednesday,Tarde (12-18),False,0.0,False
TKT-01880,2024-06-04 09:52:00,2024-06-04 21:40:00,phone,Complaint,Long wait time,High,Resolved,Negative,CloudSync Pro,Enterprise,North America,German,Agent_004 (Omar F),I've been waiting 2 days for a response. This is unacceptable.,Escalated to engineering,,2.6,,False,False,7,44,,,,,24,,9,Tuesday,Mañana (06-12),False,,True
TKT-01881,2024-07-27 17:59:00,2024-07-29 09:53:00,web_form,Billing,Subscription upgrade,High,Resolved,Very Negative,InvoiceFlow,Enterprise,Europe,French,Agent_005 (Sophie M),Could you send me a detailed invoice for the period Jan–Mar 2024? I need it for tax purposes.,Issue fixed by agent,39.9,1.4,11.9,True,False,5,582,2024-07-28 05:53:00,11.9,28.0,39.9,24,0.0,17,Saturday,Tarde (12-18),False,15.899999999999999,False
TKT-01882,2024-07-09 22:01:00,2024-07-16 16:49:00,web_form,Technical Issue,Data sync issue,Low,Resolved,Very Negative,SecureVault,Enterprise,South Asia,English,Agent_003 (Lena K),The app keeps crashing when I try to export a report. I'm on Windows 11.,Escalated to engineering,162.8,1.4,13.9,False,False,4,823,2024-07-10 11:55:00,13.9,148.9,162.8,72,0.0,22,Tuesday,Noche (18-24),False,90.80000000000001,False
TKT-01883,2024-09-09 15:34:00,2024-09-12 22:46:00,chat,Billing,Payment failure,Medium,Resolved,Very Negative,InvoiceFlow,Professional,Europe,Hindi,Agent_009 (Yuki T),My payment of $171.00 failed but the amount was still deducted from my account.,Issue fixed by agent,79.2,1.5,1.8,False,False,6,1215,2024-09-09 17:22:00,1.8,77.4,79.2,48,0.0,15,Monday,Tarde (12-18),False,31.200000000000003,False
TKT-01884,2024-12-24 22:07:00,2024-12-25 07:43:00,email,Technical Issue,App crash,High,Resolved,Very Negative,InvoiceFlow,Professional,Europe,Hindi,Agent_005 (Sophie M),My data isn't syncing across devices. Last successful sync was 12 days ago.,Refund processed,,1.9,,False,False,3,365,,,,,24,,22,Tuesday,Noche (18-24),False,,True
TKT-01885,2024-10-21 19:46:00,2024-10-24 20:40:00,email,General Inquiry,Partnership,Medium,Resolved,Very Negative,InvoiceFlow,Starter,Europe,German,Agent_005 (Sophie M),Could you explain the difference between the Professional and Enterprise plans?,No action needed,72.9,1.9,14.0,False,False,4,1328,2024-10-22 09:46:00,14.0,58.900000000000006,72.9,48,0.0,19,Monday,Noche (18-24),False,24.900000000000006,False
TKT-01886,2024-01-07 21:03:00,2024-01-11 07:09:00,chat,Delivery / Shipping,Damaged item,Low,Resolved,Negative,TaskBoard,Starter,North America,Spanish,Agent_003 (Lena K),"My order #99690 was supposed to arrive on Jul 23, 2024 but it's still not here.",Issue fixed by agent,82.1,2.6,10.2,False,False,9,1038,2024-01-08 07:15:00,10.2,71.89999999999999,82.1,72,0.0,21,Sunday,Noche (18-24),False,10.099999999999994,False
TKT-01887,2025-01-25 13:57:00,,chat,Technical Issue,Login error,High,In Progress,Positive,SecureVault,Free,Middle East,Hindi,Agent_003 (Lena K),I'm unable to connect an integration since the latest update. Getting error code ERR-626.,Pending customer,,,9.0,False,False,1,1428,2025-01-25 22:57:00,9.0,,,24,,13,Saturday,Tarde (12-18),True,,False
TKT-01888,2025-03-24 21:46:00,2025-03-26 10:10:00,email,Billing,Subscription upgrade,Medium,Resolved,Negative,DataDash,Professional,Europe,Spanish,Agent_005 (Sophie M),"Hi, I was charged $425.99 twice on May 09, 2024. My invoice is INV-8588. Please refund the duplicate.",Issue fixed by agent,36.4,2.7,13.5,False,False,7,1431,2025-03-25 11:16:00,13.5,22.9,36.4,48,1.0,21,Monday,Noche (18-24),False,0.0,False
TKT-01889,2024-11-20 15:30:00,2024-11-27 22:30:00,web_form,Billing,Invoice request,Low,Resolved,Negative,DataDash,Professional,Southeast Asia,Hindi,Agent_006 (Raj P),My payment of $175.49 failed but the amount was still deducted from my account.,No action needed,175.0,2.4,3.2,False,False,8,1051,2024-11-20 18:42:00,3.2,171.8,175.0,72,0.0,15,Wednesday,Tarde (12-18),False,103.0,False
TKT-01890,2024-01-21 15:43:00,2024-01-23 18:31:00,chat,Billing,Payment failure,Low,Resolved,Neutral,SecureVault,Enterprise,Southeast Asia,Hindi,Agent_006 (Raj P),Could you send me a detailed invoice for the period Apr–Jun 2024? I need it for tax purposes.,Self-service guided,50.8,3.5,18.2,False,False,12,1027,2024-01-22 09:55:00,18.2,32.599999999999994,50.8,72,1.0,15,Sunday,Tarde (12-18),False,0.0,False
TKT-01891,2025-02-21 07:04:00,,whatsapp,Technical Issue,Data sync issue,High,Open,Neutral,CloudSync Pro,Professional,Latin America,Hindi,Agent_005 (Sophie M),My data isn't syncing across devices. Last successful sync was 12 days ago.,Self-service guided,,,14.0,False,False,12,1162,2025-02-21 21:04:00,14.0,,,24,,7,Friday,Mañana (06-12),False,,False
TKT-01892,2024-09-06 09:56:00,2024-09-07 04:50:00,web_form,Account Access,Account locked,Medium,Resolved,Negative,CloudSync Pro,Professional,North America,English,Agent_002 (James T),I need to update the email address associated with my account.,,18.9,2.3,6.1,False,False,12,396,2024-09-06 16:02:00,6.1,12.799999999999999,18.9,48,1.0,9,Friday,Mañana (06-12),False,0.0,False
TKT-01893,2024-10-21 07:48:00,2024-10-22 18:24:00,chat,Delivery / Shipping,Damaged item,High,Resolved,Neutral,TaskBoard,Starter,North America,German,Agent_008 (Daniel N),The item I received is damaged. I need a replacement or refund for order #49816.,No action needed,34.6,3.9,2.3,False,False,3,1450,2024-10-21 10:06:00,2.3,32.300000000000004,34.6,24,0.0,7,Monday,Mañana (06-12),False,10.600000000000001,False
TKT-01894,2024-10-30 08:50:00,,phone,Technical Issue,Data sync issue,Medium,Open,Negative,CloudSync Pro,Starter,Africa,French,Agent_006 (Raj P),My data isn't syncing across devices. Last successful sync was 9 days ago.,Refund processed,,,11.7,False,False,6,1169,2024-10-30 20:32:00,11.7,,,48,,8,Wednesday,Mañana (06-12),False,,False
TKT-01895,2024-03-27 14:50:00,2024-03-30 21:44:00,web_form,Feature Request,Export options,Medium,Resolved,Positive,CloudSync Pro,Starter,North America,English,Agent_006 (Raj P),Is there any plan to expose an API for the reporting module?,,78.9,4.4,10.6,False,False,3,16,2024-03-28 01:26:00,10.6,68.30000000000001,78.9,48,0.0,14,Wednesday,Tarde (12-18),False,30.900000000000006,False
TKT-01896,2024-04-13 07:32:00,2024-04-14 03:26:00,web_form,Billing,Invoice request,High,Resolved,Negative,TaskBoard,Professional,Europe,English,Agent_001 (Priya S),"Hi, I was charged $148.00 twice on Jul 11, 2024. My invoice is INV-7677. Please refund the duplicate.",Self-service guided,19.9,2.2,7.0,False,False,12,339,2024-04-13 14:32:00,7.0,12.899999999999999,19.9,24,1.0,7,Saturday,Mañana (06-12),False,0.0,False
TKT-01897,2024-05-19 17:59:00,,web_form,Delivery / Shipping,Missing package,Medium,Open,Positive,CloudSync Pro,Professional,North America,German,Agent_002 (James T),"My order #21117 was supposed to arrive on May 21, 2025 but it's still not here.",Refund processed,,,1.4,False,False,10,1190,2024-05-19 19:23:00,1.4,,,48,,17,Sunday,Tarde (12-18),False,,False
TKT-01898,2024-03-31 16:59:00,,web_form,Technical Issue,Login error,Medium,Open,Very Negative,InvoiceFlow,Starter,South Asia,English,Agent_008 (Daniel N),Performance has been extremely slow on my end. Pages take 20+ seconds to load.,Policy exception granted,,,8.4,False,False,4,234,2024-04-01 01:23:00,8.4,,,48,,16,Sunday,Tarde (12-18),False,,False
TKT-01899,2025-06-18 11:52:00,,phone,Refund / Return,Full refund,Medium,Open,Very Negative,CloudSync Pro,Free,Africa,English,Unassigned,What's the status of refund request #REF-4120? It's been 10 days.,No action needed,,,,False,False,3,1328,,,,,48,,11,Wednesday,Mañana (06-12),False,,False
TKT-01900,2025-04-20 10:56:00,2025-04-23 11:50:00,email,Feature Request,API access,Medium,Resolved,Neutral,DataDash,Professional,South Asia,Japanese,Agent_003 (Lena K),It would be really helpful if SecureVault supported direct integration with HubSpot.,Self-service guided,72.9,3.8,6.0,False,False,5,1291,2025-04-20 16:56:00,6.0,66.9,72.9,48,0.0,10,Sunday,Mañana (06-12),False,24.900000000000006,False
TKT-01901,2024-07-06 08:45:00,,chat,Feature Request,Export options,High,In Progress,Negative,DataDash,Professional,Europe,Hindi,Agent_004 (Omar F),"Can you add an option to export reports in Excel format, not just CSV?",Issue fixed by agent,,,7.7,True,False,6,885,2024-07-06 16:27:00,7.7,,,24,,8,Saturday,Mañana (06-12),False,,False
TKT-01902,2024-07-09 21:35:00,2024-07-11 18:59:00,email,Delivery / Shipping,Tracking issue,Low,Resolved,Neutral,DataDash,Free,South Asia,English,Agent_006 (Raj P),"My order #62456 was supposed to arrive on Mar 20, 2025 but it's still not here.",Refund processed,45.4,3.3,5.9,False,False,6,462,2024-07-10 03:29:00,5.9,39.5,45.4,72,1.0,21,Tuesday,Noche (18-24),False,0.0,False
TKT-01903,2024-02-21 17:44:00,2024-02-24 03:44:00,web_form,Billing,Payment failure,Low,Resolved,Neutral,CloudSync Pro,Professional,South Asia,English,Agent_001 (Priya S),Could you send me a detailed invoice for the period Apr–Jun 2024? I need it for tax purposes.,Escalated to engineering,58.0,3.1,19.6,False,False,12,500,2024-02-22 13:20:00,19.6,38.4,58.0,72,1.0,17,Wednesday,Tarde (12-18),False,0.0,False
TKT-01904,2024-05-23 07:37:00,,whatsapp,Delivery / Shipping,Damaged item,High,In Progress,Very Negative,SecureVault,Enterprise,Southeast Asia,English,Agent_009 (Yuki T),The item I received is damaged. I need a replacement or refund for order #47341.,,,,21.8,False,False,9,485,2024-05-24 05:25:00,21.8,,,24,,7,Thursday,Mañana (06-12),False,,False
TKT-01905,2025-02-24 14:00:00,2025-02-27 21:24:00,phone,Billing,Subscription upgrade,Medium,Resolved,Neutral,DataDash,Free,Middle East,Arabic,Agent_009 (Yuki T),My payment of $426.99 failed but the amount was still deducted from my account.,No action needed,79.4,3.5,22.0,True,False,12,689,2025-02-25 12:00:00,22.0,57.400000000000006,79.4,48,0.0,14,Monday,Tarde (12-18),False,31.400000000000006,False
TKT-01906,2024-03-26 20:57:00,,web_form,Delivery / Shipping,Tracking issue,Medium,Open,Neutral,CloudSync Pro,Professional,Middle East,English,Agent_002 (James T),The item I received is damaged. I need a replacement or refund for order #36543.,,,,2.0,False,False,5,27,2024-03-26 22:57:00,2.0,,,48,,20,Tuesday,Noche (18-24),False,,False
TKT-01907,2024-08-03 17:39:00,2024-08-05 08:15:00,email,Account Access,Account locked,High,Escalated,Negative,DataDash,Starter,Europe,Japanese,Unassigned,My account appears to be locked. I haven't violated any terms.,Pending customer,38.6,,,False,True,7,647,,,,38.6,24,0.0,17,Saturday,Tarde (12-18),False,14.600000000000001,False
TKT-01908,2025-04-15 19:38:00,,chat,General Inquiry,Plan comparison,Medium,In Progress,Positive,DataDash,Starter,Europe,English,Agent_004 (Omar F),Does DataDash integrate with Salesforce?,No action needed,,,8.3,False,False,9,423,2025-04-16 03:56:00,8.3,,,48,,19,Tuesday,Noche (18-24),False,,False
TKT-01909,2025-04-26 20:30:00,2025-04-28 18:06:00,web_form,Complaint,Long wait time,Medium,Resolved,Neutral,CloudSync Pro,Starter,Europe,English,Agent_009 (Yuki T),The agent I spoke to was dismissive and unhelpful. I'd like to escalate.,Issue fixed by agent,45.6,3.6,9.5,False,False,5,783,2025-04-27 06:00:00,9.5,36.1,45.6,48,1.0,20,Saturday,Noche (18-24),False,0.0,False
TKT-01910,2025-01-19 13:42:00,,phone,Technical Issue,Login error,High,Open,Negative,InvoiceFlow,Enterprise,Latin America,English,Agent_008 (Daniel N),Performance has been extremely slow on my end. Pages take 20+ seconds to load.,Issue fixed by agent,,,9.4,False,False,7,858,2025-01-19 23:06:00,9.4,,,24,,13,Sunday,Tarde (12-18),False,,False
TKT-01911,2024-07-18 20:23:00,2024-07-19 07:53:00,email,Account Access,Email change,Critical,Closed,Positive,TaskBoard,Professional,North America,French,Agent_007 (Elena V),I can't log in to my account. The password reset email is not arriving.,Policy exception granted,,4.4,,False,False,3,401,,,,,8,,20,Thursday,Noche (18-24),False,,True
TKT-01912,2024-07-07 20:06:00,2024-07-08 13:42:00,email,Technical Issue,Data sync issue,High,Closed,Negative,DataDash,Starter,Europe,Japanese,Agent_004 (Omar F),The app keeps crashing when I try to export a report. I'm on iOS 17.,Issue fixed by agent,17.6,2.7,8.5,False,False,8,20,2024-07-08 04:36:00,8.5,9.100000000000001,17.6,24,1.0,20,Sunday,Noche (18-24),False,0.0,False
TKT-01913,2025-02-16 12:19:00,2025-02-18 04:07:00,whatsapp,Technical Issue,Data sync issue,High,Closed,Negative,CloudSync Pro,Free,Southeast Asia,Hindi,Agent_004 (Omar F),Performance has been extremely slow on my end. Pages take 20+ seconds to load.,Self-service guided,39.8,2.6,15.8,True,False,5,113,2025-02-17 04:07:00,15.8,23.999999999999996,39.8,24,0.0,12,Sunday,Tarde (12-18),False,15.799999999999997,False
TKT-01914,2025-06-22 18:12:00,2025-06-23 20:30:00,email,Refund / Return,Refund status,High,Resolved,Positive,DataDash,Enterprise,South Asia,Spanish,Agent_004 (Omar F),I'd like to request a full refund for my recent purchase. Order #99121.,Self-service guided,26.3,4.4,17.0,False,False,12,110,2025-06-23 11:12:00,17.0,9.3,26.3,24,0.0,18,Sunday,Noche (18-24),False,2.3000000000000007,False
TKT-01915,2024-09-26 15:21:00,2024-09-28 00:33:00,email,Billing,Subscription upgrade,High,Resolved,Neutral,TaskBoard,Professional,South Asia,Hindi,Agent_002 (James T),"Hi, I was charged $180.99 twice on Mar 24, 2025. My invoice is INV-4313. Please refund the duplicate.",Escalated to engineering,33.2,3.8,8.9,False,False,7,468,2024-09-27 00:15:00,8.9,24.300000000000004,33.2,24,0.0,15,Thursday,Tarde (12-18),False,9.200000000000003,False
TKT-01916,2024-07-20 13:55:00,2024-07-25 10:31:00,whatsapp,Account Access,2FA issue,Low,Resolved,Neutral,CloudSync Pro,Starter,North America,English,Agent_001 (Priya S),I need to update the email address associated with my account.,Self-service guided,116.6,3.3,3.0,False,False,3,1249,2024-07-20 16:55:00,3.0,113.6,116.6,72,0.0,13,Saturday,Tarde (12-18),False,44.599999999999994,False
TKT-01917,2024-11-26 22:19:00,,phone,Billing,Subscription upgrade,High,In Progress,Negative,CloudSync Pro,Starter,Middle East,English,Agent_008 (Daniel N),I noticed an incorrect charge of $424.00 on my last bill. Can you look into invoice INV-9762?,Issue fixed by agent,,,0.9,False,False,6,823,2024-11-26 23:13:00,0.9,,,24,,22,Tuesday,Noche (18-24),False,,False
TKT-01918,2025-01-29 08:35:00,,whatsapp,Technical Issue,Data sync issue,Medium,In Progress,Very Negative,CloudSync Pro,Starter,Middle East,German,Agent_005 (Sophie M),My data isn't syncing across devices. Last successful sync was 12 days ago.,Issue fixed by agent,,,21.1,False,False,7,424,2025-01-30 05:41:00,21.1,,,48,,8,Wednesday,Mañana (06-12),False,,False
TKT-01919,2025-02-12 22:10:00,,web_form,Technical Issue,Feature not working,Low,Open,Negative,TaskBoard,Enterprise,South Asia,English,Agent_002 (James T),Performance has been extremely slow on my end. Pages take 20+ seconds to load.,Issue fixed by agent,,,9.7,False,False,10,704,2025-02-13 07:52:00,9.7,,,72,,22,Wednesday,Noche (18-24),False,,False
TKT-01920,2024-08-16 12:04:00,2024-08-17 22:04:00,email,Delivery / Shipping,Damaged item,High,Resolved,Neutral,SecureVault,Enterprise,Europe,English,Agent_004 (Omar F),I received the wrong item in my package. Order #59614.,Escalated to engineering,34.0,3.9,9.6,False,False,4,112,2024-08-16 21:40:00,9.6,24.4,34.0,24,0.0,12,Friday,Tarde (12-18),False,10.0,False
TKT-01921,2024-12-15 07:33:00,,chat,Complaint,Repeat issue,High,Open,Neutral,SecureVault,Professional,Latin America,English,Unassigned,I've contacted support 4 times about the same issue and it's still unresolved.,Issue fixed by agent,,,,False,False,9,982,,,,,24,,7,Sunday,Mañana (06-12),False,,False
TKT-01922,2024-09-27 14:00:00,,web_form,Feature Request,New integration,Low,In Progress,Positive,TaskBoard,Professional,North America,English,Agent_008 (Daniel N),Is there any plan to expose an API for the reporting module?,Escalated to engineering,,,18.3,False,False,1,60,2024-09-28 08:18:00,18.3,,,72,,14,Friday,Tarde (12-18),True,,False
TKT-01923,2024-11-03 13:43:00,,twitter_dm,Refund / Return,Partial refund,High,Open,Neutral,DataDash,Starter,South Asia,English,Agent_008 (Daniel N),I'd like to request a full refund for my recent purchase. Order #74934.,Refund processed,,,6.3,False,False,8,1336,2024-11-03 20:01:00,6.3,,,24,,13,Sunday,Tarde (12-18),False,,False
TKT-01924,2024-04-20 16:34:00,2024-04-20 19:40:00,email,Feature Request,API access,Critical,Resolved,Positive,TaskBoard,Starter,Europe,English,Agent_005 (Sophie M),A dark mode option would be greatly appreciated for late-night work sessions.,Policy exception granted,3.1,4.8,1.7,False,False,2,787,2024-04-20 18:16:00,1.7,1.4000000000000001,3.1,8,1.0,16,Saturday,Tarde (12-18),False,0.0,False
TKT-01925,2025-02-14 20:12:00,2025-02-18 05:30:00,twitter_dm,Technical Issue,Feature not working,Medium,Resolved,Neutral,SecureVault,Professional,South Asia,Spanish,Agent_007 (Elena V),I'm unable to export a report since the latest update. Getting error code ERR-871.,Issue fixed by agent,81.3,3.3,13.3,False,False,8,438,2025-02-15 09:30:00,13.3,68.0,81.3,48,0.0,20,Friday,Noche (18-24),False,33.3,False
TKT-01926,2025-05-09 16:57:00,,email,Account Access,2FA issue,High,In Progress,Neutral,CloudSync Pro,Professional,South Asia,Hindi,Agent_001 (Priya S),I can't log in to my account. The password reset email is not arriving.,Pending customer,,,22.0,False,False,1,766,2025-05-10 14:57:00,22.0,,,24,,16,Friday,Tarde (12-18),True,,False
TKT-01927,2024-05-11 15:12:00,,twitter_dm,Feature Request,API access,Low,In Progress,Neutral,InvoiceFlow,Starter,North America,English,Agent_005 (Sophie M),A dark mode option would be greatly appreciated for late-night work sessions.,,,,1.8,False,False,8,905,2024-05-11 17:00:00,1.8,,,72,,15,Saturday,Tarde (12-18),False,,False
TKT-01928,2025-02-07 10:05:00,2025-02-12 00:47:00,helpdesk_portal,Account Access,Account deletion,Low,Resolved,Neutral,InvoiceFlow,Free,North America,English,Agent_007 (Elena V),I can't log in to my account. The password reset email is not arriving.,Self-service guided,110.7,3.3,15.4,False,False,5,125,2025-02-08 01:29:00,15.4,95.3,110.7,72,0.0,10,Friday,Mañana (06-12),False,38.7,False
TKT-01929,2024-07-02 22:24:00,2024-07-03 12:30:00,chat,Refund / Return,Return request,Critical,Resolved,Negative,SecureVault,Enterprise,Europe,German,Agent_006 (Raj P),What's the status of refund request #REF-6024? It's been 7 days.,Policy exception granted,,3.0,,False,False,4,1001,,,,,8,,22,Tuesday,Noche (18-24),False,,True
TKT-01930,2024-05-29 07:33:00,2024-05-30 01:03:00,chat,Billing,Invoice request,High,Resolved,Very Negative,TaskBoard,Professional,South Asia,English,Agent_006 (Raj P),I noticed an incorrect charge of $187.99 on my last bill. Can you look into invoice INV-3093?,Issue fixed by agent,17.5,1.6,10.5,False,False,1,642,2024-05-29 18:03:00,10.5,7.0,17.5,24,1.0,7,Wednesday,Mañana (06-12),True,0.0,False
TKT-01931,2024-05-09 11:22:00,,chat,Billing,Invoice request,High,Open,Negative,InvoiceFlow,Enterprise,Europe,German,Agent_002 (James T),I noticed an incorrect charge of $134.49 on my last bill. Can you look into invoice INV-8554?,,,,22.0,False,False,11,862,2024-05-10 09:22:00,22.0,,,24,,11,Thursday,Mañana (06-12),False,,False
TKT-01932,2025-01-08 22:49:00,2025-01-16 06:37:00,phone,Delivery / Shipping,Wrong item,Low,Escalated,Neutral,DataDash,Free,North America,Japanese,Agent_009 (Yuki T),I received the wrong item in my package. Order #55933.,,175.8,,16.5,False,True,8,1120,2025-01-09 15:19:00,16.5,159.3,175.8,72,0.0,22,Wednesday,Noche (18-24),False,103.80000000000001,False
TKT-01933,2024-07-29 21:33:00,2024-07-31 10:45:00,helpdesk_portal,Billing,Subscription upgrade,Medium,Closed,Very Negative,DataDash,Professional,North America,Hindi,Agent_009 (Yuki T),Could you send me a detailed invoice for the period Jan–Mar 2024? I need it for tax purposes.,Issue fixed by agent,37.2,1.9,17.0,True,False,10,597,2024-07-30 14:33:00,17.0,20.200000000000003,37.2,48,1.0,21,Monday,Noche (18-24),False,0.0,False
TKT-01934,2024-03-05 16:27:00,2024-03-08 23:27:00,phone,Billing,Subscription upgrade,Medium,Resolved,Very Negative,TaskBoard,Free,North America,Japanese,Agent_009 (Yuki T),"Hi, I was charged $32.00 twice on Apr 15, 2025. My invoice is INV-5807. Please refund the duplicate.",Policy exception granted,79.0,1.9,2.7,False,False,5,967,2024-03-05 19:09:00,2.7,76.3,79.0,48,0.0,16,Tuesday,Tarde (12-18),False,31.0,False
TKT-01935,2025-02-01 12:57:00,2025-02-04 10:39:00,web_form,Billing,Incorrect amount,Low,Resolved,Neutral,TaskBoard,Enterprise,Africa,Japanese,Unassigned,"Hi, I was charged $53.00 twice on Oct 23, 2024. My invoice is INV-3317. Please refund the duplicate.",Issue fixed by agent,69.7,4.0,,False,False,2,167,,,,69.7,72,1.0,12,Saturday,Tarde (12-18),False,0.0,False
TKT-01936,2024-09-12 22:58:00,2024-09-19 18:40:00,email,Account Access,2FA issue,Low,Resolved,Negative,InvoiceFlow,Professional,North America,English,Agent_005 (Sophie M),I need to update the email address associated with my account.,Escalated to engineering,163.7,2.1,18.3,False,False,3,1318,2024-09-13 17:16:00,18.3,145.39999999999998,163.7,72,0.0,22,Thursday,Noche (18-24),False,91.69999999999999,False
TKT-01937,2024-10-15 07:51:00,2024-10-18 20:33:00,whatsapp,Delivery / Shipping,Damaged item,Medium,Closed,Negative,DataDash,Starter,North America,English,Agent_009 (Yuki T),The tracking for order #14484 hasn't updated in 11 days.,Issue fixed by agent,84.7,2.6,22.8,False,False,2,26,2024-10-16 06:39:00,22.8,61.900000000000006,84.7,48,0.0,7,Tuesday,Mañana (06-12),False,36.7,False
TKT-01938,2024-11-16 16:21:00,2024-11-17 16:15:00,web_form,Delivery / Shipping,Damaged item,High,Resolved,Negative,DataDash,Professional,Europe,French,Agent_009 (Yuki T),I received the wrong item in my package. Order #36361.,Issue fixed by agent,23.9,2.3,6.6,False,False,12,247,2024-11-16 22:57:00,6.6,17.299999999999997,23.9,24,1.0,16,Saturday,Tarde (12-18),False,0.0,False
TKT-01939,2024-04-08 11:22:00,2024-04-14 06:52:00,email,Billing,Subscription upgrade,Low,Resolved,Very Negative,CloudSync Pro,Professional,South Asia,Hindi,Agent_009 (Yuki T),My payment of $125.49 failed but the amount was still deducted from my account.,Issue fixed by agent,139.5,1.0,5.0,False,False,5,1136,2024-04-08 16:22:00,5.0,134.5,139.5,72,0.0,11,Monday,Mañana (06-12),False,67.5,False
TKT-01940,2024-09-06 10:34:00,,email,Feature Request,New integration,High,In Progress,Negative,TaskBoard,Starter,Africa,English,Agent_001 (Priya S),A dark mode option would be greatly appreciated for late-night work sessions.,Escalated to engineering,,,9.9,True,False,6,860,2024-09-06 20:28:00,9.9,,,24,,10,Friday,Mañana (06-12),False,,False
TKT-01941,2025-01-07 14:28:00,,email,Feature Request,Export options,Critical,Open,Negative,DataDash,Starter,North America,Spanish,Agent_001 (Priya S),It would be really helpful if CloudSync Pro supported direct integration with Slack.,No action needed,,,17.7,False,False,12,132,2025-01-08 08:10:00,17.7,,,8,,14,Tuesday,Tarde (12-18),False,,False
TKT-01942,2025-04-11 15:54:00,2025-04-13 19:00:00,helpdesk_portal,Account Access,Account deletion,Low,Resolved,Neutral,InvoiceFlow,Starter,South Asia,Spanish,Unassigned,I need to update the email address associated with my account.,Issue fixed by agent,51.1,3.8,,False,False,7,1332,,,,51.1,72,1.0,15,Friday,Tarde (12-18),False,0.0,False
TKT-01943,2024-10-26 19:11:00,,helpdesk_portal,Billing,Duplicate charge,Medium,Open,Negative,TaskBoard,Free,Middle East,English,Agent_002 (James T),Could you send me a detailed invoice for the period Apr–Jun 2024? I need it for tax purposes.,Issue fixed by agent,,,14.4,False,False,9,1408,2024-10-27 09:35:00,14.4,,,48,,19,Saturday,Noche (18-24),False,,False
TKT-01944,2024-06-22 20:20:00,2024-06-25 12:32:00,email,Billing,Subscription upgrade,Medium,Closed,Very Negative,TaskBoard,Professional,Middle East,English,Agent_001 (Priya S),"Hi, I was charged $363.49 twice on Apr 18, 2025. My invoice is INV-3860. Please refund the duplicate.",Pending customer,64.2,1.1,0.5,False,False,3,671,2024-06-22 20:50:00,0.5,63.7,64.2,48,0.0,20,Saturday,Noche (18-24),False,16.200000000000003,False
TKT-01945,2024-03-03 09:40:00,,email,Billing,Incorrect amount,Low,Open,Positive,InvoiceFlow,Enterprise,Africa,English,Agent_002 (James T),I noticed an incorrect charge of $49.00 on my last bill. Can you look into invoice INV-4257?,Refund processed,,,8.0,False,False,1,713,2024-03-03 17:40:00,8.0,,,72,,9,Sunday,Mañana (06-12),True,,False
TKT-01946,2024-03-05 17:01:00,,whatsapp,Delivery / Shipping,Damaged item,Low,Open,Very Negative,InvoiceFlow,Free,Southeast Asia,English,Agent_004 (Omar F),"My order #78327 was supposed to arrive on Dec 17, 2024 but it's still not here.",Issue fixed by agent,,,11.3,True,False,10,113,2024-03-06 04:19:00,11.3,,,72,,17,Tuesday,Tarde (12-18),False,,False
TKT-01947,2025-01-13 10:19:00,2025-01-15 15:55:00,phone,Feature Request,API access,Low,Resolved,Positive,CloudSync Pro,Starter,South Asia,Japanese,Agent_006 (Raj P),It would be really helpful if SecureVault supported direct integration with HubSpot.,Issue fixed by agent,53.6,4.8,11.3,False,False,7,379,2025-01-13 21:37:00,11.3,42.3,53.6,72,1.0,10,Monday,Mañana (06-12),False,0.0,False
TKT-01948,2024-01-14 09:57:00,2024-01-15 09:27:00,email,Technical Issue,Login error,High,Resolved,Negative,CloudSync Pro,Starter,North America,German,Agent_007 (Elena V),Performance has been extremely slow on my end. Pages take 20+ seconds to load.,Self-service guided,23.5,2.4,11.5,False,False,1,907,2024-01-14 21:27:00,11.5,12.0,23.5,24,1.0,9,Sunday,Mañana (06-12),True,0.0,False
TKT-01949,2024-10-18 12:49:00,2024-10-21 13:37:00,email,Refund / Return,Partial refund,Medium,Closed,Negative,SecureVault,Starter,Latin America,Spanish,Agent_004 (Omar F),I'd like to request a full refund for my recent purchase. Order #12773.,Policy exception granted,72.8,2.9,15.7,False,False,2,879,2024-10-19 04:31:00,15.7,57.099999999999994,72.8,48,0.0,12,Friday,Tarde (12-18),False,24.799999999999997,False
TKT-01950,2024-11-09 14:48:00,,chat,Feature Request,Dark mode,Low,In Progress,Negative,InvoiceFlow,Free,Europe,Japanese,Agent_001 (Priya S),A dark mode option would be greatly appreciated for late-night work sessions.,Issue fixed by agent,,,17.2,False,False,4,387,2024-11-10 08:00:00,17.2,,,72,,14,Saturday,Tarde (12-18),False,,False
TKT-01951,2025-04-27 21:05:00,2025-04-28 11:11:00,whatsapp,Technical Issue,Data sync issue,High,Resolved,Negative,CloudSync Pro,Enterprise,Africa,Spanish,Agent_006 (Raj P),My data isn't syncing across devices. Last successful sync was 5 days ago.,Self-service guided,,2.7,,False,False,9,1313,,,,,24,,21,Sunday,Noche (18-24),False,,True
TKT-01952,2024-02-23 07:54:00,,email,Refund / Return,Refund status,Low,Open,Very Negative,CloudSync Pro,Enterprise,Southeast Asia,English,Agent_003 (Lena K),I was overcharged and would like a partial refund for the difference.,No action needed,,,19.6,False,False,12,321,2024-02-24 03:30:00,19.6,,,72,,7,Friday,Mañana (06-12),False,,False
TKT-01953,2024-10-01 10:26:00,2024-10-05 02:08:00,web_form,Refund / Return,Full refund,Medium,Resolved,Very Negative,DataDash,Free,South Asia,English,Agent_001 (Priya S),What's the status of refund request #REF-1918? It's been 2 days.,Issue fixed by agent,87.7,1.7,3.9,False,False,9,876,2024-10-01 14:20:00,3.9,83.8,87.7,48,0.0,10,Tuesday,Mañana (06-12),False,39.7,False
TKT-01954,2024-10-04 22:07:00,2024-10-11 13:13:00,helpdesk_portal,Technical Issue,Feature not working,Low,Closed,Negative,DataDash,Free,North America,Japanese,Agent_007 (Elena V),Performance has been extremely slow on my end. Pages take 20+ seconds to load.,Escalated to engineering,159.1,2.4,3.6,True,False,3,71,2024-10-05 01:43:00,3.6,155.5,159.1,72,0.0,22,Friday,Noche (18-24),False,87.1,False
TKT-01955,2025-04-28 18:45:00,2025-04-29 07:27:00,email,Billing,Payment failure,Critical,Closed,Very Negative,TaskBoard,Enterprise,Europe,French,Agent_007 (Elena V),Could you send me a detailed invoice for the period Oct–Dec 2024? I need it for tax purposes.,Self-service guided,,1.4,,False,False,12,1318,,,,,8,,18,Monday,Noche (18-24),False,,True
TKT-01956,2025-05-20 13:05:00,2025-05-28 00:29:00,email,Delivery / Shipping,Damaged item,Low,Closed,Negative,InvoiceFlow,Starter,North America,Arabic,Unassigned,The tracking for order #76486 hasn't updated in 8 days.,Refund processed,179.4,2.8,,False,False,1,863,,,,179.4,72,0.0,13,Tuesday,Tarde (12-18),True,107.4,False
TKT-01957,2025-05-05 12:53:00,2025-05-06 23:41:00,whatsapp,Billing,Invoice request,High,Escalated,Positive,DataDash,Starter,North America,Hindi,Agent_006 (Raj P),My payment of $491.00 failed but the amount was still deducted from my account.,No action needed,34.8,,14.3,False,True,1,1047,2025-05-06 03:11:00,14.3,20.499999999999996,34.8,24,0.0,12,Monday,Tarde (12-18),True,10.799999999999997,False
TKT-01958,2025-03-10 13:10:00,2025-03-12 09:58:00,email,Account Access,Email change,Low,Resolved,Neutral,TaskBoard,Professional,North America,English,Agent_007 (Elena V),My account appears to be locked. I haven't violated any terms.,Issue fixed by agent,44.8,3.6,3.3,False,False,8,835,2025-03-10 16:28:00,3.3,41.5,44.8,72,1.0,13,Monday,Tarde (12-18),False,0.0,False
TKT-01959,2025-03-14 11:16:00,2025-03-16 07:28:00,email,Billing,Duplicate charge,Medium,Resolved,Negative,InvoiceFlow,Professional,Europe,English,Agent_001 (Priya S),"Hi, I was charged $472.49 twice on May 19, 2025. My invoice is INV-2740. Please refund the duplicate.",Refund processed,44.2,2.4,20.2,False,False,6,855,2025-03-15 07:28:00,20.2,24.000000000000004,44.2,48,1.0,11,Friday,Mañana (06-12),False,0.0,False
TKT-01960,2025-03-10 16:23:00,2025-03-14 16:11:00,email,Technical Issue,App crash,Low,Resolved,Neutral,TaskBoard,Professional,South Asia,English,Agent_006 (Raj P),I'm unable to connect an integration since the latest update. Getting error code ERR-176.,Self-service guided,95.8,3.7,23.0,False,False,12,1273,2025-03-11 15:23:00,23.0,72.8,95.8,72,0.0,16,Monday,Tarde (12-18),False,23.799999999999997,False
TKT-01961,2025-05-12 12:11:00,2025-05-15 13:53:00,email,Billing,Invoice request,Medium,Closed,Negative,TaskBoard,Enterprise,Middle East,Spanish,Agent_002 (James T),"Hi, I was charged $399.99 twice on Mar 19, 2024. My invoice is INV-4528. Please refund the duplicate.",Self-service guided,73.7,2.6,11.9,False,False,8,986,2025-05-13 00:05:00,11.9,61.800000000000004,73.7,48,0.0,12,Monday,Tarde (12-18),False,25.700000000000003,False
TKT-01962,2025-03-21 15:30:00,2025-03-22 20:48:00,chat,Technical Issue,Feature not working,Medium,Resolved,Neutral,DataDash,Professional,Latin America,Arabic,Agent_003 (Lena K),My data isn't syncing across devices. Last successful sync was 9 days ago.,No action needed,29.3,3.3,15.5,False,False,10,776,2025-03-22 07:00:00,15.5,13.8,29.3,48,1.0,15,Friday,Tarde (12-18),False,0.0,False
TKT-01963,2024-10-04 22:07:00,,phone,Billing,Incorrect amount,High,Open,Neutral,CloudSync Pro,Professional,North America,Japanese,Agent_009 (Yuki T),"Hi, I was charged $23.49 twice on Aug 25, 2024. My invoice is INV-2444. Please refund the duplicate.",Escalated to engineering,,,14.9,False,False,11,897,2024-10-05 13:01:00,14.9,,,24,,22,Friday,Noche (18-24),False,,False
TKT-01964,2024-02-22 18:32:00,,email,Technical Issue,Data sync issue,Medium,In Progress,Neutral,InvoiceFlow,Starter,South Asia,English,Unassigned,Performance has been extremely slow on my end. Pages take 20+ seconds to load.,Refund processed,,,,False,False,12,553,,,,,48,,18,Thursday,Noche (18-24),False,,False
TKT-01965,2024-09-08 22:54:00,,chat,Technical Issue,App crash,Low,Open,Positive,DataDash,Professional,North America,English,Agent_001 (Priya S),My data isn't syncing across devices. Last successful sync was 8 days ago.,Escalated to engineering,,,9.4,False,False,6,1260,2024-09-09 08:18:00,9.4,,,72,,22,Sunday,Noche (18-24),False,,False
TKT-01966,2024-11-29 21:35:00,,chat,Billing,Duplicate charge,Low,In Progress,Neutral,DataDash,Free,Southeast Asia,English,Agent_003 (Lena K),My payment of $52.00 failed but the amount was still deducted from my account.,Escalated to engineering,,,20.2,False,False,2,316,2024-11-30 17:47:00,20.2,,,72,,21,Friday,Noche (18-24),False,,False
TKT-01967,2024-05-26 19:10:00,2024-05-29 03:46:00,web_form,Refund / Return,Return request,Medium,Closed,Neutral,InvoiceFlow,Starter,Latin America,English,Agent_008 (Daniel N),I was overcharged and would like a partial refund for the difference.,Issue fixed by agent,56.6,3.3,11.6,False,False,3,868,2024-05-27 06:46:00,11.6,45.0,56.6,48,0.0,19,Sunday,Noche (18-24),False,8.600000000000001,False
TKT-01968,2024-08-10 12:08:00,,whatsapp,Technical Issue,Login error,Medium,In Progress,Negative,CloudSync Pro,Starter,Europe,English,Agent_009 (Yuki T),My data isn't syncing across devices. Last successful sync was 6 days ago.,Escalated to engineering,,,17.6,False,False,2,1177,2024-08-11 05:44:00,17.6,,,48,,12,Saturday,Tarde (12-18),False,,False
TKT-01969,2025-05-19 18:10:00,2025-05-19 22:46:00,email,Delivery / Shipping,Missing package,Critical,Closed,Neutral,InvoiceFlow,Enterprise,North America,English,Agent_002 (James T),I received the wrong item in my package. Order #90085.,No action needed,,3.4,,False,False,5,716,,,,,8,,18,Monday,Noche (18-24),False,,True
TKT-01970,2024-07-11 12:50:00,2024-07-12 04:14:00,phone,Technical Issue,Performance slow,High,Resolved,Negative,TaskBoard,Enterprise,North America,English,Agent_002 (James T),I'm unable to export a report since the latest update. Getting error code ERR-654.,Issue fixed by agent,,2.1,,False,False,4,234,,,,,24,,12,Thursday,Tarde (12-18),False,,True
TKT-01971,2025-05-05 09:23:00,2025-05-06 13:17:00,chat,Billing,Duplicate charge,High,Closed,Neutral,InvoiceFlow,Starter,South Asia,English,Agent_004 (Omar F),I noticed an incorrect charge of $470.00 on my last bill. Can you look into invoice INV-4806?,Issue fixed by agent,27.9,3.3,13.3,False,False,1,1448,2025-05-05 22:41:00,13.3,14.599999999999998,27.9,24,0.0,9,Monday,Mañana (06-12),True,3.8999999999999986,False
TKT-01972,2025-04-11 14:52:00,2025-04-12 16:10:00,phone,Delivery / Shipping,Wrong item,High,Closed,Positive,DataDash,Free,Middle East,French,Agent_002 (James T),I received the wrong item in my package. Order #91873.,Issue fixed by agent,25.3,4.5,13.0,False,False,10,1251,2025-04-12 03:52:00,13.0,12.3,25.3,24,0.0,14,Friday,Tarde (12-18),False,1.3000000000000007,False
TKT-01973,2024-05-11 16:37:00,2024-05-14 09:25:00,chat,Account Access,Account deletion,Medium,Resolved,Very Negative,CloudSync Pro,Professional,North America,Spanish,Agent_001 (Priya S),My account appears to be locked. I haven't violated any terms.,,64.8,1.2,16.5,False,False,12,168,2024-05-12 09:07:00,16.5,48.3,64.8,48,0.0,16,Saturday,Tarde (12-18),False,16.799999999999997,False
TKT-01974,2024-03-13 10:42:00,2024-03-14 12:36:00,email,Refund / Return,Refund status,High,Closed,Very Negative,TaskBoard,Starter,Southeast Asia,French,Agent_004 (Omar F),I want to return an item from order #53676 — it doesn't meet my needs.,Pending customer,25.9,1.6,18.7,False,False,10,968,2024-03-14 05:24:00,18.7,7.199999999999999,25.9,24,0.0,10,Wednesday,Mañana (06-12),False,1.8999999999999986,False
TKT-01975,2025-06-28 16:54:00,2025-07-02 06:12:00,email,Account Access,Account locked,Medium,Resolved,Positive,CloudSync Pro,Starter,Europe,English,Agent_001 (Priya S),I can't log in to my account. The password reset email is not arriving.,Refund processed,85.3,4.8,15.0,True,False,12,558,2025-06-29 07:54:00,15.0,70.3,85.3,48,0.0,16,Saturday,Tarde (12-18),False,37.3,False
TKT-01976,2024-07-30 12:04:00,,email,Billing,Incorrect amount,High,In Progress,Very Negative,DataDash,Professional,Europe,Japanese,Agent_009 (Yuki T),"Hi, I was charged $25.00 twice on Jan 05, 2025. My invoice is INV-2631. Please refund the duplicate.",Issue fixed by agent,,,16.3,False,False,11,1311,2024-07-31 04:22:00,16.3,,,24,,12,Tuesday,Tarde (12-18),False,,False
TKT-01977,2024-11-13 17:12:00,2024-11-15 16:12:00,chat,Billing,Payment failure,Low,Closed,Negative,DataDash,Enterprise,South Asia,Spanish,Agent_001 (Priya S),I noticed an incorrect charge of $73.00 on my last bill. Can you look into invoice INV-6358?,Issue fixed by agent,47.0,2.5,9.1,False,False,4,261,2024-11-14 02:18:00,9.1,37.9,47.0,72,1.0,17,Wednesday,Tarde (12-18),False,0.0,False
TKT-01978,2024-10-20 13:26:00,,phone,Complaint,Long wait time,Medium,Open,Very Negative,InvoiceFlow,Enterprise,Africa,English,Agent_001 (Priya S),I've been waiting 2 days for a response. This is unacceptable.,Policy exception granted,,,20.2,False,False,8,763,2024-10-21 09:38:00,20.2,,,48,,13,Sunday,Tarde (12-18),False,,False
TKT-01979,2024-11-25 21:35:00,2024-11-28 04:59:00,helpdesk_portal,Account Access,Account locked,Medium,Resolved,Negative,DataDash,Enterprise,North America,Hindi,Agent_005 (Sophie M),My account appears to be locked. I haven't violated any terms.,Issue fixed by agent,55.4,2.4,1.9,False,False,11,563,2024-11-25 23:29:00,1.9,53.5,55.4,48,0.0,21,Monday,Noche (18-24),False,7.399999999999999,False
TKT-01980,2024-06-03 18:07:00,2024-06-08 04:07:00,chat,Complaint,Rude agent,Low,Resolved,Very Negative,TaskBoard,Professional,Southeast Asia,English,Agent_007 (Elena V),The agent I spoke to was dismissive and unhelpful. I'd like to escalate.,Issue fixed by agent,106.0,1.3,10.4,False,False,3,804,2024-06-04 04:31:00,10.4,95.6,106.0,72,0.0,18,Monday,Noche (18-24),False,34.0,False
TKT-01981,2025-03-13 10:09:00,2025-03-14 03:09:00,helpdesk_portal,Feature Request,API access,High,Closed,Negative,DataDash,Free,South Asia,English,Agent_009 (Yuki T),A dark mode option would be greatly appreciated for late-night work sessions.,Escalated to engineering,17.0,2.6,3.9,False,False,8,1431,2025-03-13 14:03:00,3.9,13.1,17.0,24,1.0,10,Thursday,Mañana (06-12),False,0.0,False
TKT-01982,2024-06-24 08:03:00,2024-06-25 09:57:00,chat,Technical Issue,Feature not working,Medium,Escalated,Very Negative,InvoiceFlow,Starter,Europe,English,Agent_003 (Lena K),My data isn't syncing across devices. Last successful sync was 12 days ago.,No action needed,25.9,,18.0,False,True,6,325,2024-06-25 02:03:00,18.0,7.899999999999999,25.9,48,1.0,8,Monday,Mañana (06-12),False,0.0,False
TKT-01983,2024-02-18 11:46:00,2024-02-21 11:34:00,chat,Billing,Incorrect amount,Medium,Resolved,Positive,TaskBoard,Starter,Europe,Hindi,Agent_002 (James T),"Hi, I was charged $142.00 twice on Jul 24, 2024. My invoice is INV-1798. Please refund the duplicate.",Issue fixed by agent,71.8,4.2,12.1,False,False,10,1254,2024-02-18 23:52:00,12.1,59.699999999999996,71.8,48,0.0,11,Sunday,Mañana (06-12),False,23.799999999999997,False
TKT-01984,2024-02-25 20:24:00,2024-02-27 22:48:00,chat,Technical Issue,Feature not working,Medium,Resolved,Very Negative,CloudSync Pro,Free,North America,English,Agent_005 (Sophie M),Performance has been extremely slow on my end. Pages take 20+ seconds to load.,Issue fixed by agent,50.4,1.9,20.2,False,False,5,337,2024-02-26 16:36:00,20.2,30.2,50.4,48,0.0,20,Sunday,Noche (18-24),False,2.3999999999999986,False
TKT-01985,2025-06-26 17:17:00,2025-07-03 16:41:00,web_form,Delivery / Shipping,Late delivery,Low,Resolved,Neutral,CloudSync Pro,Enterprise,Europe,English,Agent_001 (Priya S),The tracking for order #34404 hasn't updated in 5 days.,Issue fixed by agent,167.4,3.8,22.7,False,False,11,439,2025-06-27 15:59:00,22.7,144.70000000000002,167.4,72,0.0,17,Thursday,Tarde (12-18),False,95.4,False
TKT-01986,2025-02-09 20:52:00,,email,Account Access,Account deletion,Critical,In Progress,Neutral,SecureVault,Professional,North America,English,Agent_004 (Omar F),I can't log in to my account. The password reset email is not arriving.,Self-service guided,,,1.2,False,False,4,133,2025-02-09 22:04:00,1.2,,,8,,20,Sunday,Noche (18-24),False,,False
TKT-01987,2025-03-25 11:26:00,2025-03-30 21:56:00,web_form,Feature Request,Export options,Low,Escalated,Very Negative,CloudSync Pro,Free,Southeast Asia,English,Agent_006 (Raj P),A dark mode option would be greatly appreciated for late-night work sessions.,Issue fixed by agent,130.5,,0.7,False,True,5,28,2025-03-25 12:08:00,0.7,129.8,130.5,72,0.0,11,Tuesday,Mañana (06-12),False,58.5,False
TKT-01988,2024-10-25 17:50:00,2024-11-01 00:32:00,email,Feature Request,Dark mode,Low,Closed,Very Negative,CloudSync Pro,Starter,Europe,Arabic,Agent_002 (James T),It would be really helpful if SecureVault supported direct integration with HubSpot.,Self-service guided,150.7,1.6,6.6,False,False,6,324,2024-10-26 00:26:00,6.6,144.1,150.7,72,0.0,17,Friday,Tarde (12-18),False,78.69999999999999,False
TKT-01989,2024-09-15 10:28:00,2024-09-18 03:34:00,web_form,Feature Request,Dark mode,Medium,Escalated,Neutral,InvoiceFlow,Starter,Europe,English,Agent_005 (Sophie M),It would be really helpful if SecureVault supported direct integration with Slack.,No action needed,65.1,,6.4,False,True,12,897,2024-09-15 16:52:00,6.4,58.699999999999996,65.1,48,0.0,10,Sunday,Mañana (06-12),False,17.099999999999994,False
TKT-01990,2024-04-25 21:39:00,2024-04-27 23:45:00,helpdesk_portal,Billing,Invoice request,Medium,Resolved,Very Negative,InvoiceFlow,Free,Middle East,English,Agent_007 (Elena V),My payment of $412.99 failed but the amount was still deducted from my account.,Issue fixed by agent,50.1,1.4,3.3,False,False,10,711,2024-04-26 00:57:00,3.3,46.800000000000004,50.1,48,0.0,21,Thursday,Noche (18-24),False,2.1000000000000014,False
TKT-01991,2024-10-08 12:58:00,2024-10-09 01:52:00,email,Billing,Subscription upgrade,High,Closed,Positive,TaskBoard,Professional,South Asia,Arabic,Agent_008 (Daniel N),My payment of $260.49 failed but the amount was still deducted from my account.,No action needed,12.9,4.6,6.5,False,False,6,1405,2024-10-08 19:28:00,6.5,6.4,12.9,24,1.0,12,Tuesday,Tarde (12-18),False,0.0,False
TKT-01992,2024-05-17 10:11:00,2024-05-22 14:05:00,email,Account Access,2FA issue,Low,Resolved,Positive,CloudSync Pro,Enterprise,Southeast Asia,English,Agent_001 (Priya S),I'm having trouble with 2FA — the codes aren't working on my new phone.,Issue fixed by agent,123.9,4.0,12.3,False,False,3,1278,2024-05-17 22:29:00,12.3,111.60000000000001,123.9,72,0.0,10,Friday,Mañana (06-12),False,51.900000000000006,False
TKT-01993,2024-11-14 12:54:00,2024-11-15 04:06:00,email,Technical Issue,App crash,High,Escalated,Neutral,InvoiceFlow,Starter,South Asia,Japanese,Agent_002 (James T),Performance has been extremely slow on my end. Pages take 20+ seconds to load.,Policy exception granted,,,,False,True,5,501,,,,,24,,12,Thursday,Tarde (12-18),False,,True
TKT-01994,2025-06-06 15:12:00,2025-06-08 14:12:00,web_form,Delivery / Shipping,Tracking issue,Low,Resolved,Negative,InvoiceFlow,Enterprise,Africa,Hindi,Agent_005 (Sophie M),The item I received is damaged. I need a replacement or refund for order #10800.,Escalated to engineering,47.0,2.8,2.5,False,False,8,125,2025-06-06 17:42:00,2.5,44.5,47.0,72,1.0,15,Friday,Tarde (12-18),False,0.0,False
TKT-01995,2025-06-06 07:05:00,2025-06-09 08:59:00,helpdesk_portal,General Inquiry,Partnership,Medium,Closed,Very Negative,InvoiceFlow,Professional,North America,English,Agent_001 (Priya S),Could you explain the difference between the Professional and Enterprise plans?,Issue fixed by agent,73.9,1.5,19.9,False,False,1,883,2025-06-07 02:59:00,19.9,54.00000000000001,73.9,48,0.0,7,Friday,Mañana (06-12),True,25.900000000000006,False
TKT-01996,2025-05-19 09:26:00,2025-05-19 19:38:00,twitter_dm,Technical Issue,Login error,High,Resolved,Negative,DataDash,Starter,Africa,Japanese,Agent_001 (Priya S),My data isn't syncing across devices. Last successful sync was 12 days ago.,Issue fixed by agent,10.2,2.6,2.8,False,False,12,353,2025-05-19 12:14:00,2.8,7.3999999999999995,10.2,24,1.0,9,Monday,Mañana (06-12),False,0.0,False
TKT-01997,2024-09-29 20:51:00,,chat,Feature Request,Dark mode,Low,In Progress,Negative,SecureVault,Free,North America,Japanese,Agent_006 (Raj P),Is there any plan to expose an API for the reporting module?,Issue fixed by agent,,,20.3,False,False,8,473,2024-09-30 17:09:00,20.3,,,72,,20,Sunday,Noche (18-24),False,,False
TKT-01998,2024-02-13 13:16:00,2024-02-13 23:28:00,whatsapp,Account Access,Account locked,High,Resolved,Negative,InvoiceFlow,Enterprise,Middle East,Japanese,Agent_003 (Lena K),I need to update the email address associated with my account.,Issue fixed by agent,10.2,2.4,4.7,False,False,4,248,2024-02-13 17:58:00,4.7,5.499999999999999,10.2,24,1.0,13,Tuesday,Tarde (12-18),False,0.0,False
TKT-01999,2024-10-06 20:06:00,2024-10-09 15:30:00,email,Billing,Duplicate charge,Low,Resolved,Negative,CloudSync Pro,Enterprise,South Asia,French,Agent_006 (Raj P),"Hi, I was charged $5.00 twice on Nov 30, 2024. My invoice is INV-9517. Please refund the duplicate.",Issue fixed by agent,67.4,2.1,16.5,False,False,11,1189,2024-10-07 12:36:00,16.5,50.900000000000006,67.4,72,1.0,20,Sunday,Noche (18-24),False,0.0,False
TKT-02000,2024-04-26 20:24:00,2024-04-28 02:54:00,email,Technical Issue,Login error,Medium,Closed,Negative,DataDash,Starter,South Asia,German,Agent_008 (Daniel N),The app keeps crashing when I try to export a report. I'm on macOS Sonoma.,Refund processed,30.5,2.3,16.7,False,False,12,26,2024-04-27 13:06:00,16.7,13.8,30.5,48,1.0,20,Friday,Noche (18-24),False,0.0,False
